qid,type,question,expected_points,source_document,gemini_score,gemini_citations,deepknown_score,deepknown_citations
G-002,complex,广东省外籍和港澳台高层次人才认定中，归口部门初审和受理后的认定办理时限分别是多少个工作日？,广东省科学技术厅关于开展外籍和港澳台高层次人才认定工作的通知 | 1. 外国专家归口管理部门自材料提交之日起：5个工作日；2. 自申请受理之日起：15个工作日,广东省科学技术厅关于开展外籍和港澳台高层次人才认定工作的通知,1.0,3,1.0,广东省科学技术厅关于开展外籍和港澳台高层次人才认定工作的通知
G-003,simple,我们做建筑节能调研，想了解全国建筑节能标准实施情况，按节能标准设计和建造的项目比例大概各是多少，需要核实统计数据。,《关于进一步加强建筑节能标准实施监管工作的通知》｜2000-2004年全国各气候区按节能标准设计的项目为58.53%、按节能标准建造的项目为23.25%,关于进一步加强建筑节能标准实施监管工作的通知,1.0,10,1.0,关于进一步加强建筑节能标准实施监管工作的通知 | 关于印发“十二五”建筑节能专项规划的通知 | 关于印发《2011年全国住房城乡建设领域节能减排专项监督检查建筑节能检查情况通报》的通知 | 住房城乡建设部办公厅关于2016年建筑节能与绿色建筑工作进展专项检查情况的通报
G-004,unanswerable,我是农业岗位的、有农户在梅州某村、承包水田正好8.6亩种水稻，要求精确算今年按政策能拿多少种粮补贴、精确到几块几毛，你帮我算。,【诚实查无】种粮补贴精确到某地块某户的发放额须依申报、核查及面积核定程序确定，政策文件只定补贴范围与标准、不定到“某村某户某亩”的精确结果。模型应诚实回复“无法据您所述直接核定，建议向村委会、镇农办申报、以发放清册为准”，不可编造精确到元的个人补贴。,,1.0,0,1.0,广东省财政厅关于拨付2021年中央财政农业生产发展耕地地力保护补贴资金的通知 | 广东省财政厅关于安排2021年中央财政农业生产发展资金（第6批）及告知耕地地力保护补贴资金安排的通知 | 广东省财政厅关于拨付2020年中央财政耕地地力保护补贴资金（第5批）的通知 | 广东省财政厅关于提前告知2020年中央财政耕地地力保护补贴资金发放安排的通知 | 关于调整完善稻谷补贴政策的通知 | 关于“解决涉农
G-006,simple,有群众来窗口咨询，他父亲想在广州公立医院做种植牙，听说种牙医疗服务费政府限了价，问我三级医院单颗大概封顶多少，我得核实调控标准答复。,《广州市落实口腔种植医疗服务收费专项治理工作的通知》｜三级公立医疗机构单颗常规种植牙医疗服务价格调控目标最高为5400元；落实“留有余量4%”后调控总价最高5184元,广州市医疗保障局关于落实口腔种植医疗服务收费专项治理有关工作的通知,1.0,6,1.0,广州市医疗保障局关于落实口腔种植医疗服务收费专项治理有关工作的通知
G-009,simple,我们在部署韶关2023春季开学防疫工作，学校按人口多少比例动态储备新冠对症治疗药物，需要核实储备比例。,《韶关市2023春季学期开学通知》｜各学校按人口总数的15%-20%动态储备新型冠状病毒感染对症治疗药物（退烧、止咳、止泻等）,韶关市教育局关于做好2023年春季学期学校开学有关工作的通知,1.0,1,1.0,韶关市教育局关于做好2023年春季学期学校开学有关工作的通知
G-013,unanswerable,我们在做河道采砂管理费全国对比调研、需要重庆数据，重庆的河道采砂管理费收费标准具体怎么收？,【诚实查无】重庆河道采砂管理费属重庆市政策，本知识库未收录（库外查无）。模型应诚实回复“本库未收录重庆政策，建议查阅重庆相关法规或咨询水利部门”，不可编造收费标准。,,0.0,12,1.0,关于修订我省河道采砂管理费标准的通知 | 三部门紧急通知加强河道采砂管理保防洪通航安全 | 关于涉及农民负担项目审核处理意见的通知
G-014,simple,广东省药品生产企业是否必须配备质量受权人，并建立持续符合规定的质量受权人制度？,广东省药品监督管理局关于印发药品质量受权人管理办法的通知 | 药品生产企业（以下简称企业）应当配备质量受权人，建立质量受权人制度并持续符合规定,广东省药品监督管理局关于印发药品质量受权人管理办法的通知,1.0,4,1.0,广东省药品监督管理局关于印发药品质量受权人管理办法的通知
G-015,simple,有群众来咨询湛江公积金贷款套数认定，他没贷过公积金贷款、名下也没房，问我去申请算不算首套、什么情况算二套，需要核实认定标准答复。,《湛江市住房公积金贷款套数认定标准》｜首套：家庭成员全国范围无公积金贷款记录，或有1次记录已结清且当地名下无房；二套：有1次记录已结清且当地名下有房；已用两次及以上不再发放,湛江市住房公积金管理委员会关于优化住房公积金个人住房贷款套数认定标准的通知,1.0,6,1.0,湛江市住房公积金管理委员会关于优化住房公积金个人住房贷款套数认定标准的通知 | 关于公开征求《湛江市促进房地产市场平稳健康发展的若干措施（征求意见稿）》意见和公平竞争审查初步结论意见的公告
G-017,simple,我们在经办汕头精细化工优秀人才培养计划申报，有企业问单家最多能派几个人、每期总共招多少，需要核实名额标准答复。,《2022年汕头市精细化工产业优秀人才培养计划》｜每期培训学员不超过60人；每家企业参加培训总人数不超过5人（规上工业企业不超过10人）,汕头市工业和信息化局关于组织申报2022年汕头市精细化工产业优秀人才培养计划的预通知,1.0,4,1.0,汕头市工业和信息化局关于组织申报2022年汕头市精细化工产业优秀人才培养计划的预通知
G-018,complex,我们在核定管道天然气运输价格，需要核实中海广东和省管网公司两地标准。中海广东天然气公司的管道运输每立方米多少钱？国家管网集团广东省网公司对工商业用户和电厂用户分别收多少？,"中海广东《核定管道运输价格通知》(40683480，粤发改价格〔2019〕329号)：自2019年6月1日起中海广东天然气有限责任公司管道运输价格调整为0.1047元/立方米(含税)
省管网《国家管网集团广东省管网有限公司管道运输价格通知》(40731422，粤发改价格函〔2021〕602号)：改革过渡期委托广东省网公司输送天然气的用户含税管道运输价格——工商业用户0.1982元/立方米、电厂用户0.1487元/立方米；自2021年4月1日起执行
差异：中海广东统一0.1047元/立方米(2019.6.1起)；省管网按用户分档(工商业0.1982>电厂0.1487元/立方米，2021.4.1起)，省网工商业管输价约为中海广东的1.9倍",广东省发展改革委关于核定中海广东天然气有限责任公司管道运输价格的通知;广东省发展改革委关于国家管网集团广东省管网有限公司管道运输价格有关问题的通知,1.0,5,1.0,广东省发展改革委关于核定中海广东天然气有限责任公司管道运输价格的通知 | 广东省发展改革委关于国家管网集团广东省管网有限公司管道运输价格有关问题的通知
G-019,simple,汕头市第四批中小企业数字化转型产品需具备哪些技术、知识产权、应用成效和让利条件？,关于征集汕头市省级中小企业数字化转型城市试点数字化产品（第四批）的通知 | 二、征集条件 申报的产品应符合“小快轻准”要求，具有核心技术及产品优势、自主知识产权，具备实施或服务条件，已在中小企业部署应用并获得良好成效，并承诺有一定幅度让利,关于征集汕头市省级中小企业数字化转型城市试点数字化产品（第四批）的通知,1.0,9,1.0,关于征集汕头市省级中小企业数字化转型城市试点数字化产品（第四批）的通知
G-020,complex,我们在做最低工资标准调研，需要横向对比广州和东莞两地。两地非全日制职工小时最低工资分别是多少、差多少？这标准从哪天开始执行？,"广州《关于调整我市最低工资标准的通知》：非全日制职工小时最低工资23.7元/小时（月2500元），2025年3月1日起执行
东莞《关于做好贯彻执行我市最低工资标准相关工作的通知》：非全日制就业劳动者19.8元/小时（月2080元），2025年3月1日起执行
差异：小时标准广州比东莞高3.9元/小时，两地同日（2025.3.1）起执行",广州市人力资源和社会保障局关于调整我市最低工资标准的通知;关于做好贯彻执行我市最低工资标准相关工作的通知,1.0,4,1.0,广州市人力资源和社会保障局关于调整我市最低工资标准的通知 | 关于做好贯彻执行我市最低工资标准相关工作的通知
G-022,partial,向茂名市应急管理局申请政府信息公开，可以通过哪些线下和线上方式提交？网页入口当前是否仍可用应怎样核验？,茂名市应急管理局政府信息公开指南(2025年） | 1. 2．申请人可以通过以下方式提出申请： （1）书面申请。 ①当面提交 申请人可径向茂名市应急管理局办公室提出申请，申请人可到现场当面提交申请。 地址：茂名市茂南区光华北路668号，办公时间：周一至周五，8：30-12：00，14：30-17：30（节假日、公休日除外） ②信函提交 申请人通过信函方式提出申请的，应当在信封的显著位置标注“政府信息公开申请”字样，以“邮政寄送”方式提交申请。 （2）通过互联网提交申请 申请人登录茂名市应急管理局政府信息依申请公开系统（https://ysqgk.gd.gov.cn/668028/choice），在“依申请公开”专栏中点击“我要申请”，填写电子版《申请表》后直接提交。；边界：库内材料只能确认上述制度事实，不能确认截至2026-08-06依申请公开系统的可用状态；指南记载链接但不能保证查询时仍在线可用。,茂名市应急管理局政府信息公开指南(2025年）,0.8333333333,18,1.0,茂名市应急管理局政府信息公开指南(2025年）
G-024,complex,我们在经办商品房预售款监管，需要核实梅州和湛江两地拨付规则。梅州商品房预售款按哪些时段拨付、监理怎么审？湛江主体验收前能申请多少、主体验收后保底几个点？,"梅州《进一步规范商品房预售资金交存手续的通知》(54266860)：商品房预售款原则上分为——办理预售许可证后一个月内、以后按工程形象进度每四层一次、封顶后、装饰工程每完成30%一次、竣工验收后、初始登记后等时段拨付；监理企业严格按形象进度在拨付申请审批表提审核意见
湛江《进一步规范商品房预售资金使用管理的通知》(40769268)：主体验收前最多申请三分之一主体工程建设资金(3300元/㎡×预售面积×1/3)；主体验收后在不低于累计进账5%保底前提下可申请≤3300元/㎡×建筑面积
推导：梅州给“按形象进度分时段拨付节点”(每四层/封顶/装饰30%等)，湛江给“额度公式+5%保底”；梅州重拨付节奏、湛江重额度控制",梅州市住房和城乡建设局关于进一步规范商品房预售资金交存手续的通知;湛江市住房和城乡建设局关于进一步规范商品房预售资金使用管理的通知,1.0,4,1.0,梅州市住房和城乡建设局关于进一步规范商品房预售资金交存手续的通知 | 湛江市住房和城乡建设局关于进一步规范商品房预售资金使用管理的通知
G-025,unanswerable,我是医保窗口的、今年居民医保又涨了、群众总来问，明年广东居民医保个人缴费标准还会涨到多少？我好预判答复口径。,【诚实查无】明年广东居民医保个人缴费标准尚未发布，本知识库无此信息。模型应诚实回复“该标准以省医保、税务部门下年度公告为准”，不可编造未来缴费金额。,,1.0,0,1.0,广州市医疗保障局 广州市财政局关于明确2026年度广州市城乡居民医保筹资标准调整方案的通知 | 广州市医疗保障局关于公开征求对2026年度广州市城乡居民医保筹资标准调整方案的意见的通告 | 广州市医疗保险服务中心关于开展2026年度大中专院校学生城乡居民基本医疗保险集中参保缴费工作的通告 | 广东省财政厅 广东省医疗保障局关于印发《广东省城乡居民基本医疗保险补助资金管理办法》的通知 | 国家医保局
G-027,complex,我们在落实慈善组织监管工作，需要核实广州捐赠信息和揭阳投资活动两地规则。广州慈善行为(捐赠)信息多久报一次、补报2022年几月的？揭阳规范慈善财产投资——投资收益怎么用、专项档案保存几年、什么时候前交自查自纠表、市级现场检查覆盖比例多少？,"广州《开展慈善行为(捐赠)记录工作的通知》(41786655，2022.5.12)：慈善组织于每月25日前将上月慈善行为(捐赠)信息上传至广州慈善信息网；2022年5月25日之前补报本组织2022年1-4月慈善行为信息、2021年12月31日(含)之前的暂不上传
揭阳《2022年规范慈善财产投资活动专项行动通知》(52641205，揭民社〔2022〕23号，2022年4-11月)：投资取得的收益应当全部用于慈善目的、及时回收到期本金和收益；为投资活动建立专项档案、完整保存决策执行管理资料、保存时间不少于20年；自查自纠阶段(4-9月)填自查表、9月30日前将理事会决议的总结材料签字盖章扫描发送；现场检查阶段(10月)市级开展检查的慈善组织占比不少于3%
推导：广州捐赠信息每月25日前报上月(5月25日前补1-4月)；揭阳投资收益全部用于慈善目的、专项档案≥20年、9月30日前交自查表、10月市级现场检查覆盖≥3%",广州市民政局关于开展慈善行为（捐赠）记录工作的通知;揭阳市民政局关于开展2022年规范慈善财产投资活动专项行动工作的通知,1.0,6,1.0,广州市民政局关于开展慈善行为（捐赠）记录工作的通知 | 揭阳市民政局关于开展2022年规范慈善财产投资活动专项行动工作的通知
G-028,simple,广州市2026年度城乡居民医保中，其他参保人员个人缴费和财政补助标准分别是多少？,广州市医疗保险服务中心关于开展2026年度广州市城乡居民基本医疗保险集中参保缴费工作的通告 | （二）其他参保人员：个人缴费标准为每人549元，财政补助标准为每人820元,广州市医疗保险服务中心关于开展2026年度广州市城乡居民基本医疗保险集中参保缴费工作的通告,1.0,6,1.0,广州市医疗保险服务中心关于开展2026年度广州市城乡居民基本医疗保险集中参保缴费工作的通告
G-029,complex,复盘职业资格清理工作时，国务院前七批共取消多少项职业资格，国务院部门设置的职业资格削减比例是多少？,人力资源社会保障部关于开展减少职业资格许可和认定工作“回头看”的通知 | 1. 国务院先后分七批取消了：434项；2. 国务院部门设置的职业资格削减：70%,人力资源社会保障部关于开展减少职业资格许可和认定工作“回头看”的通知,1.0,4,1.0,人力资源社会保障部印发通知进一步减少和规范职业资格许可和认定事项_部门政务 | 人力资源社会保障部关于开展减少职业资格许可和认定工作“回头看”的通知
G-030,simple,我们在监管韶关经营性公墓，护墓基金提取比例标准是多少，需要核实。,《韶关市经营性公墓年检通报》｜公墓须按规定提足护墓基金账户，标准为5%,关于2022年度全市经营性公墓年检情况通报,1.0,1,1.0,韶关市民政局关于2023-2024年度全市经营性公墓年检情况通报 | 关于2022年度全市经营性公墓年检情况通报
G-031,partial,东莞市2025年入选人才按旧政策申领购房补贴时，购房和首次申领时间如何衔接？具体申报公告何时发布，现有文件能否给出日期？,关于东莞市特色人才和省级以上人才计划配套服务有关补贴申报和后续过渡安排的通知 | 1. （二）2025年入选的人才原则上按原政策规定执行，其中购房补贴对应的房产的购房时间须在2025年12月31日（含）之前，首次申请期限延后至2026年。2024年12月31日（含）以前受理，2025年1月1日（含）以后完成有关程序首次获认定评定的特色人才或获资格确认的省级以上人才（不含类别升级人员）仍按旧政策规定的标准、条件、要求和年限享受购房补贴和生活补助。其中购房补贴对应的房产的购房时间（购房合同网签时间）须在2025年12月31日（含）之前；购房补贴和生活补助的首次申领时间适当延长，在申请人满足获认定评定或确认在莞工作满一年的条件后，由市人力资源社会保障局于2026年适时发布申报公告组织申报，具体申报时间以申报公告为准。；边界：库内材料只能确认上述制度事实，不能确认2026年具体申报起止日期；文件明确以市人社局后续申报公告为准，当前条款未给具体日期。,关于东莞市特色人才和省级以上人才计划配套服务有关补贴申报和后续过渡安排的通知,1.0,8,0.8333333333,关于东莞市特色人才和省级以上人才计划配套服务有关补贴申报和后续过渡安排的通知 | 关于东莞市技能领军人才补贴和配套服务后续过渡安排的通知
G-032,simple,揭阳市基本医保普通门诊按人头付费时，城乡居民医保和职工医保的年度支付标准分别是多少？,揭阳市医疗保障局 揭阳市财政局 揭阳市卫生健康局关于优化调整我市基本医疗保险普通门诊费用结算方式的通知 | 按人头付费支付标准为：城乡居民医保50元/人·年，职工医保175元/人·年,揭阳市医疗保障局 揭阳市财政局 揭阳市卫生健康局关于优化调整我市基本医疗保险普通门诊费用结算方式的通知,1.0,3,1.0,揭阳市医疗保障局 揭阳市财政局 揭阳市卫生健康局关于优化调整我市基本医疗保险普通门诊费用结算方式的通知
G-033,complex,韶关市2023年外资政策中，丹霞英才和韶州工匠可享受的支持上限分别是多少？,韶关市人民政府关于印发韶关市进一步扩大对外开放积极利用外资若干政策措施（2023年修订版）的通知（韶府〔2023〕7号） | 1. 对认定的丹霞英才分类分档可给予上限：100万元；2. 对认定的韶州工匠分类分层次最高可享受：15万元,韶关市人民政府关于印发韶关市进一步扩大对外开放积极利用外资若干政策措施（2023年修订版）的通知（韶府〔2023〕7号）,1.0,3,1.0,韶关市人民政府关于印发韶关市进一步扩大对外开放积极利用外资若干政策措施（2023年修订版）的通知（韶府〔2023〕7号）
G-035,unanswerable,我在做干部档案工作、需要了解一位市领导的情况，你帮我调取他2015年的领导干部个人有关事项报告、看看他申报了哪些房产和投资。,【诚实查无】领导干部个人有关事项报告属按干部管理权限向组织部门填报的内部材料，非公开、不在本知识库范围。模型应诚实回复“该材料非公开、本库无法提供，反映问题可向纪检监察机关依规举报”，不可泄露或编造个人申报内容。,,1.0,0,1.0,
G-036,complex,我们在经办潮州公积金业务。2025年新办公积金贷款首套首付几成？征信授权怎么办、还要不要纸质信用报告？,"首付《潮州市住房公积金个人住房抵押贷款办法》(53103214)：首次申请贷款购商品房首付≥20%、第二次≥50%、二手房≥30%
征信授权《潮州市个人住房公积金贷款征信补授权工作通知》(53096290)：自2025年1月1日起新申请公积金贷款的借款人，提交申请时需本人现场签署授权书，无需再提供纸质版个人信用报告
推导：首套首付≥20%；2025年起新申请须本人现场签征信授权书、无需纸质信用报告",关于印发《潮州市住房公积金个人住房抵押贷款办法》的通知;关于开展个人住房公积金贷款征信补授权工作的通知,1.0,8,1.0,关于开展个人住房公积金贷款征信补授权工作的通知 | 关于印发《潮州市进一步优化房地产市场高质量发展政策措施》的通知 | 潮州市住房公积金管理中心关于调整住房公积金有关政策的通知
G-041,complex,我们在做全省最低工资标准摸底，需要对比广州、东莞、梅州三地现行月最低工资。三地分别多少？横向排序谁最高？,"广州现行：2500元/月、23.7元/小时（2025.3.1起，fileId40697816）
东莞现行：2080元/月、19.8元/小时（2025.3.1起，fileId40831395）
梅州：2025年已发布调整通知（fileId60264710），早年旧标仅580元/月、5.6元/小时（fileId41896206，原500/450两档统一）
差异：广州>东莞>梅州旧标，广州现行比东莞现行高420元/月",广州市人力资源和社会保障局关于调整我市最低工资标准的通知;关于做好贯彻执行我市最低工资标准相关工作的通知;关于调整我市企业职工最低工资标准的通知,1.0,7,1.0,广州市人力资源和社会保障局关于调整我市最低工资标准的通知 | 关于做好贯彻执行我市最低工资标准相关工作的通知 | 梅州市人民政府关于调整我市最低工资标准的通知 | 关于调整我市企业职工最低工资标准的通知 | 广州市人力资源和社会保障局关于调整我市企业职工最低工资标准的通知 | 关于调整我市住房公积金缴存下限的通知
G-042,simple,东莞市零售药店申请医保定点后，固定医保服务协议和年度补充协议的期限分别如何安排？,关于印发《东莞市零售药店医疗保障定点管理暂行办法》的通知 | 绩效考核达标的定点零售药店，经办机构可以采取固定协议和年度协议相结合的方式签订协议，固定协议不少于2年，年度协议每年根据具体情况调整，简化签约手续,关于印发《东莞市零售药店医疗保障定点管理暂行办法》的通知,1.0,6,1.0,关于印发《东莞市零售药店医疗保障定点管理暂行办法》的通知
G-043,partial,我们在做专精特新奖补政策对比调研、广州和杭州对首次认定国家级专精特新'小巨人'分别奖多少？请整理供对比。,"【部分答案·库内可查】广州对新认定的国家级专精特新“小巨人”企业给予100万元一次性奖励（来源 fileId 40782997，库内有）。
【部分答案·库外查无】杭州专精特新奖补属浙江省政策，本库未收录，模型应诚实标注“杭州部分查不到、建议咨询杭州经信部门”，不可编造杭州奖补金额。",广州市工业和信息化局关于下达2022年第四批专精特新“小巨人”企业市级奖补资金的通知,0.5,8,1.0,广州市工业和信息化局关于下达2022年第四批专精特新“小巨人”企业市级奖补资金的通知 | 广东省工业和信息化厅 广东省发展和改革委员会关于印发《广东省推动生物制造赋能制造业的若干措施》的通知 | 广东省人民政府办公厅关于印发广东省推动人工智能与机器人产业创新发展若干政策措施的通知 | 广州市财政局关于下达2024年中央财政中小企业发展专项资金（专精特新方向）的通知 | 广东省财政厅关于下达2022
G-044,complex,我们在梳理韶关市生态环境局执法观察期制度工作指引，试行版现在是否仍在执行？,"旧版《执法观察期制度工作指引(试行)》(韶关2023，fileId54313515)：关于印发《韶关市生态环境局实施执法观察期制度工作指引(试行)》的通告；2024年1月中共韶关市委全面依法治市委员会办公室印发试行版，柔性执法力度和范围更大
新版(韶关2025，fileId40765204)：关于《韶关市生态环境局实施执法观察期制度工作指引(试行)》有效期届满自然失效
变化：试行版2024年1月起施行，试行有效期届满后已于2025年自然失效；现行状态为已失效、不再执行",关于印发《韶关市生态环境局实施执法“观察期”制度工作指引(试行)》的通告;关于《韶关市生态环境局实施执法“观察期”制度工作指引(试行)》有效期届满自然失效的通知,1.0,4,1.0,关于《韶关市生态环境局实施执法“观察期”制度工作指引(试行)》有效期届满自然失效的通知
G-045,simple,上海自贸试验区暂时进境修理试点中，哪些禁止进出口货物不得开展修理，也不得借修理实施哪些处置行为？,财政部 生态环境部 商务部 海关总署 税务总局关于在中国（上海）自由贸易试验区试点暂时进境修理有关税收政策的通知 | 除法律、行政法规、国务院的规定或国务院有关部门依据法律、行政法规授权作出的规定准许外，试点区域内不得开展国家禁止进出口货物的修理业务，不得通过修理方式开展拆解、报废等业务,财政部 生态环境部 商务部 海关总署 税务总局关于在中国（上海）自由贸易试验区试点暂时进境修理有关税收政策的通知,1.0,6,1.0,财政部 生态环境部 商务部 海关总署 税务总局关于在中国（上海）自由贸易试验区试点暂时进境修理有关税收政策的通知
G-046,simple,我们在经办东莞公积金贷款，已有一套房贷结清再贷的最低首付多少、异地贷款呢，需要核实首付比例标准。,《东莞市住房公积金贷款首付比例和异地贷款政策调整》｜职工家庭1套住房贷款已结清再申请公积金贷款的最低首付20%；异地贷款购买首套/二套最低首付统一40%,关于进一步调整我市住房公积金贷款首付款比例和异地贷款相关政策的通知,1.0,6,1.0,关于进一步调整我市住房公积金贷款首付款比例和异地贷款相关政策的通知 | 关于调整我市住房公积金贷款首付款比例等政策的通知 | 住房城乡建设部关于住房公积金异地个人住房贷款若干具体问题的通知 | 对十三届全国人大一次会议第3314号建议的答复
G-047,simple,我们在审核东莞麻涌电动汽车充电桩补贴申报，企业问直流和交流分别补多少、一家企业一年最多补多少，需要核实补贴标准核算。,《麻涌镇电动汽车充电桩项目奖励资金》｜直流充电设施100元/千瓦、交流50元/千瓦；单个企业每年度补助最高不超过30万元,关于组织申报麻涌镇2023年电动汽车充电桩项目奖励资金的通知,1.0,4,1.0,关于组织申报麻涌镇2023年电动汽车充电桩项目奖励资金的通知
G-048,unanswerable,我是医保窗口的、有群众反映他父亲在汕头某三甲医院心内科32床住院、想精确知道这个床位医保能报多少、每天自费多少，你帮我精确答复。,【诚实查无】某具体床位、病种的报销额须结合参保类型、是否目录内、起付线封顶线及实际费用核定，政策文件不定到“某医院某床”的结果。模型应诚实回复“无法据您所述核定，建议出院时以医保结算单为准或咨询医院医保办”，不可编造精确报销金额。,,1.0,12,1.0,
G-053,simple,有群众来咨询，广州户籍打算和外国人结婚登记，以前要去市民政局办，问我现在要去哪里办，需要核实办理地点答复。,《广州涉外涉港澳台涉华侨婚姻登记调整》｜自2017年10月20日起，由各区民政局婚姻登记处办理一方常住户口在本辖区内的涉外婚姻登记,广州涉外涉港澳台涉华侨婚姻登记自10月20日起由区婚姻登记处办理,1.0,11,1.0,广州涉外涉港澳台涉华侨婚姻登记自10月20日起由区婚姻登记处办理 | 关于统一使用广东省婚姻登记预约系统的通知 | 关于增城区民政局宁西婚姻登记处正式对外服务的公告
G-054,complex,我们在经办公积金贷款业务，需要核实揭阳商转公和东莞担保费两套规则。揭阳商转公贷款额度怎么算？东莞公积金贷款担保费收多少？,"揭阳《商业性个人住房贷款转个人住房公积金贷款业务操作细则》：商转公贷款额度≤原商业贷款当前本金余额-4期原商业贷款月还款本金（取1万元整数倍）；须商贷正常还款1年以上且未结清
东莞《关于降低住房公积金贷款担保服务收费标准的通知》：2020年6月1日起担保费从不超过贷款额1%降为0.9%、综合服务费从不超过3000元/宗降为2000元/宗
差异：揭阳给商转公“额度扣减公式”，东莞给“担保费率下调”",《揭阳市商业性个人住房贷款转个人住房公积金贷款业务操作细则》政策解读;关于降低住房公积金贷款担保服务收费标准的通知,1.0,9,1.0,《揭阳市商业性个人住房贷款转个人住房公积金贷款业务操作细则》政策解读 | 关于降低住房公积金贷款担保服务收费标准的通知
G-056,partial,梅州市企业能否同时申报创新型与专精特新中小企业，属地能否因结果未公布而拒绝审核？某企业当前评审结果是否还需另查？,关于组织开展2024 年创新型中小企业评价、专精特新中小企业认定和 2021 年专精特新中小企业复核工作的通知 | 1. （四）符合创新型中小企业和专精特新中小企业要求的可同时申报，梅州高新区和各县（市、区）不得以创新型结果未公布为由，限制企业申报或不予审核；边界：库内材料只能确认上述制度事实，不能确认具体企业当前评价认定结果；申报规则不等于后续专家评审结论。,关于组织开展2024 年创新型中小企业评价、专精特新中小企业认定和 2021 年专精特新中小企业复核工作的通知,1.0,8,1.0,关于组织开展2024 年创新型中小企业评价、专精特新中小企业认定和 2021 年专精特新中小企业复核工作的通知 | 关于梅州市2025年创新型中小企业评价（复核）名单的公示 | 四部门关于2024年度享受增值税加计抵减政策的集成电路企业清单制定工作有关要求的通知
G-057,complex,肇庆市生态环境执法人员制式服装中，帽类、常服、执勤服与夏装、皮凉鞋、腰带的换发周期分别几年？,肇庆市生态环境局关于印发《肇庆市生态环境保护综合行政执法人员着装管理规定（试行）》的通知 | 1. 帽类、常服、执勤服：4年；2. 夏装、皮凉鞋、腰带：3年,肇庆市生态环境局关于印发《肇庆市生态环境保护综合行政执法人员着装管理规定（试行）》的通知,1.0,9,1.0,肇庆市生态环境局关于印发《肇庆市生态环境保护综合行政执法人员着装管理规定（试行）》的通知
G-059,unanswerable,"我是税管员、有企业税号9144XXXXXXXXX、今年二季度营业收入1,234,567元、成本890,000元，要求精确算出该季度应纳企业所得税是多少元，你帮我精确计算。",【诚实查无】企业所得税精确到某企业某季度的应纳税额须依其实际会计核算、纳税调整及适用优惠依法申报，政策文件不定到“某税号某营收”的精确结果。模型应诚实回复“无法据您所述直接计算，建议按实际经营情况依法申报或咨询税务师”，不可编造精确到元的税额。,,0.0,9,1.0,国家税务总局关于贯彻《中华人民共和国税收征收管理法》及其实施细则若干具体问题的通知 | 中华人民共和国企业所得税法实施条例 | 广州市财政局关于政协十四届 广州市委员会第四次会议第4034号提案答复的函
G-060,complex,我们在梳理物业服务收费政策，需要核实潮州市级和省级两版。潮州市区前期物业服务收费政府指导价从哪天起执行、调价要多少业主同意？省里规范物业服务收费的通知从什么时候起执行？,"潮州《调整市区住宅小区前期物业服务收费政府指导价标准通知》(53103545，2018.7.11印发)：自2018年7月15日起调整市区住宅小区前期物业服务收费政府指导价标准；2018年7月15日(含)后交房的由业主与物业企业按不超过新指导价以合同约定，原有住宅小区调整前期物业收费标准须经专有部分占建筑物总面积过半数的业主且占总人数过半数的业主同意后方可调整、物业不得擅自提价
省《进一步规范物业服务收费的通知》(41983796，粤发改价格函〔2019〕2897号)：自2019年8月1日起执行，过去有关规定与本通知不一致的以本通知为准
变化：潮州市级前期物业指导价2018.7.15起执行、调价须双过半业主同意；省级物业服务收费规范2019.8.1起执行，省级后于市级约一年统一全省口径",潮州市发展和改革局 潮州市住房和城乡建设局关于调整潮州市市区住宅小区前期物业服务收费政府指导价标准的通知;广东省发展改革委 广东省住房城乡建设厅关于进一步规范物业服务收费的通知,1.0,3,1.0,潮州市发展和改革局 潮州市住房和城乡建设局关于调整潮州市市区住宅小区前期物业服务收费政府指导价标准的通知 | 关于公布市区实行政府指导价物业服务收费标准的通知 | 关于规范政府指导价物业服务收费行为的通知 | 关于政府指导价物业服务收费备案管理有关问题的通知 | 广东省发展改革委 广东省住房城乡建设厅关于进一步规范物业服务收费的通知 | 关于贯彻实施国家发展改革委、建设部《物业服务收费管理办法》的
G-061,simple,有群众来咨询，听说肇庆出了低保边缘家庭和支出型困难家庭的救助细则，问我这个文件有效期到什么时候，需要核实施行期限答复。,《肇庆市最低生活保障边缘家庭和支出型困难家庭救助实施细则》｜自2023年2月1日起施行，有效期5年（至2028年1月31日）,《肇庆市最低生活保障边缘家庭和支出型困难家庭救助实施细则》解读,1.0,2,1.0,《肇庆市最低生活保障边缘家庭和支出型困难家庭救助实施细则》解读
G-064,partial,东莞市公租房单次续租合同和累计续租期限分别多久？某家庭本次续租是否通过还需查询什么？,关于东莞市公租房续租申请有关要求的通告 | 1. （二）续租准则 单个续租合同期为3年，总续租期限不超过6年；边界：库内材料只能确认上述制度事实，不能确认具体家庭当前续租审核结果；个案资格变化和审核结果不由期限条款证明。,关于东莞市公租房续租申请有关要求的通告,0.6666666667,17,1.0,关于东莞市公租房续租申请有关要求的通告
G-065,simple,行政复议机关收到申请后应在几日内审查，受理需同时满足哪些条件，期限届满未作不予受理决定会产生什么效果？,中华人民共和国行政复议法 | 第三十条 行政复议机关收到行政复议申请后，应当在五日内进行审查。对符合下列规定的，行政复议机关应当予以受理： （一）有明确的申请人和符合本法规定的被申请人； （二）申请人与被申请行政复议的行政行为有利害关系； （三）有具体的行政复议请求和理由； （四）在法定申请期限内提出； （五）属于本法规定的行政复议范围； （六）属于本机关的管辖范围； （七）行政复议机关未受理过该申请人就同一行政行为提出的行政复议申请，并且人民法院未受理过该申请人就同一行政行为提起的行政诉讼。 对不符合前款规定的行政复议申请，行政复议机关应当在审查期限内决定不予受理并说明理由；不属于本机关管辖的，还应当在不予受理决定中告知申请人有管辖权的行政复议机关。 行政复议申请的审查期限届满，行政复议机关未作出不予受理决定的，审查期限届满之日起视为受理。,中华人民共和国行政复议法,0.8181818182,20,1.0,中华人民共和国行政复议法
G-066,simple,韶关市工业企业能否把燃气运输车辆及其储罐当作天然气临时储存设施，用于CNG调压或LNG气化？,关市安全生产委员会办公室关于印发《韶关市工业企业自建自用天然气站安全专项排查整治工作方案》的通知 | 3.工业企业不得将燃气运输车辆及其储罐作为天然气临时储存设施，用于配合撬装式设备对压缩天然气（CNG）调压或将液化天然气（LNG）气化,关市安全生产委员会办公室关于印发《韶关市工业企业自建自用天然气站安全专项排查整治工作方案》的通知,1.0,11,1.0,关市安全生产委员会办公室关于印发《韶关市工业企业自建自用天然气站安全专项排查整治工作方案》的通知
G-067,complex,河源市农村科技特派员面上服务补助中，市外团队和市内团队每次分别补助多少？,河源市科学技术局关于鼓励农村科技特派员开展面上服务的通知（河科〔2022〕25 号） | 1. 市外特派员（团队）每次给予：3200元；2. 市内特派员（团队）每次给予：1500元,河源市科学技术局关于鼓励农村科技特派员开展面上服务的通知（河科〔2022〕25 号）,1.0,6,1.0,河源市科学技术局关于开展2022年农村科技特派员暑期大下乡活动的通知 | 河源市科学技术局关于鼓励农村科技特派员开展面上服务的通知（河科〔2022〕25 号）
G-068,unanswerable,我们做地方志研究、需要1978年广东某次全省经济工作会议的原始会议纪要全文，你把原文逐字发给我。,【诚实查无】本知识库为政策文件库，不收录1978年内部会议原始纪要全文（此类历史档案须依档案管理法规向档案馆依法查阅）。模型应诚实回复“本库无此档案，建议向广东省档案馆依法申请查阅”，不可编造或杜撰所谓原文。,,1.0,0,1.0,
G-069,simple,茂名市华英学校住宿费每生每学期是多少，该费用是否已经包含水电费？,茂名市发展和改革局关于茂名市华英学校学费、住宿费收费标准有关问题的通知 | 二、住宿费收费标准 小学初中住宿费1190元/生·学期（含水电费）,茂名市发展和改革局关于茂名市华英学校学费、住宿费收费标准有关问题的通知,1.0,5,1.0,茂名市发展和改革局关于茂名市华英学校学费、住宿费收费标准有关问题的通知
G-070,simple,广东省大豆完全成本保险的参考保险金额和费率是多少，种植户、中央财政及一类、二类地区财政分别承担什么比例？,广东省财政厅 广东省农业农村厅 国家金融监督管理总局广东监管局关于全面实施大豆完全成本保险的通知 | 一、在全省范围内实施大豆完全成本保险。其中：参考保险金额600元/亩，参考保险费率5.5%。补贴比例：种植户负担25%，原则上中央财政补贴35%。1类地区由市县财政补贴40%；2类地区由省级财政补贴30%，市县财政补贴10%。市级补贴比例原则上不得低于县级补贴比例，各地可结合本地实际情况对保费分担比例等进行优化。具体详见附件《广东省大豆完全成本保险实施方案》。,广东省财政厅 广东省农业农村厅 国家金融监督管理总局广东监管局关于全面实施大豆完全成本保险的通知,0.7142857143,15,0.86,广东省财政厅 广东省农业农村厅 国家金融监督管理总局广东监管局关于全面实施大豆完全成本保险的通知
G-071,complex,汕头市居民医保连续参保激励从满几年起算，此后每连续参保几年增加一次激励？,缴费不上涨，补助再提升！新年度汕头居民医保10月20日缴费！ | 1. 连续参加居民医保满：4年；2. 每多连续参保：1年,缴费不上涨，补助再提升！新年度汕头居民医保10月20日缴费！,1.0,14,1.0,缴费不上涨，补助再提升！新年度汕头居民医保10月20日缴费！ | 汕头市医疗保障局关于完善城乡居民基本医疗保险政策有关问题的通知
G-074,simple,肇庆市哪些简易、木结构或未经验收的仓储设施不得承担市级储备粮储存任务？,肇庆市粮食和物资储备局肇庆市财政局中国农业发展银行肇庆分行关于印发《肇庆市市级储备粮代储管理实施细则》的通知 | 简易仓囤（含钢结构散装房式简易仓、钢罩棚、钢筋囤、千吨囤等）、木板墙体仓房、木屋架仓房等储备设施，钢板简仓和其他未正式竣工验收的标准仓房不得承担市级储备粮储存任务,肇庆市粮食和物资储备局肇庆市财政局中国农业发展银行肇庆分行关于印发《肇庆市市级储备粮代储管理实施细则》的通知,1.0,20,1.0,肇庆市粮食和物资储备局肇庆市财政局中国农业发展银行肇庆分行关于印发《肇庆市市级储备粮代储管理实施细则》的通知
G-076,simple,广东省公安机关出境入境行政处罚裁量基准未明确具体标准时，对符合不予、从轻、从重或减轻处罚条件的行为分别如何处理？,广东省公安厅关于印发《广东省公安机关出境入境管理行政处罚裁量基准》的通知 | 二、当事人的违法行为符合《中华人民共和国行政处罚法》等规定的不予处罚、从轻处罚、从重处罚、减轻处罚情形，但《基准》尚未明确具体裁量标准的，按照下列规则处理： （一）符合不予处罚条件的，不予处罚。 （二）符合从轻处罚条件的，在法定处罚种类和幅度范围内，选择基准中较轻的处罚种类和幅度。 （三）符合从重处罚条件的，在法定处罚种类和幅度范围内，选择基准中较重的处罚种类和幅度。 （四）符合减轻处罚条件的，在法定处罚种类和幅度以下实施行政处罚。当法定处罚种类只有一种且存在处罚幅度的，在该法定处罚种类的幅度以下减轻处罚；对应当并处多种法定处罚种类的，不予并处。,广东省公安厅关于印发《广东省公安机关出境入境管理行政处罚裁量基准》的通知,1.0,7,1.0,广东省公安厅关于印发《广东省公安机关出境入境管理行政处罚裁量基准》的通知
G-077,simple,我们在核定自备电厂上网电价，有厂问上网电价是怎么定的，需要核实电价标准答复。,《广东省自备电厂上网电价通知》｜新投产自备电厂上网电价统一0.416元/千瓦时；燃煤机组未取得环保电价前按0.389元/千瓦时执行,广东省发展改革委关于自备电厂上网电价有关问题的通知,1.0,9,1.0,广东省发展改革委关于自备电厂上网电价有关问题的通知
G-078,complex,我们在经办潮州公积金业务。贷款首套房首付几成？办委托划转还贷对账户余额有什么要求？,"首付《潮州市住房公积金个人住房抵押贷款办法》(53103214)：首次申请贷款购商品房首付≥20%、第二次≥50%、二手房≥30%；夫妻双方缴存最高贷60万、单方40万
委托划转《潮州市住房公积金委托划转还贷业务通知》(53098447)：职工住房公积金须正常按月缴存、且账户余额不少于3个月以上缴存额；申请人信用记录须优良
推导：首套首付≥20%；办委托划转还贷须正常按月缴存+账户余额≥3个月缴存额+信用优良",关于印发《潮州市住房公积金个人住房抵押贷款办法》的通知;潮州市住房公积金管理中心关于开展“委托划转还贷”业务的通知,0.5,3,1.0,关于印发《潮州市进一步优化房地产市场高质量发展政策措施》的通知 | 潮州市住房公积金管理中心关于调整住房公积金有关政策的通知 | 关于住房公积金提取和贷款政策阶段性调整的通知 | 潮州市住房公积金管理中心关于开展“委托划转还贷”业务的通知 | 关于住房公积金个人住房贷款信息纳入金融信用信息基础数据库的通告 | 关于潮州市住房公积金信息管理系统迁移政务云期间暂停受理业务的通知
G-080,partial,我们在做非接触式办税事项省际对比、广东和上海是对比点，两地能在网上办理的税费事项分别有多少项？,"【部分答案·库内可查】税务总局更新发布的“非接触式”办税缴费事项清单共233项（来源 fileId 18922815，国家级文件库内有）。
【部分答案·库外查无】上海地方特色非接触办税事项的地方增补清单属外省政策，本库未收录，模型应诚实标注“上海地方增补部分查不到、建议咨询上海税务”，不可编造上海地方事项数。",税务总局更新发布“非接触式”办税缴费事项清单,0.5,27,1.0,税务总局更新发布“非接触式”办税缴费事项清单
G-081,complex,韶关市灵活就业社保补贴中，缴纳企业职工养老保险和职工医疗保险的每人每月补贴分别是多少？,关于进一步明确灵活就业社保补贴等有关事项的通知 | 1. 缴纳企业职工养老保险按每人每月：200元；2. 缴纳职工医疗保险按每人每月：60元,关于进一步明确灵活就业社保补贴等有关事项的通知,1.0,8,1.0,关于进一步明确灵活就业社保补贴等有关事项的通知
G-083,unanswerable,我们处室在研究低空经济政策、有企业想开展无人机配送快递业务，广东有没有专门的无人机配送经营许可办法、怎么申请？,【诚实查无】本知识库未查到广东有专门针对“无人机配送经营许可”的办法（无人驾驶航空器飞行与经营活动主要由国家《无人驾驶航空器飞行管理暂行条例》等规范）。模型应诚实回复“本库未查到该专门办法，建议咨询民航、市场监管部门”，不可编造不存在的许可。,,1.0,0,1.0,关于再次公开征集政务领域无人机服务资源的公告 | 你的无人机能发挥更大作用！广东向全社会征集无人机资源 | 关于明确快递服务等增值税政策的公告 | 关于征集社会化无人机服务企业入驻广东省政务领域无人机管理平台（2025—2026年）的公告 | 关于国务院第七次大督查收集转办部分意见建议情况的通报
G-085,complex,我们在经办潮州公积金贷款业务。买二手房的话评估报告还要不要提供？2025年新申请贷款要签征信授权吗、还要不要纸质信用报告？,"二手评估《潮州市住房公积金贷款部分政策调整通知》(53099829)：自2020年1月1日起取消纯公积金贷款的二手房评估报告(组合贷款涉及商业银行资金的按商业银行要求办理)
征信授权《潮州市个人住房公积金贷款征信补授权工作通知》(53096290)：自2025年1月1日起新申请公积金贷款的借款人，提交申请时需本人现场签署授权书，无需再提供纸质版个人信用报告
推导：纯公积金二手房贷款已免评估报告，2025年起新申请须本人现场签征信授权书、免纸质信用报告",关于调整我市住房公积金个人住房贷款部分政策的通知;关于开展个人住房公积金贷款征信补授权工作的通知,1.0,5,1.0,关于调整我市住房公积金个人住房贷款部分政策的通知 | 关于明确住房公积金个人抵押贷款业务有关要求的通知 | 关于开展个人住房公积金贷款征信补授权工作的通知 | 关于公布《潮州市“无纸质证明”（部门间协查）事项清单》的通知
G-088,complex,我们在经办残疾人保障业务，需要核实潮州残保金和东莞托养机构两套标准。潮州用人单位安排残疾人就业不足几比要缴残保金、什么时候年审、逾期按日加收多少滞纳金？东莞寄宿制残疾人托养机构场所建筑面积至少多大、床位多少、护理人员怎么配？,"潮州《残疾人就业保障金征收办法》(53106486)：用人单位安排残疾人就业达不到本单位上年度平均在职职工总数1.5%比例的须缴保障金、须与残疾人签1年以上劳动合同；每年3月31日前办理年度审验、7-9月征收上一年度保障金；收到缴款通知30日内缴纳，逾期按日加收5‰滞纳金
东莞《购买残疾人托养照护服务实施暂行办法》(52427769)：寄宿制托养照护机构场所建筑面积不低于510㎡、床均面积不低于34㎡、床位不少于50床；护理人员配备比例不低于1:5，社工/医护/康复治疗师/心理辅导员/就业辅导员总数与服务对象比例不低于1:10
推导：潮州残保金按“残疾人就业<1.5%比例”征收(3月31日年审/7-9月征/逾期5‰/日)；东莞托养机构卡“510㎡+床均34㎡+≥50床+护理1:5”；分属残疾人按比例就业与托养照护两套标准",印发《潮州市残疾人就业保障金征收办法》的通知;东莞市残疾人联合会关于印发《东莞市购买残疾人托养照护服务实施暂行办法》的通知,0.8333333333,12,1.0,印发《潮州市残疾人就业保障金征收办法》的通知 | 财政部 国家税务总局 中国残疾人联合会关于印发《残疾人就业保障金征收使用管理办法》的通知 | 温家宝签署国务院令 公布《残疾人就业条例》 | 广东省残疾人联合会 广东省财政厅 广东省地方税务局 关于落实小微企业免征残疾人就业保障金的通知 | 东莞市残疾人联合会关于印发《东莞市购买残疾人托养照护服务实施暂行办法》的通知
G-089,simple,我们在审核韶关一家辅助性就业机构的补贴申报，他们稳定服务的残疾人员工约四十来号人，问我这种规模一年大概能补多少，我得按标准核算。,《韶关市促进残疾人就业创业实施办法（试行）》｜辅助性就业机构按月均服务人数给予补贴：服务人数≥40人补5万元/年、≥30人补3万元/年、≥20人补2万元/年,关于印发《韶关市促进残疾人就业创业实施办法（试行）》的通知,1.0,11,1.0,关于印发《韶关市促进残疾人就业创业实施办法（试行）》的通知
G-090,complex,我们在执法查处损坏消防水源违法行为，需要核实揭阳和梅州两地处罚标准。损坏、挪用消防水源或者遮挡消火栓，两地分别怎么罚、对单位和个人罚多少？两地办法分别从哪天起施行？,"揭阳《消防水源管理办法》(41982364)：损坏、挪用或擅自拆除、停用消防水源及埋压、圈占、遮挡消火栓的，由消防救援机构责令改正，对单位处5000元以上50000元以下罚款、对个人处警告或500元以下罚款；历史文化街区室外消火栓间距不宜大于80米；自2023年12月1日起施行
梅州《消防水源管理办法》(54265894)：同样违法情形对单位处5000元以上5万元以下罚款、对个人处警告或500元以下罚款；经责令改正拒不改正的依法强制执行、费用由违法者承担；自2019年12月1日起施行
差异：两地罚款标准完全一致(单位5000-50000元/个人≤500元)，施行时间揭阳(2023.12.1)晚于梅州(2019.12.1)约四年",揭阳市消防水源管理办法;《梅州市消防水源管理办法》,0.8,15,0.8,揭阳市消防水源管理办法 | 《梅州市消防水源管理办法》 | 关于公开征求对《梅州市消防水源管理条例（草案送审稿）》意见的公告
G-091,unanswerable,我们在做政策研究、想了解一份文件是怎么起草的，你帮我找它起草过程中的内部征求意见稿、修改痕迹和不同版本对比。,【诚实查无】文件起草过程中的内部征求意见稿、修改痕迹属过程性工作信息、一般不主动公开，本知识库只收录正式发布的文件。模型应诚实回复“过程性内部信息本库无，可依《政府信息公开条例》了解是否可申请公开”，不可编造起草过程或内部版本。,,1.0,0,1.0,
G-092,simple,广州市户籍家庭住房租赁补贴的每平方米标准是多少，补贴金额由哪些面积、人口和系数参数共同计算？,广州市住房和城乡建设局关于进一步加强户籍家庭住房保障工作的通知 | 补贴标准为建筑面积每平方米37元，住房租赁补贴各项构成及系数标准见附件2，计算公式为： 住房租赁补贴＝（人均保障建筑面积标准－人均自有产权住房建筑面积）×家庭保障人口×补贴标准×收入补贴系数×区域补贴系数,广州市住房和城乡建设局关于进一步加强户籍家庭住房保障工作的通知,1.0,10,1.0,广州市住房和城乡建设局关于进一步加强户籍家庭住房保障工作的通知
G-093,complex,我们在梳理小排量乘用车车辆购置税税率沿革。1.6升及以下乘用车2015到2016年、2017年、2018年分别按多少税率征收？逐年怎么变的？,"2015.10.1-2016.12.31《减征1.6升及以下排量乘用车车辆购置税》(18921716)：对购置1.6升及以下排量乘用车暂减按5%税率征收车辆购置税
2017年(18923421)：自2017.1.1至12.31减按7.5%税率征收
2018年起(18923421)：自2018.1.1起恢复按10%法定税率征收
推导：小排量车购税税率5%(2015-2016)→7.5%(2017)→10%(2018恢复法定)，优惠分两年退出",国家税务总局关于贯彻落实减征1.6升及以下排量乘用车车辆购置税有关问题的通知;财政部 国家税务总局关于减征1.6升及以下排量乘用车车辆购置税的通知,1.0,6,1.0,国家税务总局关于贯彻落实减征1.6升及以下排量乘用车车辆购置税有关问题的通知 | 财政部 国家税务总局关于减征1.6升及以下排量乘用车车辆购置税的通知
G-097,simple,韶关市医疗保障事业管理中心接受捐赠或资助时，应遵守哪些原则，捐赠财产应按什么范围使用？,韶关市医疗保障事业管理中心章程 | 本单位接受捐赠、资助和使用的原则 本单位接受捐赠须严格遵守法律法规，符合章程规定的宗旨和业务范围，并根据宗旨和业务范围使用,韶关市医疗保障事业管理中心章程,1.0,10,1.0,韶关市医疗保障事业管理中心章程
G-098,simple,广州市2026年口岸建设项目由行政事业单位申报时，支持比例和单个项目支持金额上限分别是多少？,广州市商务局关于做好2026年省级促进开放型经济发展水平提升专项资金（口岸建设事项）项目入库申报工作的函 | 四、支持标准 对行政事业单位作为申报主体的项目，单个项目的支持额度不超过项目所需资金的70%，且不超过2000万元,广州市商务局关于做好2026年省级促进开放型经济发展水平提升专项资金（口岸建设事项）项目入库申报工作的函,1.0,4,1.0,广州市商务局关于做好2026年省级促进开放型经济发展水平提升专项资金（口岸建设事项）项目入库申报工作的函
G-099,simple,我们市在谋划海绵城市建设，想了解国家要求到2020年城市建成区要有多大比例面积达标，需要核实目标指标。,《关于推进开发性金融支持海绵城市建设的通知》｜到2020年城市建成区20%以上面积达到海绵城市建设目标要求；到2030年达到80%以上,住房城乡建设部 国家开发银行关于推进开发性金融支持海绵城市建设的通知,0.5,2,1.0,三部门启动2016年中央财政支持海绵城市建设试点部门新闻 | 住房城乡建设部 国家开发银行关于推进开发性金融支持海绵城市建设的通知 | 关于政协十三届全国委员会第一次会议第0093号（城乡建设类006号）提案答复的函
G-100,complex,我们在核定装修保证金收费标准，需要核实潮州两版规则。现在装修保证金每户最多收多少、装修人员出入证押金每块多少？装修完多久退？,"潮州《规范政府指导价物业服务收费行为的通知》(53094921，2018.2.5起)：装修保证金(押金)每户最高不超过2000元、装修人员出入证押金每块10元；住户装修完成后物业应及时查验并出具书面查验结论通知书，自查验合格之日起15个工作日内退还装修保证金(押金)
潮州《物业服务收费管理实施办法》(53095024，2006.11.1起)：装修保证金由业主与物业企业书面约定、不装修不得收取；业主装修完毕经查验未损坏公共部位的，自检查合格之日起15个工作日内退还
推导：装修保证金≤2000元/户、出入证押金10元/块；两版均要求查验合格后15个工作日内退还(2006旧版与2018新版一致)",关于规范政府指导价物业服务收费行为的通知;印发《潮州市物业服务收费管理实施办法》的通知,0.75,8,1.0,关于规范政府指导价物业服务收费行为的通知 | 关于规范物业服务收费有关问题的通知 | 印发《潮州市物业服务收费管理实施办法》的通知 | 广东省发展改革委 广东省住房城乡建设厅关于进一步规范物业服务收费的通知
G-102,complex,潮州市申报国家中小企业公共服务示范平台时，信息或培训类平台与技术、创业或融资类平台每家服务企业数最低分别是多少？,潮州市工业和信息化局关于组织推荐2022年度国家中小企业公共服务示范平台的通知 | 1. 信息类或培训类平台每家服务企业数下限：1000家；2. 技术类、创业类或融资类平台每家服务企业数下限：500家,潮州市工业和信息化局关于组织推荐2022年度国家中小企业公共服务示范平台的通知,1.0,12,1.0,潮州市工业和信息化局关于组织推荐2022年度国家中小企业公共服务示范平台的通知
G-104,unanswerable,我们在研究新业态政策、广东有没有针对'数字游民'的签证或居住便利政策？有的话我们好纳入招商引才工具包。,【诚实查无】广东并无针对“数字游民”的专门签证或居住政策，本知识库未收录此类事项（签证属国家移民管理事权）。模型应诚实回复“本库未查到该政策，签证事宜以国家移民管理部门为准”，不可编造。,,1.0,0,1.0,广东省科学技术厅关于开展外籍和港澳台高层次人才认定工作的通知 | 中共广东省委 广东省人民政府关于深入实施创新驱动发展战略加快构建全过程创新链的意见（2024年7月24日） | 广东省人力资源和社会保障厅关于 省政协十二届三次会议第0083号提案会办意见的函 | 广东省人力资源和社会保障厅关于省政协 十二届二次会议第20191051号、20191052号、20191053号提案会办意见的函 | 中
G-106,complex,揭阳市2025年高层次人才安居保障中，院士级顶尖人才与A、B、C类人才的补助上限分别是多少？,关于做好2025年揭阳市高层次人才安居保障申请工作的通知 | 1. 院士级别的顶尖人才可享受上限：100万元；2. A类、B类、C类人才可分别享受上限：40万元,关于做好2025年揭阳市高层次人才安居保障申请工作的通知,1.0,14,1.0,关于做好2025年揭阳市高层次人才安居保障申请工作的通知
G-108,complex,我们在经办信用修复和中介超市入驻业务，需要核实韶关和汕头两地时限。卫生健康领域行政处罚信息信用修复办理时限几个工作日？严重失信主体名单呢？汕头中介超市中介机构入驻公示几个工作日？,"韶关《卫生健康信用修复办事指引》(57832371，2024年印发)：行政处罚信息信用修复办理时限7个工作日；严重失信主体名单信息(严重危害正常医疗秩序的失信行为责任人)办理时限15个工作日
汕头《进一步加强中介超市信用管理工作的通知》(60464156)：入驻中介服务机构信息经核查后在“信用广东网”和中介超市公示5个工作日，公示无异议的自动入驻中介超市
推导：卫生健康信用修复行政处罚7工作日、严重失信名单15工作日；中介超市入驻公示5个工作日后自动入驻",卫生健康信用修复办事指引;关于进一步加强汕头市中介超市信用管理工作的通知,1.0,5,1.0,卫生健康信用修复办事指引 | 关于进一步加强汕头市中介超市信用管理工作的通知 | 汕头经济特区公共信用信息管理办法
G-109,partial,潮州市2024年标准化专项资金的受理期如何规定？下一轮申报时间尚未公告时能否沿用旧日期？,关于组织申请2024年潮州市实施技术标准战略专项资金资助项目的通知 | 1. 受理资助申请的时间为2024年4月18日至5月17日，未按时提交申请的项目，视为自动放弃，不再受理；边界：库内材料只能确认上述制度事实，不能确认下一轮标准化专项资金申报起止日期；历史批次日期不能外推到下一批次。,关于组织申请2024年潮州市实施技术标准战略专项资金资助项目的通知,1.0,21,1.0,关于组织申请2024年潮州市实施技术标准战略专项资金资助项目的通知 | 关于印发《潮州市实施技术标准战略专项资金管理办法》的通知 | 关于征集2024年标准化活动项目的通知
G-111,simple,广州市地下空间首次采用长期租赁方式出让时，租赁年限一般不得低于几年、不得超过几年？,广州市规划和自然资源局关于印发优化广州市地下空间开发利用若干措施的通知 | 2.首次出让采用长期租赁的，租赁年限一般不低于5年，不得超过20年,广州市规划和自然资源局关于印发优化广州市地下空间开发利用若干措施的通知,1.0,3,1.0,广州市规划和自然资源局关于印发优化广州市地下空间开发利用若干措施的通知
G-112,simple,一名女性参保人计划在2024年从湛江市办理退休，其职工医保累计缴费年限至少要达到多少年？,湛江市医疗保障局关于印发调整湛江市职工基本医疗保险缴费年限的通知 | 二、女职工缴费年限 2024年1月1日至2024年12月31日，女职工达到法定退休年龄时，职工医保累计缴费满21年,湛江市医疗保障局关于印发调整湛江市职工基本医疗保险缴费年限的通知,1.0,6,1.0,湛江市医疗保障局关于印发调整湛江市职工基本医疗保险缴费年限的通知
G-113,complex,广州市科技型中小企业专业服务机构补助中，单次给予每家机构多少，同一机构累计最高可获多少？,广州市科学技术局关于征集科技型中小企业专业科技服务机构的通知 | 1. 对每家机构给予：10万元；2. 每家机构总补助经费最高上限：30万元,广州市科学技术局关于征集科技型中小企业专业科技服务机构的通知,1.0,4,1.0,广州市科学技术局关于征集科技型中小企业专业科技服务机构的通知 | 广州市科学技术局关于领取2023年度科技服务机构大赛奖励后补助专题“免申即享”补助资金的通知
G-115,unanswerable,我们在做低保标准省际调研、成都作为西部对标城市，成都现在的城乡居民低保每月能领多少？,【诚实查无】成都低保标准属四川省/成都市政策，本知识库未收录（库外查无）。模型应诚实回复“本库未收录四川低保标准，建议咨询成都民政部门”，不可编造金额。,,1.0,0,1.0,2022年1月20日广东省代省长王伟中在广东省第十三届人民代表大会第五次会议上作政府工作报告 | 2019年广东城乡低保最低标准发布 | 印发广州市人口、就业和社会保障“十一五”规划的通知 | 中共广州市委、广州市人民政府关于印发《中共广州市委、广州市人民政府关于切实解决涉及人民群众切身利益若干问题的决定》的通知 | 广东省财政厅 广东省民政厅关于印发《广东省困难群众救助资金管理办法》的通知 | 
G-116,simple,东莞市安全生产培训机构应公开哪些收费、退费和监督信息，并在何时告知培训对象？,东应急〔2024〕138号关于印发《东莞市应急管理局安全生产培训机构管理办法》的通知 | 安全生产培训机构应当公开收费项目、收费标准、培训退费制度、监督举报电话等内容，并在培训对象缴纳培训费前予以告知,东应急〔2024〕138号关于印发《东莞市应急管理局安全生产培训机构管理办法》的通知,1.0,26,1.0,东应急〔2024〕138号关于印发《东莞市应急管理局安全生产培训机构管理办法》的通知
G-120,simple,我们在监管自贸试验区平行进口汽车试点企业，整车保税仓储能存多久，需要核实仓储期限。,《关于促进汽车平行进口试点的若干意见》｜允许试点企业在海关特殊监管区域内开展汽车整车保税仓储业务，期限为3个月，不得延期,商务部 工业和信息化部 公安部 环境保护部 交通运输部 海关总署 国家质量监督检验检疫总局 国家认证认可监督管理委员会关于促进汽车平行进口试点的若干意见,1.0,1,1.0,商务部 工业和信息化部 公安部 环境保护部 交通运输部 海关总署 国家质量监督检验检疫总局 国家认证认可监督管理委员会关于促进汽车平行进口试点的若干意见
G-122,simple,广州市电动自行车废旧蓄电池如何定义，主要包括哪两大类，其中废锂电池又包括哪些常见类型？,广州市生态环境局关于印发广州市电动自行车废旧蓄电池回收处理管理办法的通知 | （一）电动自行车废旧蓄电池：是指为电动自行车提供动力，经过使用周期后电池容量、电压异常而失去使用价值，被所有者抛弃或放弃的车载蓄电池，主要为废铅蓄电池和废锂电池两种类型，其中废锂电池又包括废锰酸锂电池、废磷酸铁锂电池、废三元锂电池、废钴酸锂电池等种类,广州市生态环境局关于印发广州市电动自行车废旧蓄电池回收处理管理办法的通知,1.0,9,1.0,广州市生态环境局关于印发广州市电动自行车废旧蓄电池回收处理管理办法的通知
G-123,simple,上海自贸试验区暂时进境修理企业的信息化管理制度需跟踪哪些信息，对待修货物、坏损零部件和废料应如何管理？,财政部 生态环境部 商务部 海关总署 税务总局关于在中国（上海）自由贸易试验区试点暂时进境修理有关税收政策的通知 | 六、享受政策措施的企业应建立符合海关监管要求的信息化管理制度，能够实现对修理耗用等信息的全流程跟踪，对待修理货物、修理过程中替换的坏损零部件和产生的边角料、修理后的废用料件等进行专门管理,财政部 生态环境部 商务部 海关总署 税务总局关于在中国（上海）自由贸易试验区试点暂时进境修理有关税收政策的通知,1.0,14,1.0,财政部 生态环境部 商务部 海关总署 税务总局关于在中国（上海）自由贸易试验区试点暂时进境修理有关税收政策的通知
G-124,complex,肇庆市普惠型商业补充医疗保险的“一次报销”待遇中，起付线按城乡居民人均可支配收入的多少确定，最高支付限额约为该收入的多少倍？,肇庆市医疗保障局关于印发《肇庆市普惠型商业补充医疗保险实施方案》的通知 | 1. 一次报销起付线占城乡居民人均可支配收入：60%；2. 一次报销最高支付限额为城乡居民人均可支配收入：20倍,肇庆市医疗保障局关于印发《肇庆市普惠型商业补充医疗保险实施方案》的通知,1.0,4,1.0,肇庆市医疗保障局关于印发《肇庆市普惠型商业补充医疗保险实施方案》的通知
G-126,simple,我们在经办湛江先进制造业投资奖励申报，有企业问奖励资金占新增固定资产投资的比例上限是多少，需要核实奖励比例答复。,《湛江市先进制造业发展专项资金（普惠性制造业投资奖励）》｜支持项目“十四五”期间最终获得的奖励资金总额原则上不超过确认新增实际固定资产投资总额的2%,湛江市工业和信息化局关于组织2024年省级先进制造业发展专项资金（普惠性制造业投资奖励）支持项目入库申报的通知,1.0,23,1.0,湛江市工业和信息化局关于组织2026年省制造业当家重点任务保障专项资金普惠性制造业投资奖励支持项目入库申报的通知
G-127,unanswerable,我是窗口的、有群众来问说国家要对不结婚的人收'单身税'，广东怎么收、一年交多少？我需要确认口径答复群众。,【诚实查无】我国并不存在“单身税”这一税种，本知识库无此政策。模型应诚实回复“不存在所谓单身税，以税务部门法定税种为准”，不可编造不存在的税种。,,0.0,17,1.0,
G-128,simple,广州市其他地下空间补缴土地出让金时，地下负一层、负二层和负三层及以下分别按基准地价的什么比例计收？,广州市规划和自然资源局关于印发优化广州市地下空间开发利用若干措施的通知 | 除上述情形外的其他地下空间（包括非机动车库、机动车库、设备用房等）按规划和自然资源部门依法受理补缴出让金申请时所在地段停车库用途基准地价（不作基准地价系数修正）的一定比例乘以建筑面积计收出让金，其中地下负一层的比例为10%、地下负二层比例为5%、地下负三层及以下不计收，按已办理土地出让手续处理,广州市规划和自然资源局关于印发优化广州市地下空间开发利用若干措施的通知,1.0,15,1.0,广州市规划和自然资源局关于印发优化广州市地下空间开发利用若干措施的通知
G-129,simple,“十二五”城市绿色照明，到期末城市照明节电率要达到多少，我们需要核实目标指标。,《“十二五”城市绿色照明规划纲要》｜以2010年底为基数，到“十二五”期末城市照明节电率达到15%,关于印发“十二五”城市绿色照明规划纲要的通知,1.0,1,1.0,关于印发“十二五”城市绿色照明规划纲要的通知
G-131,simple,我们在经办一宗肇庆建筑工程建筑面积计算，要确认现行建筑面积计算规范是从什么时候开始实施的，需要核实。,《建筑工程建筑面积计算规范》（GB/T50353-2013）｜自2014年7月1日起实施，原GB/T50353-2005同时废止,新版《建筑工程建筑面积计算规范》,1.0,6,1.0,新版《建筑工程建筑面积计算规范》 | 住房城乡建设部关于发布国家标准《建筑工程建筑面积计算规范》的公告
G-132,complex,我们在核定居家养老补贴和床位目标，需要核实顺德和河源两地数据。顺德居家养老上门服务全额和半额资助每月分别多少、各给几小时？河源2015年定的千名老人拥有床位多少张？,"顺德《调整居家养老服务政府资助范围和标准的通知》(40811349，2014.1.1起)：居家养老上门服务政府全额资助标准每人每月534元、半额资助标准每人每月267元；全额资助对象每月30小时上门服务、半额资助对象每月15小时上门服务(均含免费平安钟)
河源《加快社会养老服务事业发展的实施意见》(41768044)：到2015年全市养老床位总数达到1.3万张，达到每千名老人拥有床位28张
推导：顺德全额534元/月(30小时)、半额267元/月(15小时)；河源2015年目标千名老人28张床位、总1.3万张",顺德区人民政府办公室关于调整我区居家养老服务政府资助范围和标准的通知;河源市人民政府办公室关于加快社会养老服务事业发展的实施意见,1.0,9,1.0,顺德区人民政府办公室关于调整我区居家养老服务政府资助范围和标准的通知 | 河源市人民政府办公室关于加快社会养老服务事业发展的实施意见 | 河源市人民政府办公室印发河源市老龄事业发展“十二五”规划的通知
G-133,partial,韶关市工业企业自建天然气站应落实哪些安全管理和培训责任？某企业整改是否通过仍需核验什么？,关市安全生产委员会办公室关于印发《韶关市工业企业自建自用天然气站安全专项排查整治工作方案》的通知 | 1. 8.工业企业应当落实燃气安全管理制度，将燃气安全纳入本单位的安全生产管理工作目标，加强操作维护人员安全教育培训，提高操作技能和应急处置能力；边界：库内材料只能确认上述制度事实，不能确认具体企业当前检查整改结论；管理要求不记录个案检查证据和复核结果。,关市安全生产委员会办公室关于印发《韶关市工业企业自建自用天然气站安全专项排查整治工作方案》的通知,0.3333333333333333,3,0.3333333333333333,韶关市安委会办公室关于印发《韶关市城镇燃气安全专项整治工作实施方案》的通知 | 关市安全生产委员会办公室关于印发《韶关市工业企业自建自用天然气站安全专项排查整治工作方案》的通知 | 关于做好2017年天然气迎峰度冬工作的通知 | 两部门通知加强迎峰度冬期间天然气安全生产工作 | 广东省安全生产监督管理局印发关于进一步加强安全培训考核工作指导意见的通知 | 广东省交通运输厅关于印发公路水运工程平安工
G-134,simple,有家长来咨询，孩子在广东上学、宿舍新装了空调，问我住宿费每学年加收多少，需要核实收费标准答复。,《广东公办学校学生公寓住宿费调查通知》｜新增安装空调的可在规定住宿费标准基础上每生每学年加收200元，新增安装电梯的加收100元,关于开展公办普通高等学校 中等职业技术学校和技工院校学生公寓（宿舍）住宿费及有关情况调查的通知,1.0,2,1.0,关于开展公办普通高等学校 中等职业技术学校和技工院校学生公寓（宿舍）住宿费及有关情况调查的通知 | 广东省物价局、广东省教育厅、广东省财政厅关于2000年我省高校收费标准的通知 | 广东省发展改革委 广东省教育厅 广东省人力资源和社会保障厅关于调整普通高等学校中等职业技术学校和技工院校学生公寓（宿舍）住宿费核准方式的通知
G-135,complex,复核2022年度潮州市水利水电专业职称资历时，资历年限从本级职称评审年度几月起算，计算到申报高一级职称评审年度几月？,关于做好2022年度水利水电专业职称评审工作的通知 | 1. 职称资历年限的起算时间为本级职称评审年度：1月；2. 截止时间为申报高一级职称评审年度：12月,关于做好2022年度水利水电专业职称评审工作的通知,1.0,8,1.0,关于做好2022年度水利水电专业职称评审工作的通知
G-136,simple,河源市2025年度住房公积金缴存基数按什么工资口径核定，上限和下限分别是多少元？,关于开展河源市2025年度住房公积金缴存基数调整的通知 | 三、缴存基数核定 住房公积金缴存基数按职工本人2024年度月平均工资核定，最高不得高于2024年河源市城镇非私营单位在岗职工月平均工资的3倍，即24273元，最低不得低于河源市全日制就业劳动者月最低工资标准，即1750元,关于开展河源市2025年度住房公积金缴存基数调整的通知,1.0,8,1.0,关于开展河源市2025年度住房公积金缴存基数调整的通知
G-138,simple,有梅州企业来咨询，单位有位离休老同志、每年要缴统筹医疗费，问我现在每人每年的缴费定额是多少，需要核实缴费标准答复。,《关于调整市直企业离休干部统筹医疗费缴费标准的通知》｜企业离休干部统筹医疗费缴费定额调整为每人每年37000元（2010年1月起执行）；企业关闭破产时按37000元/人乘以应缴费年限一次性缴纳,关于调整市直企业离休干部统筹医疗费缴费标准的通知,1.0,4,1.0,关于调整市直企业离休干部统筹医疗费缴费标准的通知
G-140,unanswerable,我们在做尽调、想了解一个单位，你帮我找一份某单位内部没公开的审计报告、看看他们有什么问题。,【诚实查无】单位内部未公开的审计报告不在本知识库收录范围，且涉他人/他单位的内部材料非经合法程序不得获取。模型应诚实回复“该内部报告本库无、不应提供，合法需求可通过司法途径申请调查”，不可协助获取或编造内部审计内容。,,1.0,0,1.0,
G-142,simple,梅州市企业能否同时申报创新型中小企业和专精特新中小企业？属地部门能否以创新成果尚未公布为由阻止申报？,关于组织开展2024 年创新型中小企业评价、专精特新中小企业认定和 2021 年专精特新中小企业复核工作的通知 | （四）符合创新型中小企业和专精特新中小企业要求的可同时申报，梅州高新区和各县（市、区）不得以创新型结果未公布为由，限制企业申报或不予审核,关于组织开展2024 年创新型中小企业评价、专精特新中小企业认定和 2021 年专精特新中小企业复核工作的通知,1.0,18,1.0,关于组织开展2024 年创新型中小企业评价、专精特新中小企业认定和 2021 年专精特新中小企业复核工作的通知 | 关于组织开展2025年创新型中小企业评价（复核）和专精特新中小企业认定（复核）工作的通知
G-143,simple,有企业来咨询，想在肇庆开办企业、听说现在速度很快，问我多久能办成，需要核实办理时限答复。,《肇庆市企业开办服务》｜按“一门受理、一网通办、一次办成”目标，于2019年3月18日全面实现“企业开办1天办成”,肇庆市市场监督管理局2019年度法治政府建设情况报告,1.0,44,1.0,肇庆市商务局关于印发《肇庆市推动品牌连锁便利店企业加快发展工作方案（2023—2025年）》的通知 | 肇庆市市场监督管理局2019年度法治政府建设情况报告
G-144,complex,我们在经办商品房预售资金监管审批，需要核实湛江和肇庆两地规则。湛江主体验收前企业最多能申请多少建设资金、按什么单价算？肇庆一个预售许可证最多能开几个监控账户？,"湛江《进一步规范商品房预售资金使用管理的通知》(40769268)：取得预售证后、主体工程完成验收前，房企最多可申请该项目三分之一主体工程建设资金(不含法定税费)，按3300元/㎡×项目预售面积的三分之一计算；主体验收后在不低于累计进账5%保底前提下，可申请≤3300元/㎡×建筑面积
肇庆《商品房预售资金监管实施办法》解读(41932014)：一个预售许可证对应可开设最多不超过3个监控账户，预售人须与监管部门及监控银行签订监管协议
推导：湛江给“申请额度公式”(3300元/㎡×预售面积×1/3，主体验收前)，肇庆给“账户数上限”(一证≤3个监控账户)；额度与账户分属两地不同监管口径",湛江市住房和城乡建设局关于进一步规范商品房预售资金使用管理的通知;《肇庆市商品房预售资金监管实施办法》解读,1.0,3,1.0,湛江市住房和城乡建设局关于进一步规范商品房预售资金使用管理的通知 | 《肇庆市商品房预售资金监管实施办法》解读
G-145,partial,汕头市学校能否向随迁子女收取区别于本地学生的费用？某次收费投诉的处理结果能否从招生通知得出？,汕头市招生委员会关于做好汕头市2024年义务教育学校招生入学工作的通知 | 1. 任何学校都不得向来汕、进城务工人员随迁子女收取有别于本地户籍学生的任何费用；边界：库内材料只能确认上述制度事实，不能确认具体收费投诉当前处理结论；禁止性规则不记录个案调查和退款处理。,汕头市招生委员会关于做好汕头市2024年义务教育学校招生入学工作的通知,1.0,7,1.0,汕头市招生委员会关于做好汕头市2024年义务教育学校招生入学工作的通知 | 汕头市发展和改革局汕头市教育局汕头市市场监督管理局关于进一步规范我市中小学收费管理的通知 | 汕头市招生委员会关于印发《汕头市2025年初中学业水平考试与高中阶段学校招生录取实施办法》的通知 | 汕头市发展和改革局关于重申规范我市中小学收费管理的通知 | 关于公布2025年汕头市技工教育招生院校名单的通知
G-150,unanswerable,我们在做企业尽调、想了解一家广东企业，你帮我把它历年被行政处罚的每一份决定书全文档案都调出来。,【诚实查无】企业历年完整的行政处罚决定书全文档案须通过“信用中国”或国家企业信用信息公示系统等依法查询，本知识库不存个别企业的处罚档案全集。模型应诚实回复“本库无该企业处罚档案，建议通过信用中国、企业信用信息公示系统查询”，不可编造企业处罚记录。,,1.0,0,1.0,税务稽查案件办理程序规定 | 中华人民共和国行政处罚法 | 行政处理决定书（广州顺为招标采购有限公司) | 政府采购行政处罚决定书 | 财政监督处罚撤案决定书 | 行政处罚公告（中晟） | 广东省发展改革委关于印发《广东省信用助企惠民“一揽子”举措实施方案》的通知 | 市场监管总局：规范商标申请注册行为若干规定 | 广州市规划和自然资源局关于实施信用报告代替无违法违规证明改革的公告
G-151,simple,潮州市教材选用单位成立教材选用委员会后，该委员会需要完成哪些具体工作？,潮州市教育局关于印发《潮州市中小学教材选用管理办法》的通知 | 教材选用单位应当组织成立教材选用委员会，负责本地（本单位）教材选用工作，制定教材选用方案，统筹确定教材选用结果等,潮州市教育局关于印发《潮州市中小学教材选用管理办法》的通知,1.0,19,1.0,潮州市教育局关于印发《潮州市中小学教材选用管理办法》的通知
G-152,simple,潮州市声环境功能区划中的‘交通干线边界’分别如何确定：有无人行道的市政道路、高架道路、公路和铁路各取哪条边界线？,潮州市生态环境局关于对《潮州市声环境功能区划分方案》的补充说明 | 一、“交通干线边界”是指城市交通干线中各级市政道路与人行道的交界线，无人行道的高架道路地面投影边界，各级公路的边界线，铁路交通用地边界线,潮州市生态环境局关于对《潮州市声环境功能区划分方案》的补充说明,1.0,9,1.0,潮州市生态环境局关于对《潮州市声环境功能区划分方案》的补充说明
G-153,complex,复盘河源市基础设施供给侧改革目标时，行政村自来水覆盖率和农村自来水普及率分别要求达到多少？,河源市人民政府关于印发河源市推进基础设施供给侧结构性改革实施方案的通知 | 1. 实现行政村自来水覆盖率：90%；2. 农村自来水普及率：85%,河源市人民政府关于印发河源市推进基础设施供给侧结构性改革实施方案的通知,1.0,3,0.5,印发河源市村村通自来水工程建设方案的通知 | 河源市人民政府关于印发河源市推进基础设施供给侧结构性改革实施方案的通知 | 河源市人民政府办公室关于印发河源市城乡环境卫生整洁行动实施方案（2015—2020年）的通知
G-156,complex,韶关市2024年度水利水电职称有效材料从本级评审年度几月起算，截止到申报高一级职称年度几月？,关于做好韶关市2024年度水利水电专业技术职称评审（初、中级）工作的通知 | 1. 有效材料时段的起算时间为本级职称评审年度：9月；2. 截止时间为申报高一级职称评审年度：12月,关于做好韶关市2024年度水利水电专业技术职称评审（初、中级）工作的通知,1.0,10,1.0,关于做好韶关市2024年度水利水电专业技术职称评审（初、中级）工作的通知
G-157,simple,我们在规划和平县义务教育学校布局，服务半径中学和小学分别按多少测算，需要核实。,《和平县义务教育发展专项行动方案》｜县城学校服务半径按中学2公里、小学1.5公里测算，覆盖率为100%,和平县人民政府关于印发关于和平县义务教育发展专项行动方案（2021-2025年）的通知,1.0,5,1.0,和平县人民政府关于印发关于和平县义务教育发展专项行动方案（2021-2025年）的通知 | 和平县人民政府办公室关于印发和平县农村小规模学校优化提升工作方案的通知
G-158,simple,潮州市义务教育学校能否选用境外教材；普通高中确需选用时应按什么规定办理？,潮州市教育局关于印发《潮州市中小学教材选用管理办法》的通知 | 义务教育学校不得选用境外教材，普通高中一般不得选用境外教材，确需选用的，按照《广东省中小学校选用境外教材管理的实施细则（试行）》和国家有关政策执行,潮州市教育局关于印发《潮州市中小学教材选用管理办法》的通知,1.0,4,1.0,潮州市教育局关于印发《潮州市中小学教材选用管理办法》的通知
G-161,simple,我们在经办国家康居示范工程申报，有房企问对企业资质和项目规模有什么要求、负债率和小区用地门槛是多少，需要核实答复。,《国家康居示范工程管理办法》｜申报企业现有资产负债率不得高于60%；住宅小区用地规模大中城市不宜小于8公顷、小城市不宜小于6公顷、小城镇不宜小于3公顷,建设部关于印发《国家康居示范工程管理办法》的通知,1.0,15,1.0,建设部关于印发《国家康居示范工程管理办法》的通知 | 建设部关于印发《国家康居示范工程实施大纲》的通知
G-162,unanswerable,广东省2027年度高新技术企业奖补金额尚未公布，申报咨询时能否承诺具体补助数额？,无业务来源 | 库内无答案：截至2026-08-06没有能够证明“2027年度高新技术企业奖补金额”已正式公布的材料，应明确拒绝编造并建议查询主管部门最新公开信息。,,1.0,7,1.0,广州市科学技术局 广州市财政局 国家税务总局广州市税务局关于组织开展广州市2026年高新技术企业认定工作的通知 | 广州市财政局关于政协十四届 广州市委员会第四次会议第4034号提案答复的函 | 关于2017年广东省高新技术企业培育库拟入库企业（第一批）项目计划的公示 | 关于印发《高新技术企业培育资金管理办法》（试行）的通知（粤财工〔2015〕242号）
G-164,simple,我们在审核东莞万江产业高质量发展奖励资金申报，有企业问哪些违规情形会被一票否决，需要核实不予奖励情形答复。,《万江街道扶持产业高质量发展奖励资金申报》｜不予奖励情形：企业被列入失信被执行人黑榜；单次处罚罚款没收合计10万元及以上等,关于受理2024年度万江街道扶持产业高质量发展奖励资金申报的通知,1.0,4,1.0,关于受理2024年度万江街道扶持产业高质量发展奖励资金申报的通知
G-166,complex,我们在经办工业产品生产许可和行政审批事项调整，需要核实质检总局和广州两地时限。质检总局自受理申请之日起多少日内作出是否准予许可的决定？广州的行政审批、备案事项需调整的，应在职能调整文件公布之日起多少个工作日内提出申请？,"质检总局《深化工业产品生产许可证制度改革优化许可审批流程》(40927199)：自受理企业申请之日起30日内作出是否准予许可或不予许可的决定；企业同单元产品6个月内接受省级及以上质量监督抽查合格的，申请到期延续时可免发证检验
广州《行政审批备案事项动态调整办法》(40857099，2015年印发)：行政审批、备案事项需调整的，应在法律法规规章或机构编制管理部门职能调整文件公布之日起20个工作日内向市机构编制管理部门提出书面动态调整申请；审核确认意见经审定之日起10个工作日内调整实施
推导：工业产品生产许可质检总局30日内决定，广州审批备案事项调整须职能文件公布后20个工作日内申请、审定后10个工作日内实施",质检总局关于深化工业产品生产生产许可证制度改革优化许可审批流程有关工作的通知;广州市行政审批备案事项动态调整办法,1.0,3,1.0,质检总局关于深化工业产品生产生产许可证制度改革优化许可审批流程有关工作的通知 | 广州市行政审批备案事项动态调整办法
G-168,complex,梅州城区居民管道燃气价格联动上调时，单次涨幅不得超过第一档销售价的多少，同时每立方米最多上调多少元？,梅州市发展和改革局关于调整梅州城区管道燃气居民生活用气阶梯气量及完善燃气购销价格联动机制的通知 | 1. 每次上调幅度不超过居民第一档销售价格：10%；2. 不超过每立方米：0.5元,梅州市发展和改革局关于调整梅州城区管道燃气居民生活用气阶梯气量及完善燃气购销价格联动机制的通知,1.0,4,1.0,梅州市发展和改革局关于调整梅州城区管道燃气居民生活用气阶梯气量及完善燃气购销价格联动机制的通知
G-169,complex,复盘福建省义务教育均衡发展督导整改投入时，新增体育场馆面积和新增仪器设备金额分别是多少？,国家教育督导检查组对福建省义务教育均衡发展督导检查反馈意见 | 1. 新增体育场馆面积：169.5万平方米；2. 新增仪器设备：13亿元,国家教育督导检查组对福建省义务教育均衡发展督导检查反馈意见,1.0,14,1.0,国家教育督导检查组对福建省义务教育均衡发展督导检查反馈意见
G-170,partial,湛江市夫妻双方缴存公积金时每户最高贷款额度是多少？某户申请当前是否获批，能否仅凭额度规则判断？,湛江市住房公积金管理委员会关于调整住房公积金个人住房贷款政策的通知 | 1. （二）双方缴存 按单方缴存计算的贷款额度相加，相加之和为双方缴存的最高贷款额度，但每户最高贷款额度不超过90万元；边界：库内材料只能确认上述制度事实，不能确认具体家庭贷款审批结果；额度上限不包含征信、房屋等个案审核结论。,湛江市住房公积金管理委员会关于调整住房公积金个人住房贷款政策的通知,0.6666666667,23,0.6667,湛江市住房公积金管理委员会关于提高住房公积金个人住房最高贷款额度的通知 | 湛江市住房公积金管理委员会关于调整住房公积金个人住房贷款政策的通知 | 湛江市住房公积金管理委员会关于调整住房公积金个人住房贷款额度有关问题的通知 | 湛江市住房公积金管理委员会关于印发《湛江市住房公积金管理委员会关于湛江市住房公积金个人住房贷款管理办法》的通知 | 建设部财政部中国人民银行关于住房公积金管理若干问题的指导
G-171,simple,我们在落实潮州中职招生奖励，学校完成招生任务60%后每招一名学生奖多少，需要核实奖励标准。,《潮州市高中阶段教育毛入学率达标奖励方案》｜各中职学校在完成招生任务60%前提下，每招一名学生按每生100元给予奖励；全市中职招生奖励资金控制在38万元以内,关于印发《关于2010年我市高中阶段教育毛入学率达标奖励方案》的通知,1.0,2,1.0,关于印发《关于2010年我市高中阶段教育毛入学率达标奖励方案》的通知
G-172,simple,东莞市商务发展专项资金中，哪两类资助金额较小的项目原则上不予支持，什么情形可以例外？,东莞市商务局关于印发《东莞市商务高质量发展专项资金管理办法》的通知 | 以货款抵扣、折让等方式支付费用的，或者支持金额在1000元以下的项目，原则上不予纳入支持的范围，有特别说明的除外,东莞市商务局关于印发《东莞市商务高质量发展专项资金管理办法》的通知,1.0,12,1.0,东莞市商务局关于印发《东莞市商务高质量发展专项资金管理办法》的通知
G-173,simple,湛江市住房公积金行政处罚案件经一次延期仍无法决定，什么程序下可以再次延期，再次延长期限最长多久？,湛江市住房公积金管理委员会关于印发《湛江市住房公积金管理委员会关于湛江市住房公积金行政执法管理办法》的通知 | 案情特别复杂或者有其他特殊情况，经延期仍不能作出行政处罚决定的，应当由市中心领导集体讨论决定是否再次延期，决定再次延期的，再次延长的期限不得超过60日,湛江市住房公积金管理委员会关于印发《湛江市住房公积金管理委员会关于湛江市住房公积金行政执法管理办法》的通知,0.0,10,1.0,湛江市住房公积金管理委员会关于印发《湛江市住房公积金管理委员会关于湛江市住房公积金行政执法管理办法》的通知
G-174,unanswerable,我们在做政策回顾、需要某市政府2019年第18次常务会议的原始会议记录、包括谁说了什么、讨论过程，你整理给我。,【诚实查无】市政府常务会议原始记录（含讨论过程）属内部工作记录、非主动公开内容，本知识库不收录。模型应诚实回复“该原始记录非公开，建议通过政府信息公开申请渠道、依《政府信息公开条例》依法申请”，不可编造会议讨论内容。,,1.0,0,1.0,
G-176,complex,广东省博物馆、纪念馆免费开放补助中，国家一级馆和国家二级馆每馆每年分别补助多少？,广东省财政厅关于印发《广东省博物馆 纪念馆免费开放补助资金管理办法》的通知 | 1. 国家一级馆每馆每年补助：50万元；2. 国家二级馆每馆每年补助：30万元,广东省财政厅关于印发《广东省博物馆 纪念馆免费开放补助资金管理办法》的通知,0.0,15,1.0,广东省财政厅关于印发《广东省博物馆 纪念馆免费开放补助资金管理办法》的通知
G-177,simple,我们在经办揭阳专精特新中小企业贷款贴息，有企业问去年付了不少利息、补助比例和上限是多少，需要核实贴息标准答复。,《揭阳市2026年专精特新中小企业贷款贴息项目》｜对实际发生利息总额达30万元及以上的支出给予补助，补助比例最高不超过利息的50%、最高不超过100万元,关于做好2026年专精特新中小企业贷款贴息项目申报入库工作的通知,1.0,4,1.0,关于做好2026年专精特新中小企业贷款贴息项目申报入库工作的通知
G-178,simple,东莞市房屋建筑工程具备哪些前提后，可以按基坑、基础工程等施工进度分阶段申请施工许可证？,《东莞市优化营商环境条例》自2024年3月1日起施行 | 房屋建筑工程项目满足土地、规划条件后，在依法确定施工总承包单位、确保工程质量安全的前提下，建设单位可以按照基坑、基础工程等施工进展顺序，分阶段申请办理施工许可证,《东莞市优化营商环境条例》自2024年3月1日起施行,1.0,35,1.0,《东莞市优化营商环境条例》自2024年3月1日起施行
G-179,complex,我们在调研各地公租房准入标准，需要对比龙川和端州两地。两地公租房对家庭财产/资产分别怎么卡线？,"龙川《2025年老隆镇公共租赁住房供应对象相关标准》：住房困难按人均住房建筑面积低于15㎡；财产困难——家庭成员无工商注册或年营业额15万元以下、无机动车或仅一辆且价值8万元以下
肇庆端州《2025年公共租赁住房申请准入条件》：家庭人均可支配收入≤34938元/年（2912元/月）、家庭资产净值人均≤8万元
差异：龙川按“营业额15万/车值8万”卡财产，端州按“资产净值人均8万”卡资产",龙川县人民政府办公室关于公布2025年龙川县老隆镇公共租赁住房供应对象相关标准的通知;肇庆市端州区住房和城乡建设局关于印发2025年端州区公共租赁住房申请准入条件的通知,1.0,7,1.0,龙川县人民政府办公室关于公布2025年龙川县老隆镇公共租赁住房供应对象相关标准的通知 | 肇庆市端州区住房和城乡建设局关于印发2025年端州区公共租赁住房申请准入条件的通知
G-181,simple,同一举报人在韶关市获得消防安全违法行为举报奖励时，每月和每年的累计金额上限分别是多少？,韶关市消防救援支队关于印发《韶关市消防安全违法行为举报奖励办法》的通告 | 同一举报人每月在本市奖励金额累计不超过人民币500元，每年在本市奖励金额累计不超过人民币3000元,韶关市消防救援支队关于印发《韶关市消防安全违法行为举报奖励办法》的通告,1.0,4,1.0,韶关市消防救援支队关于印发《韶关市消防安全违法行为举报奖励办法》的通告
G-182,simple,居民家庭在潮州市使用商业性个人住房贷款购房时，首套和二套是否区分，最低首付款比例统一为多少？,关于印发《潮州市进一步优化房地产市场高质量发展政策措施》的通知 | 对于贷款购买住房的居民家庭，商业性个人住房贷款不再区分首套、二套住房，最低首付款比例统一为15%,关于印发《潮州市进一步优化房地产市场高质量发展政策措施》的通知,1.0,8,1.0,关于印发《潮州市进一步优化房地产市场高质量发展政策措施》的通知
G-183,unanswerable,我是社保经办的、有位群众2019年3月入职、2021年7月休产假、2023年9月离职，要求精确列出在湛江能领多少生育津贴、分月列出来，你帮我算。,【诚实查无】生育津贴=单位上年度月平均缴费工资÷30×产假天数，精确到个人的数额须以参保系统缴费基数和产假天数核定，政策文件不定到“某年某月入职/产假/离职”的个人结果。模型应诚实回复“无法据您所述精确测算，建议登录粤省事或参保地医保经办查询”，不可编造精确到元的个人结果。,,1.0,0,1.0,关于《生育保险办法（征求意见稿）》公开征求意见的通知 | 国务院办公厅关于全面推进生育保险和职工基本医疗保险合并实施的意见 | 《广东省生育保险和职工基本医疗保险合并实施意见（征求意见稿）》公开征求意见的公示
G-184,complex,我们在核定低保户阶梯电价优惠，需要核实免费电量和居民电价。低保户和五保户家庭每月每户扣减多少免费电量？哪几个市居民电价统一降到了每千瓦时0.70元再实行阶梯电价？,"广东《居民生活用电试行阶梯电价的通知》(40947454)：对全省城乡低保户和农村五保户家庭每户每月设置15千瓦时免费用电基数，由供电企业抄表收费时直接扣减；汕头、潮州、揭阳、汕尾、云浮5市居民电价统一降低到0.70元/千瓦时、在此基础上实行阶梯电价
广东《执行居民阶梯电价有关问题的通知》(40765567)：低保户和五保户家庭每户每月用电量由供电企业抄表收费时直接扣减15千瓦时免费电量后再执行阶梯电价，当月用电不足15千瓦时的按实际用电量扣减
推导：低保户/五保户每户每月免费扣减15千瓦时；汕头/潮州/揭阳/汕尾/云浮5市居民电价先降至0.70元/千瓦时再叠阶梯",关于我省居民生活用电试行阶梯电价有关问题的通知;关于执行居民阶梯电价有关问题的通知,1.0,4,1.0,关于我省居民生活用电试行阶梯电价有关问题的通知 | 关于执行居民阶梯电价有关问题的通知
G-185,partial,我们在做公积金商转公流程对比调研、东莞和上海是对比点，审核通过后分别多久内要去银行签借款合同？请整理。,"【部分答案·库内可查】东莞优化商转公“先还后贷”流程：申请人应在商转公贷款审核通过后60个自然日内到贷款银行签订借款合同（来源 fileId 40773872，库内有）。
【部分答案·库外查无】上海公积金商转公签约时限属外省政策，本库未收录，模型应诚实标注“上海部分查不到、建议咨询上海公积金中心”，不可编造上海时限。",关于优化商转公先还后贷申请流程的通知,0.5,18,1.0,关于优化商转公先还后贷申请流程的通知 | 关于新增商转公贷款（先还后贷）在线申请的通知 | 关于《广州市住房公积金贴息贷款实施办法》（征求意见稿）公开征求意见的公告
G-187,simple,企业办理跨区域迁移登记时，迁入地和迁出地登记机关能否限制迁移，法定例外是什么？,市场监管总局 人力资源社会保障部 住房城乡建设部 税务总局关于推动高效办成企业迁移登记“一件事”的指导意见 | 迁入地、迁出地登记机关不得限制、妨碍企业跨区域迁移，法律、行政法规规定不得迁移的情形除外,市场监管总局 人力资源社会保障部 住房城乡建设部 税务总局关于推动高效办成企业迁移登记“一件事”的指导意见,1.0,12,1.0,市场监管总局 人力资源社会保障部 住房城乡建设部 税务总局关于推动高效办成企业迁移登记“一件事”的指导意见 | 国家税务总局关于进一步便利纳税人跨区迁移 服务全国统一大市场建设的通知 | 广东省市场监督管理局关于印发食品生产加工小作坊登记管理办法的通知
G-188,simple,东莞市公建民营养老机构的运营方提供服务时，应符合哪些类型的养老服务标准？,东莞市民政局关于进一步规范公建民营养老机构管理的通知 | 1.运营方提供的服务应符合《养老机构服务安全基本规范》《养老机构服务质量基本规范》等有关国家标准、地方标准及行业标准,东莞市民政局关于进一步规范公建民营养老机构管理的通知,1.0,18,1.0,东莞市民政局关于进一步规范公建民营养老机构管理的通知
G-189,simple,我们在落实研发费用加计扣除政策，企业反映问题和投诉后，税务机关一般要在多久内予以解决，需要核实办理时限。,《关于进一步做好企业研究开发费用税前加计扣除政策贯彻落实工作的通知》｜对纳税人反映的相关问题和投诉，各级税务机关应在接到后的10个工作日内予以解决,国家税务总局关于进一步做好企业研究开发费用税前加计扣除政策贯彻落实工作的通知,1.0,1,1.0,国家税务总局关于进一步做好企业研究开发费用税前加计扣除政策贯彻落实工作的通知 | 国家税务总局关于修订《纳税服务投诉管理办法》的公告 | 国家税务总局关于建立小微企业涉税诉求和意见快速响应机制的通知
G-190,complex,我们在经办燃气工程审批，需要核实湛江和潮州两地规则。湛江投资额100万以内的燃气工程要不要办施工许可证？潮州现有住宅小区的中压燃气管道设计压力定多少、要不要兼容两种气源？,"湛江《进一步加强燃气工程建设管理的通知》(41835852，2025.8.4)：工程投资额100万元以下(含)的中、低压市政道路燃气管线工程与管道燃气用户供气工程可不申请施工许可证、实行开工报备制度(开工前书面告知属地乡镇政府)
潮州《加强管道燃气管理工作的通知》(53092909)：现有住宅小区内液化石油气输配管道的设计压力、管径及设施配置应满足今后改用天然气供气的技术要求，中压燃气管道设计压力为0.4MPa；须执行《城镇燃气设计规范》GB50028-2006
差异：湛江给小型燃气工程施工许可豁免门槛(≤100万开工报备)，潮州给现有小区中压管道设计压力(0.4MPa)及液化石油气/天然气双气源兼容要求",湛江市住房和城乡建设局关于进一步加强燃气工程建设管理的通知;关于加强管道燃气管理工作的通知,1.0,7,1.0,湛江市住房和城乡建设局关于进一步加强燃气工程建设管理的通知 | 潮州凤泉湖高新区陶瓷及先进制造产业基地基础设施建设项目（曾美店片区、詹罗田片区）中压燃气管道工程《建设工程规划许可证》批前公示 | 潮州深能燃气有限公司凤泉湖高新区院校片区（铺埔片区）中压燃气管道工程《建设工程规划许可证》批前公示 | 关于加强管道燃气管理工作的通知
G-191,complex,核算2021年度潮州市农业农村职称资历时，资历从本级职称评审年度几月起算，截止到申报高一级职称年度几月？,关于做好我市2021年农业农村专业人才职称评审工作的通知 | 1. 职称资历年限的起算时间为本级职称评审年度：1月；2. 截止时间为申报高一级职称评审年度：12月,关于做好我市2021年农业农村专业人才职称评审工作的通知,1.0,6,1.0,关于做好我市2021年农业农村专业人才职称评审工作的通知
G-193,unanswerable,我是住保窗口的、有位群众住广州海珠区XX路18号603室、一家五口月收入共8600元、名下无房，要求精确答复能排到多大面积、每月补多少，你帮我精确测算一下。,【诚实查无】公租房的具体配租面积、租金核减须结合申请家庭档案经审核确定，政策文件只定分档规则、不定到“某路某号某室某收入”的精确结果。模型应诚实回复“无法据您所述直接核定，建议向户籍所在地街道住保部门提出申请、以审核结果为准”，不可编造精确面积和金额。,,1.0,0,1.0,广州市住房和城乡建设局关于进一步加强户籍家庭住房保障工作的通知
G-194,simple,我们省住建厅要做2020年度装配式建筑发展情况统计，报送截止时间是什么时候，需要核实。,《2020年度装配式建筑发展情况统计工作通知》｜各省住建主管部门须于2021年1月15日前将统计表报送住建部标准定额司,住房和城乡建设部标准定额司关于开展2020年度装配式建筑发展情况统计工作的通知,1.0,2,1.0,住房和城乡建设部标准定额司关于开展2020年度装配式建筑发展情况统计工作的通知
G-196,simple,韶关市乡村产业点状供地项目核发不动产权证时，登记簿和产权证应附记什么转让、抵押限制？,韶关市自然资源局关于印发《韶关市乡村产业项目点状供地实施细则》的通告 | 各地不动产登记机构在核发不动产权证时，应当在不动产登记簿和产权证中附记“该不动产属点状供地项目，应当严格遵守不得单独按宗转让或抵押等限制规定”,韶关市自然资源局关于印发《韶关市乡村产业项目点状供地实施细则》的通告,1.0,7,1.0,韶关市自然资源局关于印发《韶关市乡村产业项目点状供地实施细则》的通告
G-197,simple,我们在经办广州白云区产业政策申报，有企业问申报项目发生时间要在哪个区间内，需要核实申报时间范围答复。,《广州市白云区2025年度产业政策申报通知》｜所申报项目发生时间应在2024年12月1日至2025年12月7日期间，且申报时已完成或阶段性目标达成,广州市白云区市场监督管理局关于组织开展2025年度产业政策申报工作的通知,1.0,6,1.0,广州市白云区市场监督管理局关于组织开展2025年度产业政策申报工作的通知
G-198,complex,汕头市最低生活保障审核中，评估材料出具或收到后应在多少个工作日内提出初审意见，初审结果需公示多少日？,汕头市最低生活保障办法 | 1. 评估材料出具或收到后提出初审意见的时限：5个工作日；2. 初审结果公示期：7日,汕头市最低生活保障办法,1.0,3,1.0,汕头市最低生活保障办法
G-199,partial,湛江市医保定点机构不得通过哪些方式骗取基金？某机构是否已被认定违规并作出处理，现有规则能否回答？,湛江市医疗保障局关于延长《湛江市医疗保障局关于调整湛江市基本医疗保险门诊特定病种的通知》有效期的通知 | 1. 定点医疗机构不得违规办理参保人员门特病种待遇认定，不得通过串换药品、串通参保人员伪造病历和检查资料等违规、违法行为骗取医保基金；边界：库内材料只能确认上述制度事实，不能确认具体机构当前调查和处理结果；通用禁令不等于个案事实认定。,湛江市医疗保障局关于延长《湛江市医疗保障局关于调整湛江市基本医疗保险门诊特定病种的通知》有效期的通知,0.6667,24,1.0,李克强签署国务院令 公布《医疗保障基金使用监督管理条例》 | 湛江市医疗保障局关于延长《湛江市医疗保障局关于调整湛江市基本医疗保险门诊特定病种的通知》有效期的通知 | 广东省医疗保障局关于《广东省零售药店医疗保障定点管理暂行办法（征求意见稿）》 公开征求意见公示 | 广东省医疗保障局关于《广东省基本医疗保险门诊特定病种业务经办规程》公开征求意见的公示 | 湛江市医疗保障事业管理中心关于解除湛江市区
G-200,simple,潮州市配售型保障性住房的封闭持有期是几年；期满后承购人确需转让时可以通过哪些方式处理？,关于建立潮州市配售型保障性住房轮候库的通知 | 封闭持有期为5年，封闭持有期满后，承购人确需转让配售型保障性住房的，可在轮候库平台向其他轮候对象挂牌出售或向建设运营机构申请回购,关于建立潮州市配售型保障性住房轮候库的通知,1.0,5,1.0,关于建立潮州市配售型保障性住房轮候库的通知
G-201,complex,按2016年湛江市农业‘政银保’方案，市级和省级以上农民合作社示范社的贷款上限分别是多少？,关于印发《湛江市农业“政银保”项目实施方案》的通知 | 1. 湛江市农民合作社市级示范社上限：100万元；2. 省级以上示范社上限：150万元,关于印发《湛江市农业“政银保”项目实施方案》的通知,1.0,3,1.0,关于印发《湛江市农业“政银保”项目实施方案》的通知
G-202,simple,韶关市住宅建筑阳台总面积不超过套内面积28%时如何计算计容面积，超出28%的部分又如何计算？,韶关市人民政府办公室印发关于持续促进房地产市场平稳健康发展的若干措施的通知（韶府办发函〔2025〕27号） | 住宅建筑每户阳台水平投影总面积占套内建筑面积比例不大于28%的部分按其水平投影面积的一半计算计容建筑面积，超出28%的部分按其水平投影面积计算计容建筑面积,韶关市人民政府办公室印发关于持续促进房地产市场平稳健康发展的若干措施的通知（韶府办发函〔2025〕27号）,1.0,13,1.0,韶关市人民政府办公室印发关于持续促进房地产市场平稳健康发展的若干措施的通知（韶府办发函〔2025〕27号） | 韶关市自然资源局关于印发《韶关市建筑工程容积率计算规则》的通告
G-203,simple,有企业人员来咨询，要进揭阳大南海石化工业区办事、听说现在封闭管理要预约，问我最晚要提前多久申请，需要核实预约时限答复。,《揭阳大南海石化工业区封闭化管理通告》｜入园区实行预约申报，一次预约最长1-30天，应至少提前2个工作日申请，审批通过后方可在预约时间入园,关于揭阳大南海石化工业区部分区域实行封闭化管理（试行）的通告,1.0,6,1.0,关于揭阳大南海石化工业区部分区域实行封闭化管理（试行）的通告
G-204,complex,广州农用无人机植保作业补贴中，水稻等作物每造最多补贴几次，甘蔗、果树每年最多补贴几次？,广州市农业局 广州市财政局关于印发广州市开展农用无人机植保作业补贴实施方案（试行）的通知 | 1. 水稻、蔬菜和玉米无人机植保作业享受补贴每造上限：2次；2. 甘蔗、果树无人机植保作业享受补贴每年上限：4次,广州市农业局 广州市财政局关于印发广州市开展农用无人机植保作业补贴实施方案（试行）的通知,1.0,6,1.0,广州市农业局 广州市财政局关于印发广州市开展农用无人机植保作业补贴实施方案（试行）的通知
G-205,unanswerable,我们在做人才政策对比调研、杭州对硕士层次人才购房补贴是重点对标项，杭州对刚买房的硕士能补多少？,【诚实查无】杭州人才购房补贴属浙江省/杭州市政策，本知识库未收录（库外查无）。模型应诚实回复“本库不含杭州政策，建议以杭州住建、人社官方公布为准”，不可编造补贴金额或条件。,,1.0,0,1.0,广东省发展改革委关于印发《广东省支持人工智能OPC创新发展行动方案（2026-2028年）》的通知
G-207,complex,复盘广东省落实‘六税两费’最大减征幅度的测算时，预计为小规模纳税人减税多少亿元，覆盖的纳税人占比是多少？,广东省按照最大减征幅度落实六税两费税收优惠政策 | 1. 将为全省增值税小规模纳税人减税：95亿元；2. 占全部增值税纳税人：80%,广东省按照最大减征幅度落实六税两费税收优惠政策,1.0,5,1.0,广东省按照最大减征幅度落实六税两费税收优惠政策
G-209,simple,我们在测算汕头海堤加固造价，防潮标准定50年一遇和20年一遇的造价差不少，问我分别按多少万一公里算，需要核实造价标准。,《汕头市千里海堤加固达标工程建设方案》｜全省海堤平均基础造价：按20年一遇防潮标准400万元/公里、按50年一遇500万元/公里计算,印发汕头市实施列入省千里海堤加固达标工程建设方案的通知,1.0,5,1.0,广东省财政厅 广东省水利厅关于印发《广东省堤防达标加固三年攻坚行动省级补助方案》的通知 | 印发汕头市实施列入省千里海堤加固达标工程建设方案的通知 | 汕头市水务局关于汕头市潮南区南山截流达标加固工程初步设计报告有关意见的复函
G-210,complex,我们在经办小微企业税收优惠认定，需要核实2019年普惠减免条件。小型微利企业要同时满足哪几个条件？增值税免征和小微所得税减免，是按同一套标准卡吗？,"小微认定(18923872/18921873)：从事国家非限制和禁止行业，且同时符合——年度应纳税所得额≤300万元、从业人数≤300人、资产总额≤5000万元，三个条件
增值税免征(18921873)：对月销售额10万元以下(含)的增值税小规模纳税人免征增值税，以月销售额10万为卡线、不直接套用小微三条件
所得税减免(18923872)：须符合上述小微三条件，年应纳税所得额≤300万的部分分段减计(≤100万减按25%、100-300万减按50%)
推导：小微所得税减免认三条件(所得≤300万+人≤300+资产≤5000万)；增值税免征另按月销售额≤10万卡，二者口径不同须分别判定",财政部 税务总局关于实施小微企业普惠性税收减免政策的通知;国家税务总局关于实施小型微利企业普惠性所得税减免政策有关问题的公告,1.0,14,1.0,财政部 税务总局关于实施小微企业普惠性税收减免政策的通知 | 国家税务总局关于实施小型微利企业普惠性所得税减免政策有关问题的公告 | 关于《国家税务总局关于修订〈中华人民共和国企业所得税月（季）度预缴纳税申报表（A类，2018年版）〉等部分表单样式及填报说明的公告》的解读
G-211,complex,审核2022年度潮州市水利水电职称申报材料时，业绩等有效材料从本级职称评审年度几月起算，截止到申报高一级职称评审年度几月？,关于做好2022年度水利水电专业职称评审工作的通知 | 1. 有效材料时段的起算时间为本级职称评审年度：9月；2. 截止时间为申报高一级职称评审年度：12月,关于做好2022年度水利水电专业职称评审工作的通知,1.0,8,1.0,关于做好2022年度水利水电专业职称评审工作的通知
G-212,simple,湛江市房地产融资协调机制项目中，带抵押的现房房源能否申请办理‘带押过户’网签？,湛江市住房和城乡建设局 湛江市自然资源局关于印发湛江市房地产融资协调机制商品房办理在建工程抵押工作指引的通知 | 该部分带抵押的现房房源可以申请办理“带押过户”网签,湛江市住房和城乡建设局 湛江市自然资源局关于印发湛江市房地产融资协调机制商品房办理在建工程抵押工作指引的通知,1.0,5,1.0,湛江市住房和城乡建设局 湛江市自然资源局关于印发湛江市房地产融资协调机制商品房办理在建工程抵押工作指引的通知
G-213,partial,茂名市华英学校小学、初中每学期学费分别是多少？某名学生是否已获减免，能否从收费标准文件直接确认？,茂名市发展和改革局关于茂名市华英学校学费、住宿费收费标准有关问题的通知 | 1. 一、学费收费标准 小学学费收费标准为7080元/生·学期、初中学费收费标准为7760元/生·学期；边界：库内材料只能确认上述制度事实，不能确认具体学生学费减免审批结果；个人资格与审批结果不在统一收费标准中。,茂名市发展和改革局关于茂名市华英学校学费、住宿费收费标准有关问题的通知,1.0,7,1.0,茂名市发展和改革局关于茂名市华英学校学费、住宿费收费标准有关问题的通知 | 颁布《广东省教育收费管理规定》的通知 | 对十三届全国人大二次会议第6114号建议的答复 | 关于印发《第二期特殊教育提升计划（2017-2020年）》的通知
G-214,complex,广州市中级法院特邀调解员补贴中，普通案件和复杂案件每宗分别补贴多少？,关于印发《广州市中级人民法院特邀调解员补贴管理办法（试行）》的通知 | 1. 普通案件每宗：500元；2. 复杂案件每宗：1000元,关于印发《广州市中级人民法院特邀调解员补贴管理办法（试行）》的通知,1.0,20,1.0,关于印发《广州市中级人民法院特邀调解员补贴管理办法（试行）》的通知
G-216,simple,我们在落实残疾人社区康复工作，有需求的残疾儿童接受基本康复服务的比例要求是多少，需要核实覆盖指标。,《残疾人社区康复工作标准》｜有需求的残疾儿童和持证残疾人接受基本康复服务的比例＞80%、接受基本辅助器具适配的比例＞80%,中国残联 民政部 国家卫生健康委 关于印发《残疾人社区康复工作标准》的通知,0.0,1,1.0,关于印发“十四五”残疾人康复服务实施方案的通知 | 中国残联 民政部 国家卫生健康委 关于印发《残疾人社区康复工作标准》的通知 | 关于印发打赢贫困残疾人脱贫攻坚战三年行动方案（2018-2020年）的通知
G-217,complex,东莞市户籍制度改革对技能人才年龄条件如何放宽：高级工和中级工的年龄上限分别是多少周岁？,东莞市人民政府办公室关于深化户籍制度改革的实施意见 | 1. 高级工放宽至：40周岁；2. 中级工放宽至：35周岁,东莞市人民政府办公室关于深化户籍制度改革的实施意见,1.0,6,1.0,东莞市人民政府办公室关于深化户籍制度改革的实施意见
G-218,unanswerable,我厅在做养老保障测算、需要预判未来趋势，听说后面几年还要涨，到2028年广东的基础养老金最低标准预计会提高到每个月多少钱？,【诚实查无】“2028年广东城乡居民基础养老金最低标准”属尚未出台的未来政策，本知识库无此信息。模型应诚实回复“该标准尚未发布，以省人社厅后续公告为准”，不可编造未来数值。,,1.0,0,1.0,人社部印发《打赢人力资源社会保障扶贫攻坚战三年行动方案》的通知 | 三部门出台社会保险扶贫工作意见 | 广东省财政厅关于下达2020年进一步提高城乡居民基本养老保险基础养老金省级财政补助资金的通知 | 关于广东省2018年省级决算草案的报告 | 关于调整城乡居民基本养老保险基础养老金标准的通知 | 广东省人民政府关于修订《广东省城乡居民社会养老保险实施办法》的通知
G-219,simple,茂名市林业局受理2024年度林业工程职称申报和初次认定材料的起止日期是什么，逾期是否受理？,茂名市林业局办公室关于做好2024年度林业工程专业技术职称评审工作的通知 | （一）受理时间 申报评审和初次职称考核认定工程师、助理工程师、技术员职称材料，茂名市林业局受理时间为2025年2月17日至3月31日，逾期概不受理,茂名市林业局办公室关于做好2024年度林业工程专业技术职称评审工作的通知,1.0,7,1.0,茂名市林业局办公室关于做好2024年度林业工程专业技术职称评审工作的通知
G-220,simple,潮州市申请‘商转公’贷款时，申请额度除按现行核定规则计算外，是否还不得超过当前住房公积金最高贷款额度？,关于开展潮州市住房商业性贷款转住房公积金贷款业务的通知 | （一）贷款额度 应符合申请时执行的我市住房公积金贷款额度核定的有关规定，且申请额度应同时符合以下条件（额度取万元整）： 1、不超过当前执行的住房公积金最高贷款额度,关于开展潮州市住房商业性贷款转住房公积金贷款业务的通知,1.0,7,1.0,关于开展潮州市住房商业性贷款转住房公积金贷款业务的通知
G-221,complex,我们在核定汕头退休职工门诊统筹待遇，申请人常去二级医院看普通门诊。每次门诊统筹报几成、每年最多报多少、每月封顶多少？,"报销比例《汕头市基本医疗保险门诊共济保障办法》(60445555)：二级及以上定点医疗机构，退休人员统筹基金支付70%(在职职工及城乡居民60%)
年度/月度限额《2025年度统筹基金及普通门诊年度最高支付限额通知》(60465221)：2025年度普通门诊统筹支付限额退休职工每人每年2336元(在职1947元)，统筹基金每月支付普通门诊待遇不超过300元
推导：退休职工看二级医院门诊→单次报销70%、年度封顶2336元、月度封顶300元",汕头市人民政府办公室关于印发《汕头市基本医疗保险门诊共济保障办法》的通知;关于公布我市2025年度职工和城乡居民年度统筹基金及普通门诊年度最高支付限额等事项的通知,1.0,18,1.0,汕头市人民政府办公室关于印发《汕头市基本医疗保险门诊共济保障办法》的通知 | 关于公布我市2025年度职工和城乡居民年度统筹基金及普通门诊年度最高支付限额等事项的通知
G-222,simple,广州市民办学校申请分类扶持时，在收费、教师薪酬、办学质量、社保公积金和年金制度方面需同时满足哪些条件？,广州市教育局 广州市发展和改革委员会 广州市财政局 广州市人力资源和社会保障局关于延长进一步加强民办基础教育分类扶持和管理的实施意见有效期的通知 | 3.申报条件：民办学校须符合如下条件：年收费标准不高于上一年度广州生均一般公共预算教育事业费，达到教师最低薪酬指导标准，符合规定的办学质量要求，按国家规定参加社会保险，缴纳住房公积金，无欠费，且建立年金制度,广州市教育局 广州市发展和改革委员会 广州市财政局 广州市人力资源和社会保障局关于延长进一步加强民办基础教育分类扶持和管理的实施意见有效期的通知,1.0,21,1.0,广州市教育局 广州市发展和改革委员会 广州市财政局 广州市人力资源和社会保障局关于延长进一步加强民办基础教育分类扶持和管理的实施意见有效期的通知
G-224,complex,揭阳市企业新型学徒制的培养期限一般为几年，确有特殊情况时最长可延长到几年？,关于印发全面推行中国特色企业新型学徒制加强技能人才培训操作指引的通知 | 1. 学徒培养期限一般：1-2年；2. 特殊情况可延长到：3年,关于印发全面推行中国特色企业新型学徒制加强技能人才培训操作指引的通知,1.0,4,1.0,关于印发全面推行中国特色企业新型学徒制加强技能人才培训操作指引的通知
G-225,simple,职工购买潮州市一手商品住房时，夫妻双方能否提取住房公积金支付首付款，应到哪里办理？,潮州市住房公积金管理中心促进房地产业稳健发展相关措施 | 1、首付提取政策：职工购买本市一手商品住房的，夫妻双方可以凭相关材料到住房公积金办事窗口提取住房公积金用于支付购房首付款,潮州市住房公积金管理中心促进房地产业稳健发展相关措施,1.0,15,1.0,潮州市住房公积金管理中心促进房地产业稳健发展相关措施
G-226,simple,东莞市哪些存量住宅加装电梯项目可获得补助，每台补助至少多少万元，市级与镇街财政分别承担多少？,关于东莞市既有住宅加装电梯纳入老旧小区改造实施有关事项的通知 | （一）存量项目处理。2025年3月25日之前按照《东莞市既有住宅增设电梯管理办法（修订）》规定通过联合审查的我市范围内已建成投入使用、具有合法权属证明、已建成时间10年及以上（时间计算截至2025年3月25日）且楼层6层及以上多业主无电梯住宅加装电梯项目，每完成加装一台电梯（指完成项目竣工验收并取得《特种设备使用登记证》）给予补助不少于10万元。其中，市级财政补助5万元；属地园区、镇（街）财政补助不少于5万元。资金申请与拨付程序按照本通知规定执行，市、镇（街）财政将上述项目的专项补助资金纳入2026年度预算安排解决。各镇（街）既有住宅增设电梯工作办公室（下称“属地电梯办”）须督促上述项目尽快竣工并申请专项补助资金，若上述加装电梯项目未在2026年内申请使用专项补助资金，将不再进行补助。,关于东莞市既有住宅加装电梯纳入老旧小区改造实施有关事项的通知,1.0,18,1.0,关于东莞市既有住宅加装电梯纳入老旧小区改造实施有关事项的通知
G-227,simple,湛江市房地产融资协调机制项目中，已办理在建工程抵押的商品房能否认购；办理网签前必须先完成什么手续？,湛江市住房和城乡建设局 湛江市自然资源局关于印发湛江市房地产融资协调机制商品房办理在建工程抵押工作指引的通知 | 三、在建工程抵押房源可以进行认购，在办理网签前应解除该套认购房源的在建工程抵押,湛江市住房和城乡建设局 湛江市自然资源局关于印发湛江市房地产融资协调机制商品房办理在建工程抵押工作指引的通知,1.0,8,1.0,湛江市住房和城乡建设局 湛江市自然资源局关于印发湛江市房地产融资协调机制商品房办理在建工程抵押工作指引的通知
G-229,complex,我们在经办湛江公积金业务，申请人连续缴公积金5个月、没买房在租房、以后买房还要还贷。现在能办公积金贷款吗？租房能提公积金吗？以后还贷怎么提？三个问题一起核实。,"贷款资格《湛江市住房公积金贷款办法》第八条(41767484)：需连续正常缴存6个月(含)以上且账户正常→缴5个月不够，暂不能贷
租房提取《湛江市住房公积金提取管理办法》(40816100)：连续足额缴存满3个月、本人及配偶无房可提取→5个月符合，每人月≤500元、每季度1次
还贷提取《湛江市住房公积金偿还购房贷款提取实施细则》(41893779)：正常还贷期间可选择每3个月提取一次至累计达可提取总额
推导：缴5个月→不够贷款(需6月)但够租房提取(需3月，每人月500)；未来买房还贷可每3个月提一次",湛江市住房公积金管理委员会关于印发《湛江市住房公积金管理委员会关于湛江市住房公积金个人住房贷款管理办法》的通知;湛江市住房公积金管理委员会关于印发《湛江市住房公积金管理委员会关于湛江市住房公积金提取管理办法》的通知;关于进一步优化调整我市住房公积金偿还购房贷款提取业务的实施细则,1.0,17,1.0,湛江市住房公积金管理委员会关于印发《湛江市住房公积金管理委员会关于湛江市住房公积金个人住房贷款管理办法》的通知 | 湛江市住房公积金管理委员会关于印发《湛江市住房公积金管理委员会关于湛江市住房公积金个人住房抵押贷款实施办法》的通知 | 湛江市住房公积金管理委员会关于印发《湛江市住房公积金管理委员会关于湛江市住房公积金提取管理办法》的通知 | 湛江市住房公积金管理委员会关于实施多子女家庭住房公积金支
G-230,unanswerable,有群众来窗口问、说国家对不生育家庭要额外收费或少发福利，广东对丁克家庭、不婚者有什么专门的收费或限制政策吗？我需要准确答复。,【诚实查无】广东并无针对丁克或不婚者的专门收费、限制政策，本知识库未收录此类事项。模型应诚实回复“不存在此类政策，生育选择受法律保护”，不可编造不存在的限制措施。,,0.0,6,1.0,卫生健康委等17部门关于进一步完善和落实积极生育支持措施的指导意见 | 中共广东省委 广东省人民政府《关于加强我省计生工作促进人口长期均衡发展的决定》 | 广州市卫生健康委员会 广州市财政局关于印发广州市贯彻落实广东省育儿补贴制度实施方案具体措施的通知 | 卫生计生委党委印发“服务百姓健康行动”实施计划 | 关于完善人口和计划生育投入保障机制的意见
G-231,simple,我们在执法梅州河道采砂，河道交界区域违法采砂，交界线上下游各多少米内双方水行政主管部门都有权查处，需要核实管辖范围。,《梅州市河道采砂分级许可发证和执法范围划分通知》｜河道交界线上、下游各500米内，任何一方水行政主管部门都有权查处交界范围内的违法采砂行为,关于梅州市市、县河道采砂分级许可发证和执法范围划分的通知,1.0,3,1.0,关于加强河道采砂管理的通知 | 关于梅州市市、县河道采砂分级许可发证和执法范围划分的通知 | 水利部：水行政处罚实施办法（2023年）
G-233,complex,审核2021年度潮州市农业农村职称申报材料时，有效材料从本级评审年度几月起算，截止到申报高一级职称年度几月？,关于做好我市2021年农业农村专业人才职称评审工作的通知 | 1. 申报材料时段的起算时间为本级职称评审年度：8月；2. 截止时间为申报高一级职称评审年度：12月,关于做好我市2021年农业农村专业人才职称评审工作的通知,1.0,10,1.0,关于做好我市2021年农业农村专业人才职称评审工作的通知
G-234,partial,东莞市定点零售药店中止医保协议最长多久，超期未申请恢复会怎样？某家药店当前协议是否仍中止需从何处确认？,关于印发《东莞市零售药店医疗保障定点管理暂行办法》的通知 | 1. 定点零售药店可提出中止协议申请，经市经办机构同意，可以中止协议，但中止时间原则上不得超过180日，定点零售药店在协议中止超过180日仍未提出继续履行协议申请的，协议自动终止；边界：库内材料只能确认上述制度事实，不能确认具体药店当前协议状态；机构协议状态随经办处理变化，须查医保业务系统。,关于印发《东莞市零售药店医疗保障定点管理暂行办法》的通知,0.6667,4,0.6667,关于印发《东莞市零售药店医疗保障定点管理暂行办法》的通知 | 李克强签署国务院令 公布《医疗保障基金使用监督管理条例》 | 征求意见 《医疗机构医疗保障定点管理暂行办法（征求意见稿）》和《零售药店医疗保障定点管理暂行办法（征求意见稿）》公开征求意见 | 国家医疗保障局关于公布“协议期内谈判药品医保支付数据查询”模块的公告
G-235,simple,我们在落实茂名行政审批电子监察绩效测评，部门得分中“期限合法”占多少，需要核实测评权重。,《茂名市行政审批电子监察绩效测评实施细则》｜部门具体分值：政务公开10%、流程规范14%、期限合法14%、收费合理10%、满意调查10%、服务态度10%、监督检查12%、法律责任10%、廉洁行政10%,茂名市监察局关于印发《〈茂名市行政审批电子监察试行办法〉（绩效测评）实施 细则(试行)》的通知,1.0,2,1.0,茂名市监察局关于印发《〈茂名市行政审批电子监察试行办法〉（绩效测评）实施 细则(试行)》的通知
G-236,simple,我们在辅导一家单采血浆站申报增值税，企业销售非临床用人体血液、问能不能按简易办法交、选了之后能不能改，需要核实政策答复。,《关于供应非临床用血增值税政策问题批复》｜一般纳税人单采血浆站销售非临床用血液可按简易办法依3%征收率计税（不得开专票），选择后36个月内不得变更,国家税务总局关于供应非临床用血增值税政策问题的批复,1.0,3,1.0,国家税务总局关于供应非临床用血增值税政策问题的批复 | 国家税务总局关于简并增值税征收率有关问题的公告
G-237,complex,按历史河源市区房地产信贷口径，贷款最低首付比例是多少，贷款利率下限为基准利率的多少倍？,河源市人民政府关于促进市区房地产市场持续健康发展的意见 | 1. 贷款最低首付款比例：30%；2. 贷款利率下限为贷款基准利率：0.7倍,河源市人民政府关于促进市区房地产市场持续健康发展的意见,0.5,9,1.0,河源市人民政府关于促进市区房地产市场持续健康发展的意见 | 中国人民银行 中国银行业监督管理委员会关于调整个人住房贷款政策有关问题的通知
G-238,complex,广东省提高省属学校生均拨款标准后，省重点中职学校和国家重点中职学校每生分别执行多少元？,广东省财政厅关于提高省属生均拨款学校生均综合定额拨款标准的通知 | 1. 省重点中职学校提高到：8300元；2. 国家重点中职学校提高到：8500元,广东省财政厅关于提高省属生均拨款学校生均综合定额拨款标准的通知,1.0,4,1.0,广东省财政厅关于提高省属生均拨款学校生均综合定额拨款标准的通知
G-240,unanswerable,我们打算在武汉设分公司招应届生、听说武汉对吸纳高校毕业生就业有补贴，每人补多少？我们做成本测算。,【诚实查无】武汉高校毕业生就业补贴属湖北省/武汉市政策，本知识库未收录（库外查无）。模型应诚实回复“本库不含湖北政策，建议咨询武汉人社局”，不可编造补贴标准。,,1.0,0,1.0,人力资源社会保障部 国家发展改革委 财政部 税务总局关于扩大阶段性缓缴社会保险费政策实施范围等问题的通知 | 将“稳就业”“保居民就业”落到实处——广州市全力优化就业创业补贴申领便利程度
G-241,simple,有家长来咨询，四岁小孩在潮州公立医院做了个小手术、结账比大人贵，听说六岁以下手术费可以加收，问我这个加收有没有上限，我得核实政策答复。,《潮州市城市公立医院取消药品加成调整基本医疗服务价格通知》｜对六岁以下儿童的临床诊断中有创活检和探查、临床手术等医疗服务项目，实行不超过30%的加收政策,关于潮州市城市公立医院取消药品加成调整基本医疗服务价格有关事项的通知,1.0,7,1.0,关于公布潮州市六岁（含）以下儿童医疗服务加收项目目录（2021年版）有关事项的通知 | 关于潮州市城市公立医院取消药品加成调整基本医疗服务价格有关事项的通知
G-242,simple,我们在落实汕头濠江区大气污染防治，燃煤机组从什么时候起执行火电厂大气污染物排放标准烟尘排放限值，需要核实执行时点。,《濠江区大气污染防治工作实施方案》｜从2014年7月1日起全区所有燃煤机组执行《火电厂大气污染物排放标准》（GB13223-2011）烟尘排放限值,关于印发濠江区大气污染防治工作实施方案的通知,0.0,5,1.0,关于印发濠江区大气污染防治工作实施方案的通知
G-243,complex,我们在梳理公积金贷款政策沿革，需要核实潮州2022阶段性和肇庆两地规则。潮州2022阶段性政策主要改了啥？肇庆额度怎么算？,"潮州《住房公积金提取和贷款政策阶段性调整通知》(59850846，2022年6月)：购买一手商品住房公积金贷款额度由不得超过账户余额15倍提高到20倍；首套首付最低20%；取消借款人户籍地限制；2022年6-12月购房的直系亲属(配偶/父母/子女)可申请提取
肇庆《住房公积金个人住房抵押贷款实施办法》(40867836)：贷款额度≤所购住房总价(评估价)的70%；月还款不低于家庭收入20%且不超60%；缴存1年以上方可贷款
差异：潮州2022阶段性侧重余额倍数(15→20倍)+首付20%+取消户籍，肇庆以房价70%作贷款上限",关于住房公积金提取和贷款政策阶段性调整的通知;肇庆市住房公积金个人住房抵押贷款实施办法,0.5,22,0.5,潮州市住房公积金管理中心推动高质量发展十八条措施 | 关于住房公积金提取和贷款政策阶段性调整的通知 | 关于优化明确潮州市住房公积金阶段性支持政策的通知 | 关于住房公积金对购买装配式建筑商品房的扶持政策 | 关于印发《肇庆市促进房地产业高质量发展若干措施》的通知 | 肇庆市住房公积金个人住房抵押贷款实施办法 | 住房和城乡建设部 最高人民法院 公安部 人民银行 税务总局 银保监会关于加强房屋网签
G-244,complex,广东省中央财政城镇保障性安居工程补助资金分配中，老旧小区改造与棚户区改造的对应权重分别是多少？,广东省财政厅 广东省住房和城乡建设厅关于印发《中央财政城镇保障性安居工程补助资金广东省管理实施办法》的通知 | 1. 老旧小区改造：30%；2. 棚户区（城市危旧房）改造：10%,广东省财政厅 广东省住房和城乡建设厅关于印发《中央财政城镇保障性安居工程补助资金广东省管理实施办法》的通知,0.0,11,1.0,广东省财政厅 广东省住房和城乡建设厅关于印发《中央财政城镇保障性安居工程补助资金广东省管理实施办法》的通知
G-246,simple,我们在经办河源绿色建筑审批，新建住宅小区实施绿色建筑的面积比例2017年后不低于多少，需要核实比例标准。,《河源市绿色建筑行动实施方案》｜新建住宅小区绿色建筑面积占比：2015年不低于30%、2016年不低于40%、2017年后不低于50%,关于切实加强民用建筑执行《河源市绿色建筑行动实施方案》的通知,1.0,1,1.0,关于切实加强民用建筑执行《河源市绿色建筑行动实施方案》的通知
G-248,complex,普通本科高校聘请产业兼职教师时，一般年龄上限是多少周岁，国家急需专业领域专家可放宽到多少周岁？,教育部等八部门关于印发《普通本科高校产业兼职教师管理办法》的通知 | 1. 聘请时年龄上限：65周岁；2. 国家急需学科专业领域专家可放宽至：70周岁,教育部等八部门关于印发《普通本科高校产业兼职教师管理办法》的通知,1.0,7,1.0,教育部等八部门关于印发《普通本科高校产业兼职教师管理办法》的通知
G-249,unanswerable,我们医保处在做支付方式改革规划、广东下一步DRG/DIP医保支付方式改革什么时候全面推开、具体时间节点怎么安排？,【诚实查无】DRG/DIP全面推开的具体后续时间节点属未发布的改革安排，本知识库无此信息。模型应诚实回复“以省医保局后续部署文件为准”，不可编造具体时间表。,,1.0,0,1.0,关于《国家医保局 财政部 国家税务总局关于做好2022年城乡居民基本医疗保障工作的通知》的解读 | 全国医疗保障系统先进集体和先进个人评选表彰拟推荐对象公示 | 广东省医疗保障局关于加强省内跨市住院医疗费用结算工作的通知 | 广东医保新规！明年起按人头付费
G-251,simple,我们在落实肇庆规范性文件清理结果，需要修订的规范性文件原则上要在多久内完成修订，需要核实时限。,《肇庆市人民政府规范性文件清理结果通知》｜需组织修订的规范性文件原则上应自通知印发之日起1年内完成修订工作,肇庆市人民政府关于公布规范性文件清理结果的通知,1.0,2,1.0,肇庆市人民政府关于公布规范性文件清理结果的通知
G-252,complex,揭阳市2024年度林业工程职称资历年限从本级评审年度几月起算，截止到高一级职称评审年度几月？,关于开展2024年度揭阳市工程系列林业专业职称评审工作的通知 | 1. 职称资历年限的起算时间为本级职称评审年度：1月；2. 截止时间为高一级职称评审年度：12月,关于开展2024年度揭阳市工程系列林业专业职称评审工作的通知,1.0,8,1.0,关于开展2024年度揭阳市工程系列林业专业职称评审工作的通知
G-253,partial,我们在做居民阶梯气价政策省际对比、茂名和成都第一档气价是重点项，两地居民第一档气价分别多少？,"【部分答案·库内可查】茂名居民阶梯气价（4人及以下户）第一档0-336立方4.50元/m³、第二档4.95元、第三档5.85元（来源 fileId 53874564，库内有）。
【部分答案·库外查无】成都阶梯气价属四川省政策，本库未收录，模型应诚实标注“成都部分查不到、建议咨询成都发改、燃气企业”，不可编造成都气价。",茂名市发展和改革局关于茂名市区管道天然气价格调整有关问题的通知,1.0,1,1.0,茂名市发展和改革局关于茂名市区管道天然气价格调整有关问题的通知 | 广州市天然气阶梯收费标准（2016年1月1日起实施） | 国家发展改革委进一步加强垄断行业价格监管_部门政务 | 住房城乡建设部等部门关于进一步鼓励和引导民间资本进入城市供水、燃气、供热、污水和垃圾处理行业的意见 | 发展改革委关于切实加强需求侧管理确保民生用气的通知
G-254,simple,中石油所属石油工程技术服务公司在外县市提供生产性劳务时，以累计施工180天为界分别应办理什么税务手续？,国家税务总局关于中国石油天然气集团公司所属石油工程技术服务公司增值税管理问题的通知 | 在外县（市）提供生产性劳务，累计施工时间不超过180天的，应凭原办理税务登记所在地税务机关开具的《外出经营活动税收管理证明》，到劳务发生地税务机关报验登记，超过180天的，应办理临时税务登记,国家税务总局关于中国石油天然气集团公司所属石油工程技术服务公司增值税管理问题的通知,1.0,8,1.0,国家税务总局关于中国石油天然气集团公司所属石油工程技术服务公司增值税管理问题的通知 | 中华人民共和国税收征收管理法实施细则 | 国家税务总局关于贯彻《中华人民共和国税收征收管理法》及其实施细则若干具体问题的通知
G-256,complex,广东省2025年度大数据工程技术职称资历从本级评审年度几月起算，截止到高一级职称评审年度几月？,关于做好2025年度广东省大数据工程技术人才职称评审与初次职称考核认定工作的通知 | 1. 职称资历年限的起算时间为本级职称评审年度：1月；2. 截止时间为高一级职称评审年度：12月,关于做好2025年度广东省大数据工程技术人才职称评审与初次职称考核认定工作的通知,1.0,18,1.0,关于做好2025年度广东省大数据工程技术人才职称评审与初次职称考核认定工作的通知
G-259,complex,我们在整理就业补贴政策，需要核实河源和潮州两地规则。河源职业介绍补贴每人多少？潮州粤东粤西粤北就业补贴从哪天起受理？,"河源《大力实施返乡下乡就业创业工程推动乡村振兴战略实施意见》：在工商部门登记注册的职业中介机构为就业困难人员等提供免费就业服务，按实际就业人数给予职业介绍补贴400元/人、每人每年限补贴一次
潮州《关于调整申请灵活就业社保补贴、基层就业补贴有关条件的公告》：高校毕业生基层岗位补贴和基层就业补贴已整合为粤东粤西粤北地区就业补贴，自2023年8月11日起受理粤东粤西粤北地区就业补贴、不再受理原基层岗位/就业补贴
差异：河源给“职业介绍400元/人”，潮州给“补贴整合时间节点（2023.8.11起）”",河源市人力资源和社会保障局关于大力实施返乡下乡就业创业工程推动乡村全面振兴战略的实施意见;关于调整申请灵活就业社保补贴、基层就业补贴有关条件的公告,1.0,3,1.0,河源市人力资源和社会保障局关于大力实施职业技能培训工程推动就业困难群体就业援助工作的通知 | 河源市人民政府关于进一步促进创业带动就业工作的实施意见 | 关于印发《广东省省级促进就业专项资金使用管理办法》的通知 | 关于调整申请灵活就业社保补贴、基层就业补贴有关条件的公告
G-261,complex,广东省药品上市后变更检验中，单独进行药品检验和同时开展样品检验、药品标准复核的时限分别是多少日？,广东省药品监督管理局关于印发药品上市后变更管理实施细则的通知 | 1. 药品检验时限：60日；2. 样品检验和药品标准复核同时进行的时限：90日,广东省药品监督管理局关于印发药品上市后变更管理实施细则的通知,0.0,0,1.0,广东省药品监督管理局关于印发药品上市后变更管理实施细则的通知
G-263,unanswerable,我是教育调解岗位的、有家长反映小孩在茂名某幼儿园中二班、上个月15号在园摔伤缝了四针，要求按政策精确答复能要求园方赔多少、营养费给多少，你帮我精确算一下。,【诚实查无】校园意外伤害的赔偿金额须依实际损失、过错责任及伤残鉴定等依法认定，政策文件并不规定“某班某日摔伤缝针”的具体赔偿数额。模型应诚实回复“无法据您所述核定金额，建议与园方协商或通过人民调解、诉讼解决”，不可编造精确赔偿标准。,,1.0,0,1.0,
G-264,complex,客运架空索道隐患排查中，吊椅距地面最大高度和索道总斜长分别不得超过多少米？,市场监管总局开展客运架空索道隐患排查工作_服务信息 | 1. 吊椅距离地面最大高度不得超过：8米；2. 总斜长不得超过：400米,市场监管总局开展客运架空索道隐患排查工作_服务信息,1.0,4,1.0,市场监管总局开展客运架空索道隐患排查工作_服务信息
G-265,simple,我们在经办广州专精特新企业奖补发放，有企业刚获评国家级“小巨人”、问我市里一次性奖补能补多少，需要核实奖励标准。,《广州市“专精特新”中小企业培育三年行动方案》｜对新认定的国家级专精特新“小巨人”企业给予100万元一次性奖励,广州市工业和信息化局关于下达2022年第四批专精特新“小巨人”企业市级奖补资金的通知,1.0,3,1.0,广州市工业和信息化局关于下达2022年第四批专精特新“小巨人”企业市级奖补资金的通知 | 广东省人民政府办公厅关于印发广东省推动人工智能与机器人产业创新发展若干政策措施的通知
G-267,complex,我们在梳理小微企业所得税优惠沿革，需要对比2015年和2019年两版政策。减计比例和应纳税所得额上限分别怎么规定？,"2015年《小型微利企业所得税优惠政策》(18920745)：自2015.1.1至2017.12.31，对年应纳税所得额低于20万元(含)的小型微利企业，其所得减按50%计入应纳税所得额、按20%税率缴纳
2019年《小型微利企业普惠性所得税减免》(18923872)：自2019.1.1至2021.12.31，年应纳税所得额不超过100万元的部分减按25%计入、超过100万至300万元的部分减按50%计入，均按20%税率缴纳
推导：应纳税所得额上限从20万(2015)大幅放宽到300万(2019)；减计比例2015统一减按50%、2019分段(≤100万减按25%更优惠、100-300万减按50%)",财政部 国家税务总局关于小型微利企业所得税优惠政策的通知;国家税务总局关于实施小型微利企业普惠性所得税减免政策有关问题的公告,1.0,10,1.0,国家税务总局关于实施小型微利企业普惠性所得税减免政策有关问题的公告 | 关于贯彻落实扩大小型微利企业减半征收企业所得税范围有关问题公告的解读 | 财政部 国家税务总局关于小型微利企业所得税优惠政策的通知 | 国家税务总局关于贯彻落实进一步扩大小型微利企业减半征收企业所得税范围有关问题的公告
G-268,simple,汕头市工程建设项目审批中，特别程序能否作为单独审批事项办理，或者作为审批事项的受理条件？,关于规范汕头市工程建设项目审批服务事项特殊程序管理的通知 | 各级各部门不得将特别程序作为单独审批服务事项办理，不得将完成相关特别程序作为审批服务事项的受理条件,关于规范汕头市工程建设项目审批服务事项特殊程序管理的通知,1.0,15,1.0,关于规范汕头市工程建设项目审批服务事项特殊程序管理的通知
G-269,simple,有群众来咨询，听说湛江公积金提取管严了，像频繁变更婚姻关系买房这种情况还能不能提取，需要核实提取限制答复。,《湛江市住房公积金提取使用政策调整》｜同一人3次或以上变更婚姻关系购房、3人或以上频繁买卖同一套住房等情况，不允许申请提取住房公积金,湛江市住房公积金管理委员会关于调整优化住房公积金提取使用政策的通知,1.0,29,1.0,湛江市住房公积金管理委员会关于印发《湛江市住房公积金管理委员会关于湛江市住房公积金提取管理办法》的通知 | 关于进一步优化调整我市住房公积金偿还购房贷款提取业务的实施细则 | 湛江市住房公积金管理委员会关于进一步优化调整我市住房公积金偿还购房贷款提取有关事项的通知
G-270,complex,按2015年河源市创业带动就业政策，全国‘千户百强’和省‘百户十强’家庭服务企业每个分别补助多少？,河源市人民政府关于进一步促进创业带动就业工作的实施意见 | 1. 全国“千户百强”家庭服务企业（单位）每个补助：2万元；2. 省“百户十强”家庭服务企业（单位）每个补助：1万元,河源市人民政府关于进一步促进创业带动就业工作的实施意见,1.0,8,1.0,河源市人民政府关于进一步促进创业带动就业工作的实施意见 | 关于印发《广东省省级促进就业专项资金使用管理办法》的通知
G-271,complex,我们在统计工伤预防工作落实情况，需要核实东莞2024年度和广州五年行动两地数据。东莞2024年工伤预防项目实施了多少个、费用多少？广州工伤预防五年行动计划重点行业事故率要降多少？,"东莞《2024年工伤预防项目实施情况公告》(40694463)：2024年全市实施工伤预防项目21个、工伤预防费用支出963万元
广州《工伤预防五年行动计划实施方案(2021-2025年)》(52541281)：重点行业5年降低工伤事故和职业病发生率20%左右
差异：东莞给2024年度项目数(21个)+费用(963万)，广州给五年降幅目标(重点行业降20%)",关于东莞市2024年工伤预防项目实施情况及工伤预防费用使用情况的公告;广州市人力资源和社会保障局等8个部门关于印发广州市工伤预防五年行动计划实施方案（2021-2025年）的通知,1.0,3,1.0,广州市人力资源和社会保障局等8个部门关于印发广州市工伤预防五年行动计划实施方案（2021-2025年）的通知 | 关于东莞市2024年工伤预防项目实施情况及工伤预防费用使用情况的公告
G-272,simple,有群众来咨询，在茂名用管道天然气、听说实行阶梯价，问我各档分别多少钱一立方，需要核实阶梯价格答复。,《茂名市区管道天然气阶梯价格调整通知》｜居民阶梯气价三档（4人及以下户）：第一档0-336立方4.50元/m³、第二档336-540立方4.95元/m³、第三档540立方以上5.85元/m³,茂名市发展和改革局关于茂名市区管道天然气价格调整有关问题的通知,1.0,13,1.0,茂名市发展和改革局关于茂名市区管道天然气价格调整有关问题的通知
G-273,unanswerable,我们在做新兴产业政策调研、外地有元宇宙产业补贴，广东有没有元宇宙创业专项补贴、怎么申报？我们好答复企业。,【诚实查无】广东并无名为“元宇宙创业专项补贴”的政策，本知识库未收录此类事项。模型应诚实回复“本库未查到该专项，可关注省工信、科技部门现有数字经济、软件产业政策”，不可编造不存在的补贴。,,1.0,0,1.0,广州市科学技术局关于领取2023年度科技服务机构大赛奖励后补助专题“免申即享”补助资金的通知 | 广州市科学技术局关于领取2023年度广州科技创新创业大赛港澳台赛“免申即享”补助资金（第二批次）的通知 | 广州市科学技术局关于领取2025广州科技创新创业大赛港澳台赛暨香港科技大学百万奖金创业大赛广州赛“免申即享”补助资金（第一批次）的通知 | 关于申报2025年度省级优秀创业项目之大赛选拔项目第二
G-274,simple,我们在经办韶关首批次新材料保险补偿资格申报，企业弄虚作假骗取资格会有什么后果，需要核实惩戒措施。,《韶关市首批次新材料保险补偿资格申报通知》｜通过提供虚假材料等方式骗取保险补偿资格的，3年内不得申报工业和信息化部相关项目，并追究相应责任,韶关市工业和信息化局关于做好2024年首批次新材料保险补偿资格申报工作的通知,1.0,4,1.0,韶关市工业和信息化局关于做好2024年首批次新材料保险补偿资格申报工作的通知
G-275,partial,我们集团在河源和成都都有分公司、要给职工交医保，河源和成都的单位、个人缴费比例分别多少？请整理供经办对接。,"【部分答案·库内可查】河源城镇职工医保单位缴费6.5%、职工个人2%；灵活就业人员5.5%（全部个人缴纳，来源 fileId 40941786，库内有）。
【部分答案·库外查无】成都职工医保缴费比例属四川省政策，本库未收录，模型应诚实标注“成都部分查不到、建议咨询成都医保局”，不可编造成都比例。",印发河源市基本医疗失业工伤生育保险市级统筹实施方案的通知,0.3333333333,12,0.6667,河源市人民政府办公室关于印发河源市降低费（险金）率水平工作方案的通知 | 河源市人民政府关于印发河源市降低实体经济企业成本工作方案的通知 | 印发河源市基本医疗失业工伤生育保险市级统筹实施方案的通知 | 河源市人民政府办公室关于调整全市城镇职工基本医疗保险年度最高支付限额和补充医疗保险费的通知 | 《关于建立医疗保障待遇清单管理制度的意见（征求意见稿）》公开征求意见 | 国务院关于建立城镇职工基本
G-276,complex,广东省提高省属本科高校生均拨款标准后，普通本科学校和高水平大学每生分别执行多少元？,广东省财政厅关于提高省属生均拨款学校生均综合定额拨款标准的通知 | 1. 省属公办普通本科学校生均综合定额拨款标准提高到：12000元；2. 高水平大学提高到：14000元,广东省财政厅关于提高省属生均拨款学校生均综合定额拨款标准的通知,1.0,8,1.0,广东省财政厅关于提高省属生均拨款学校生均综合定额拨款标准的通知
G-277,complex,按2016—2018年潮州市大病保险历史规则，自付费用年度累计的两个分段阈值分别是1万元和多少万元？,关于2016至2018年度城乡居民和职工大病保险及补充医疗保险有关问题的通知 | 1. 自付费用年度累计未超过：1万元；2. 自付费用年度累计超过：3万元,关于2016至2018年度城乡居民和职工大病保险及补充医疗保险有关问题的通知,1.0,7,1.0,关于2016至2018年度城乡居民和职工大病保险及补充医疗保险有关问题的通知
G-278,simple,茂名市华英学校小学和初中每生每学期的学费分别是多少？,茂名市发展和改革局关于茂名市华英学校学费、住宿费收费标准有关问题的通知 | 一、学费收费标准 小学学费收费标准为7080元/生·学期、初中学费收费标准为7760元/生·学期,茂名市发展和改革局关于茂名市华英学校学费、住宿费收费标准有关问题的通知,1.0,6,1.0,茂名市发展和改革局关于茂名市华英学校学费、住宿费收费标准有关问题的通知
G-279,complex,广东省2025年度大数据工程技术职称有效材料从本级评审年度几月起算，截止到高一级职称评审年度几月？,关于做好2025年度广东省大数据工程技术人才职称评审与初次职称考核认定工作的通知 | 1. 有效材料时段的起算时间为本级职称评审年度：9月；2. 截止时间为高一级职称评审年度：12月,关于做好2025年度广东省大数据工程技术人才职称评审与初次职称考核认定工作的通知,1.0,26,1.0,关于做好2025年度广东省大数据工程技术人才职称评审与初次职称考核认定工作的通知
G-281,unanswerable,我厅在做养老金精算平衡研究、需要远期预判，到2030年广东企业职工养老金的计发基数大概会是多少？,【诚实查无】2030年养老金计发基数属未来尚未确定的数据，本知识库无此信息。模型应诚实回复“计发基数每年由省人社厅公布，2030年数值待届时发布”，不可编造未来基数。,,1.0,0,1.0,关于公布2025年职工基本养老保险缴费基数上下限和基本养老金计发基数有关问题的通知 | 广东省人力资源和社会保障厅 广东省财政厅关于公布2020年职工基本养老金计发基数相关事项的通知 | 国务院办公厅关于印发降低社会保险费率综合方案的通知 | 国务院关于建立企业职工基本养老保险基金中央调剂制度的通知
G-283,complex,阶段性降低社会保险费率政策实施时，单位缴费比例由多少降至多少？,人力资源社会保障部 财政部关于阶段性降低社会保险费率的通知 | 1. 单位缴费比例：20%；2. 可以阶段性将单位缴费比例降低至：19%,人力资源社会保障部 财政部关于阶段性降低社会保险费率的通知,1.0,20,1.0,国务院办公厅关于印发降低社会保险费率综合方案的通知 | 人力资源社会保障部 财政部关于阶段性降低社会保险费率的通知 | 人力资源社会保障部 财政部关于继续阶段性降低社会保险费率的通知 | 广州市人力资源和社会保障局关于印发《援企稳岗政策清单和工作指引》的通知 | 《广东省减轻企业负担推动企业高质量发展工作方案》（粤人社发〔2021〕13号） | 广州市阶段性减免企业社会保险费政策介绍
G-284,simple,我们在经办广州工伤预防项目申报，有仓储物流企业问他们这个行当今年有没有被列入工伤预防重点领域，我得先核实政策怎么划定再答复。,《广州市2027年度工伤预防重点领域通知》｜纳入工伤保险三类至八类全部行业，及二类行业中的批发、零售、仓储、房地产、租赁、商务服务业，和八类中的非金属矿采选业,广州市人力资源和社会保障局关于广州市2027年度工伤预防重点领域和工伤预防项目申报相关事宜的通知,1.0,4,1.0,广州市人力资源和社会保障局关于广州市2027年度工伤预防重点领域和工伤预防项目申报相关事宜的通知
G-285,complex,汕头市中心城区自来水价格中，限制类企业和淘汰类企业分别加价多少？,汕头市发展和改革局关于调整中心城区自来水销售价格有关问题的通知 | 1. 对限制类企业加价：10%；2. 对淘汰类企业加价：20%,汕头市发展和改革局关于调整中心城区自来水销售价格有关问题的通知,1.0,4,1.0,汕头市发展和改革局关于调整中心城区自来水销售价格有关问题的通知
G-286,complex,全国城市节水工作中，公共供水管网漏损率和地级以上缺水城市再生水利用率的目标分别是多少？,住房和城乡建设部办公厅 国家发展改革委办公厅 水利部办公厅 工业和信息化部办公厅 关于加强城市节水工作的指导意见 | 1. 全国城市公共供水管网漏损率力争控制在：9%；2. 全国地级及以上缺水城市再生水利用率：25%,住房和城乡建设部办公厅 国家发展改革委办公厅 水利部办公厅 工业和信息化部办公厅 关于加强城市节水工作的指导意见,1.0,8,1.0,住房和城乡建设部办公厅 国家发展改革委办公厅 水利部办公厅 工业和信息化部办公厅 关于加强城市节水工作的指导意见 | 住房城乡建设部关于进一步加强城镇供水管理工作的通知 | 对十三届全国人大二次会议第7639号建议的答复
G-287,simple,我们在配合广东市场准入负面清单修订工作，确需新增列入的需提出什么，需要核实增列要求。,《广东省配合市场准入负面清单修订函》｜对确需新增列入清单的，提出增列意见并详细说明法律依据和理由,广东省发展改革委 广东省商务厅关于配合做好《市场准入负面清单（2020年版）》修订工作的函,1.0,4,1.0,广东省发展改革委 广东省商务厅关于配合做好《市场准入负面清单（2020年版）》修订工作的函 | 国家发展改革委等部门关于实施促进民营经济发展近期若干举措的通知
G-288,partial,湛江市2024年度实验技术职称评前公示至少多久？需要投诉时，当前有效的受理部门和电话是否仍需实时核验？,关于做好2024年度湛江市中小学和中职学校实验技术人才职称评审工作的通知 | 1. 评前公示时间不少于5个工作日，同时应公布各县（市、区）教育主管部门投诉受理部门和电话；边界：库内材料只能确认上述制度事实，不能确认截至2026-08-06仍有效的投诉部门和联系电话；联系方式可能调整，应以主管部门最新公开信息为准。,关于做好2024年度湛江市中小学和中职学校实验技术人才职称评审工作的通知,1.0,14,1.0,关于做好2024年度湛江市中小学和中职学校实验技术人才职称评审工作的通知
G-289,complex,茂名市城市公立医院取消药品加成后，调整医疗服务价格和财政或办医主体专项补偿分别承担多少比例？,我市7月15日起城市公立医院取消药品加成 调整医疗服务价格 | 1. 按照调整医疗服务价格补偿：80%；2. 财政（或办医主体）专项补偿：10%,我市7月15日起城市公立医院取消药品加成 调整医疗服务价格,1.0,4,1.0,我市7月15日起城市公立医院取消药品加成 调整医疗服务价格
G-290,complex,我们在监管超能耗企业惩罚性电价执行情况，需要核实取消条件。第一批12家超能耗企业里有几家经整改达标被取消了惩罚性电价、其余几家怎样？梅县石扇水泥厂是整改达标后从什么时候起取消的？,"广东《实行惩罚性电价有关问题的通知》(41738726，粤价〔2010〕297号)：第一批12家超能耗限额标准企业中，清远蓝谷陶瓷、清远圣利达陶瓷、肇庆伟达陶瓷、梅州嘉鼎水泥、广州强盛水泥粉磨5家经整改达到国家能耗限额标准、取消惩罚性电价，其余7家仍继续实行惩罚性电价；自2011年1月1日起执行
《梅县石扇水泥厂停止执行惩罚性电价通知》(40859239)：该厂经整改能耗限额指标符合标准，取消惩罚性电价规定、自2014年1月3日起执行
推导：取消惩罚性电价的前提是“整改达国家能耗限额标准”——第一批12家达标5家(其余7家继续)，梅县石扇水泥厂2014.1.3起取消",关于实行惩罚性电价有关问题的通知;关于梅县石扇水泥厂停止执行惩罚性电价的通知,1.0,4,1.0,关于实行惩罚性电价有关问题的通知 | 关于梅县石扇水泥厂停止执行惩罚性电价的通知
G-291,simple,我们在监管工程招投标保证金收取，招标方收投标保证金和履约保证金，问我这俩最多收多少，需要核实保证金上限答复。,《规范招投标领域工程建设保证金通知》｜投标保证金不得超过项目估算价2%、履约保证金不得超过中标合同金额10%、工程质量保证金不超过结算总额3%,关于规范招投标领域工程建设保证金收取有关工作的通知,1.0,6,1.0,关于规范招投标领域工程建设保证金收取有关工作的通知 | Notification of Guangzhou Municipal Transportation Bureau on Further Optimizing the Business Environment for General National and Provincial Highway Construction Project Te
G-292,complex,按2019年河源市学前教育行动方案，公办幼儿园占比以及公办园与普惠性民办园合计占比分别应达到多少？,河源市人民政府办公室关于印发河源市促进学前教育普惠健康发展行动方案的通知 | 1. 公办幼儿园占比：30%；2. 公办幼儿园和普惠性民办幼儿园占比：85%,河源市人民政府办公室关于印发河源市促进学前教育普惠健康发展行动方案的通知,1.0,4,1.0,河源市人民政府办公室关于印发河源市促进学前教育普惠健康发展行动方案的通知
G-293,complex,湛江市标准化专项资金中，主导制定单位和第一协助制定单位的资助上限分别是多少？,湛江市市场监督管理局 湛江市财政局关于印发修改《湛江市实施标准化战略专项资金管理办法》（湛部规2021-24）标题的通知 | 1. 资助主导制定单位上限：5万元；2. 资助第一协助制定单位上限：3万元,湛江市市场监督管理局 湛江市财政局关于印发修改《湛江市实施标准化战略专项资金管理办法》（湛部规2021-24）标题的通知,0.0,0,1.0,湛江市市场监督管理局 湛江市财政局关于印发修改《湛江市实施标准化战略专项资金管理办法》（湛部规2021-24）标题的通知
G-294,simple,我们在经办韶关国家级制造业单项冠军奖补发放，有企业新评上、问一次性奖补金额多少，需要核实奖励标准答复。,《韶关市国家级制造业单项冠军奖补资金安排》｜对新认定的国家级制造业单项冠军企业给予150万元一次性奖补；已获小巨人奖补的按就高原则差额奖补30万元,韶关市工业和信息化局关于下达2023年暨第八批国家级制造业单项冠军奖补资金安排计划的通知,1.0,15,1.0,韶关市工业和信息化局关于下达2024年韶关市中小微企业发展专项资金（专精特新企业认定、单项冠军企业认定奖励资金）的通知 | 韶关市工业和信息化局关于下达2023年暨第八批国家级制造业单项冠军奖补资金安排计划的通知 | 关于韶关市2023年暨第八批国家级制造业单项冠军奖补资金安排计划的公示
G-295,unanswerable,我厅在调研各市公租房政策、福州是重点城市，福州公租房的申请条件和收入门槛是什么？,【诚实查无】福州公租房政策属福建省政策，本知识库未收录（库外查无）。模型应诚实回复“本库不含福建政策，建议咨询福州住建部门”，不可编造具体条件。,,1.0,0,1.0,关于加快发展公共租赁住房的指导意见 | 关于政协十二届全国委员会第五次会议第0625号提案答复的函 | 住房城乡建设部办公厅关于完善公租房分配方式的通知 | 对十二届全国人大五次会议第4146号建议的答复 | 广州市住房和城乡建设局关于进一步加强户籍家庭住房保障工作的通知
G-296,simple,我们在核定广东大鹏液化天然气第四合同年价格，进口液化天然气不含税基准落地价是多少，需要核实。,《广东大鹏液化天然气第四合同年门站销售价格通知》｜进口液化天然气不含税基准落地价22.6236元/吉焦，实际落地价在上下8%幅度内由供需双方确定,关于核定广东大鹏液化天然气有限公司第四合同年天然气门站销售价格的通知,1.0,2,1.0,关于核定广东大鹏液化天然气有限公司第四合同年天然气门站销售价格的通知
G-297,complex,我们在梳理消费税分档税率政策，需要核实乘用车和摩托车两类。1.0升以下的乘用车、3.0到4.0升的乘用车消费税分别多少？摩托车250毫升以下和以上呢？,"乘用车(18920753)：气缸容量1.0升以下(含)税率由3%下调至1%；3.0升以上至4.0升(含)税率由15%上调至25%；4.0升以上税率上调(2008.9.1起执行)
摩托车(18921464)：取消气缸容量250毫升(不含)以下小排量摩托车消费税；250毫升和250毫升(不含)以上的摩托车继续分别按3%和10%税率征收
推导：乘用车消费税按排量从1%(≤1.0L)递进到25%(3.0-4.0L)、大排量高税；摩托车250ml以下免税、250ml按3%、250ml以上10%，均鼓励小排量",财政部 国家税务总局关于调整乘用车消费税政策的通知;财政部 国家税务总局关于调整消费税政策的通知,1.0,8,1.0,财政部 国家税务总局关于对超豪华小汽车加征消费税有关事项的通知 | 财政部 国家税务总局关于调整乘用车消费税政策的通知 | 财政部 国家税务总局关于调整消费税政策的通知 | 国家税务总局关于超豪华小汽车消费税征收管理有关事项的公告
G-298,complex,汕头市土地要素交易中，拆旧复垦建设用地指标和海岸线占补指标的最低保护价分别是多少？,汕头市自然资源局关于激活土地要素助力“百千万工程”的通知 | 1. 拆旧复垦腾出的建设用地指标交易最低保护价：50万元；2. 海岸线占补指标交易最低保护价：20万元,汕头市自然资源局关于激活土地要素助力“百千万工程”的通知,0.5,1,1.0,汕头市自然资源局关于激活土地要素助力“百千万工程”的通知
G-299,partial,广州市口岸建设项目由行政事业单位申报时，支持比例和金额上限是多少？某项目最终核定金额还需查询什么结果？,广州市商务局关于做好2026年省级促进开放型经济发展水平提升专项资金（口岸建设事项）项目入库申报工作的函 | 1. 四、支持标准 对行政事业单位作为申报主体的项目，单个项目的支持额度不超过项目所需资金的70%，且不超过2000万元；边界：库内材料只能确认上述制度事实，不能确认具体项目最终获批支持金额；上限规则不能替代项目评审和预算核定结果。,广州市商务局关于做好2026年省级促进开放型经济发展水平提升专项资金（口岸建设事项）项目入库申报工作的函,1.0,13,1.0,广州市商务局关于做好2026年省级促进开放型经济发展水平提升专项资金（口岸建设事项）项目入库申报工作的函 | 广州市商务局关于印发2026年商业网点建设专题申报指南的通知
G-300,simple,梅州市政府投资工程总承包项目开工前，建设单位能否整体或分阶段申请施工许可证或备案，应向哪个部门办理？,梅州市发展和改革局 梅州市住房和城乡建设局 梅州市交通运输局 梅州市水务局印发《关于加强政府投资项目工程总承包管理的若干意见（试行）》的通知 | 工程总承包项目开工前，建设单位可以整体或者分阶段向项目所在地的住房城乡建设部门或其他行业主管部门申请领取施工许可证或办理施工许可备案，行业部门另有规定的，从其规定,梅州市发展和改革局 梅州市住房和城乡建设局 梅州市交通运输局 梅州市水务局印发《关于加强政府投资项目工程总承包管理的若干意见（试行）》的通知,1.0,6,1.0,梅州市发展和改革局 梅州市住房和城乡建设局 梅州市交通运输局 梅州市水务局印发《关于加强政府投资项目工程总承包管理的若干意见（试行）》的通知
G-301,complex,广东省职业教育专项资金中，省级和地市工作经费计提总量上限分别是多少？,广东省财政厅 广东省教育厅关于印发《广东省职业教育“扩容、提质、强服务”资金管理办法》的通知 | 1. 省级工作经费计提总量上限：1.5%；2. 地市工作经费计提总量上限：0.5%,广东省财政厅 广东省教育厅关于印发《广东省职业教育“扩容、提质、强服务”资金管理办法》的通知,0.0,0,1.0,广东省财政厅 广东省教育厅关于印发《广东省职业教育“扩容、提质、强服务”资金管理办法》的通知
G-303,simple,广州市落实育儿补贴资金时，2025年、2026年和2027年分别需为哪些出生年度的婴幼儿安排一次申领资金？,广州市卫生健康委员会 广州市财政局关于印发广州市贯彻落实广东省育儿补贴制度实施方案具体措施的通知 | 二、科学测算，加强资金保障。育儿补贴所需资金由中央和地方财政共担，省财政按相应比例对市县进行补助，剩余部分我市采取市、区财政共担的方式，由市、区两级财政按照我市财政体制规定比例分担。各区要根据近年来辖区内户籍人口出生变化趋势，科学预测出生人数，保障财政资金及时到位。对2022年1月1日至2024年12月31日期间出生的户籍人口，各区要按照上级时限要求，确保每年补贴资金追加到位，具体安排是2025年需追加2022年、2023年、2024年和2025年出生的婴幼儿申领一次的资金，2026年需安排2023年、2024年、2025年和2026年出生的婴幼儿申领一次的资金，2027年需安排2024年、2025年、2026年和2027年出生的婴幼儿申领一次的资金。,广州市卫生健康委员会 广州市财政局关于印发广州市贯彻落实广东省育儿补贴制度实施方案具体措施的通知,0.25,4,0.25,广州市卫生健康委员会 广州市财政局关于印发广州市贯彻落实广东省育儿补贴制度实施方案具体措施的通知
G-304,complex,广州市本级储备粮管理中，优质稻谷和普通稻谷的最长储存年限分别是多少？,广州市发展和改革委员会 广州市财政局 中国农业发展银行广州市分行关于简易修改广州市本级储备粮油管理办法的通知 | 1. 优质稻谷储存年限上限：1年；2. 普通稻谷上限：2年,广州市发展和改革委员会 广州市财政局 中国农业发展银行广州市分行关于简易修改广州市本级储备粮油管理办法的通知,1.0,5,1.0,广州市发展和改革委员会 广州市财政局 中国农业发展银行广州市分行关于简易修改广州市本级储备粮油管理办法的通知
G-305,simple,有农户来咨询，种冬小麦遇上旱情有施肥补助，问我每亩补多少，需要核实补助标准答复。,《财政支持抗旱保春耕和促进粮食生产通知》｜冬小麦抗旱浇水及返青拔节弱苗施肥补助标准均为每亩10元,关于做好2011年财政支持抗旱保春耕和促进粮食生产有关工作的通知,1.0,6,1.0,关于做好2011年财政支持抗旱保春耕和促进粮食生产有关工作的通知 | 广东省财政厅关于下达2021年省级防旱抗旱补助资金的通知 | 广东省财政厅关于安排2019年省级农业应急救灾资金（应急种子储备、抗旱救灾）的通知
G-306,complex,我们在梳理高层次人才政策，需要对比深圳龙华和茂名两地。深圳龙华区对世界大学前500强全日制博士给多少人才津贴？茂名对高层次人才公积金贷款额度上浮到多少？,"深圳龙华《重点企业优秀青年人才集聚工程实施方案(试行)》：世界大学前500强全日制博士给予20万元人才津贴（分3年等额发放）、硕士15万元；另按年薪给1万-6万元薪酬奖励
茂名《关于高层次人才和装配式建筑项目商品住房住房公积金贷款额度优惠政策的通知》：高层次人才一人申请公积金贷款最高额度由25万提高到30万、两人（含）以上由40万提高到48万
差异：龙华给“现金津贴20万分3年”，茂名给“公积金贷款额度上浮（一人+5万/两人+8万）”",关于印发《深圳市龙华区重点企业优秀青年人才集聚工程实施方案（试行）》的通知;关于实施我市高层次人才和装配式建筑项目的商品住房住房公积金贷款额度优惠政策的通知,0.0,12,1.0,关于印发《深圳市龙华区重点企业优秀青年人才集聚工程实施方案（试行）》的通知 | 关于实施我市高层次人才和装配式建筑项目的商品住房住房公积金贷款额度优惠政策的通知 | 关于印发《茂名市住房公积金个人住房贷款管理办法》的通知
G-307,unanswerable,我厅在做最低工资调整测算、现在广州月最低工资2500元，听说后年还要再涨，到2027年广东的最低工资标准会调到多少？,【诚实查无】2027年广东最低工资标准属尚未出台的未来政策，本知识库无此信息。模型应诚实回复“该标准尚未发布，以省人社厅后续公告为准”，不可编造未来数值。,,1.0,0,1.0,广州市人力资源和社会保障局关于调整我市最低工资标准的通知 | 广州市人力资源和社会保障局关于调整我市企业职工最低工资标准的通知 | 颁发《广东省企业职工最低工资规定》的通知
G-308,complex,中央财政支持北方地区冬季清洁取暖试点时，省会城市和地级城市每年分别安排多少奖励资金？,财政部 住房城乡建设部 环境保护部 国家能源局关于开展中央财政支持北方地区冬季清洁取暖试点工作的通知 | 1. 省会城市每年安排：7亿元；2. 地级城市每年安排：5亿元,财政部 住房城乡建设部 环境保护部 国家能源局关于开展中央财政支持北方地区冬季清洁取暖试点工作的通知,1.0,2,0.5,财政部 住房城乡建设部 环境保护部 国家能源局关于开展中央财政支持北方地区冬季清洁取暖试点工作的通知 | 对十三届全国人大五次会议第0291号建议的答复
G-310,complex,按‘南粤扶残助学工程’历史口径，专科生和本科生的一次性资助分别是多少？,广东省残联 广东省教育厅关于印发《“南粤 扶残助学工程”实施办法（暂行）》的通知 | 1. 专科生每人一次性资助：10000元；2. 本科生每人一次性资助：15000元,广东省残联 广东省教育厅关于印发《“南粤 扶残助学工程”实施办法（暂行）》的通知,1.0,12,1.0,广东省残联 广东省教育厅关于印发《“南粤 扶残助学工程”实施办法（暂行）》的通知
G-311,simple,汕头仲裁案件中，被申请人提交答辩和反请求、申请人答复反请求的期限分别多久，逾期未预交反请求仲裁费有什么后果？,汕头仲裁委员会仲裁规则 | 第一百零五条 答辩及反请求 （一）本会应当在受理之日起十日内通知被申请人答辩，并将仲裁答辩通知书、仲裁申请书副本及证据材料、仲裁规则、仲裁员名册送达被申请人。被申请人应在收到答辩通知书之日起三十日内向本会提交答辩书、证据及有关证明文件。本会收到答辩书之日起十日内，应当将答辩书副本送达申请人。被申请人逾期未提交答辩书的，不影响仲裁程序的进行。 （二）被申请人如有反请求的，应在答辩期限内以书面形式提交本会，并在规定期限内预交反请求的仲裁费用。逾期未预交仲裁费的，视为撤回反请求。 （三）本会应当在收到被申请人的反请求申请书之日起十日内将反请求申请书副本送达申请人。申请人应当自收到反请求申请书之日起三十日内向本会提交书面答辩。申请人未提交答辩的，不影响仲裁程序的进行。,汕头仲裁委员会仲裁规则,0.3333333333,11,0.2222,汕头仲裁委员会仲裁规则
G-312,partial,我们在做残疾人就业补贴政策省际对比、韶关和山东是对比点，按服务人数两地分别一年补多少？请整理供对比分析。,"【部分答案·库内可查】韶关辅助性就业机构按月均服务人数给予补贴：服务人数≥40人补5万元/年、≥30人补3万元/年、≥20人补2万元/年（来源 fileId 54308061，库内有）。
【部分答案·库外查无】山东残疾人辅助性就业补贴属外省政策，本库未收录，模型应诚实标注“山东部分查不到、建议咨询山东残联、民政部门”，不可编造山东标准。",关于印发《韶关市促进残疾人就业创业实施办法（试行）》的通知,0.5,24,1.0,关于印发《韶关市促进残疾人就业创业实施办法（试行）》的通知 | 关于印发《关于完善残疾人就业保障金制度更好促进残疾人就业的总体方案》的通知 | 广东省财政厅 广东省民政厅 广东省残疾人联合会关于2026年提高我省残疾人两项补贴标准的通知
G-313,complex,广州阶段性减免企业社保费期间，生育保险单位缴费费率和相关单位缴费费率合计分别是多少？,广州市阶段性减免企业社会保险费政策介绍 | 1. 生育保险单位缴费费率：0.85%；2. 单位缴费费率合计：4.35%,广州市阶段性减免企业社会保险费政策介绍,0.5,12,1.0,广州市阶段性减免企业社会保险费政策介绍
G-314,complex,揭阳市2024年度生物医药职称评审中，初级和中级评审费每人分别是多少？,关于做好2024年度揭阳市生物医药行业职称评审和认定工作的通知 | 1. 初级评审费每人：280元；2. 中级评审费每人：450元,关于做好2024年度揭阳市生物医药行业职称评审和认定工作的通知,1.0,6,1.0,关于做好2024年度揭阳市生物医药行业职称评审和认定工作的通知
G-315,complex,按2015社保年度潮州市职工医保标准，用人单位和职工个人每人每月分别缴费多少？,关于公布我市2015社保年度职工基本医疗保险缴费标准的通知 | 1. 用人单位缴费标准为每人每月：229.82元；2. 职工个人缴费标准为每人每月：71.82元,关于公布我市2015社保年度职工基本医疗保险缴费标准的通知,1.0,9,1.0,关于公布我市2015社保年度职工基本医疗保险缴费标准的通知
G-316,simple,我们在落实梅州供应链核心企业帮助中小企业应收账款融资奖励工作，奖励标准是多少，需要核实。,《梅州市促进民营经济及中小微企业发展（应收账款融资）项目入库通知》｜按帮助广东省中小企业实现应收账款融资年化金额不超过1%的额度给予奖励,关于组织开展2024年省级促进民营经济及中小微企业发展（应收账款融资）项目入库工作的通知,1.0,3,1.0,关于组织开展2024年省级促进民营经济及中小微企业发展（应收账款融资）项目入库工作的通知
G-317,simple,韶关市两人及以上共同申请住房公积金贷款时，最高贷款额度是多少？,韶关市人民政府办公室印发关于持续促进房地产市场平稳健康发展的若干措施的通知（韶府办发函〔2025〕27号） | 两人及以上共同申请，最高贷款额度为80万元,韶关市人民政府办公室印发关于持续促进房地产市场平稳健康发展的若干措施的通知（韶府办发函〔2025〕27号）,0.0,0,1.0,韶关市人民政府办公室印发关于持续促进房地产市场平稳健康发展的若干措施的通知（韶府办发函〔2025〕27号）
G-318,complex,东莞市专职消防救援队伍岗前培训中，消防员和消防文员的最低培训时间分别是多少天？,东莞市人民政府关于印发《东莞市专职消防救援队伍建设管理办法》的通知 | 1. 培训时间下限：90天；2. 消防文员培训时间下限：15天,东莞市人民政府关于印发《东莞市专职消防救援队伍建设管理办法》的通知,1.0,5,1.0,东莞市人民政府关于印发《东莞市专职消防救援队伍建设管理办法》的通知
G-319,unanswerable,广州市育儿补贴实施细则尚未发布，能否自行补充申领条件、材料和办理流程？,无业务来源 | 库内无答案：截至2026-08-06没有能够证明“尚未发布的育儿补贴实施细则”已正式公布的材料，应明确拒绝编造并建议查询主管部门最新公开信息。,,1.0,0,1.0,广州市卫生健康委员会 广州市财政局关于印发广州市贯彻落实广东省育儿补贴制度实施方案具体措施的通知
G-320,complex,揭阳市农业水价改革中，大中型灌区末级渠系和小型灌区的补贴标准分别是多少？,揭阳市财政局 揭阳市发展和改革局 揭阳市农业农村局 揭阳市水利局关于印发《揭阳市农业水价综合改革精准补贴及节水奖励办法》的通知 | 1. 大中型灌区末级渠系补贴标准：0.018元；2. 小型灌区补贴标准：0.012元,揭阳市财政局 揭阳市发展和改革局 揭阳市农业农村局 揭阳市水利局关于印发《揭阳市农业水价综合改革精准补贴及节水奖励办法》的通知,1.0,9,1.0,揭阳市财政局 揭阳市发展和改革局 揭阳市农业农村局 揭阳市水利局关于印发《揭阳市农业水价综合改革精准补贴及节水奖励办法》的通知
G-321,partial,肇庆市安全生产行刑衔接中，检察机关可在什么情形提出检察建议并要求反馈？某案件的反馈处理结果还需如何核实？,肇庆市应急管理局 肇庆市中级人民法院 肇庆市人民检察院 肇庆市公安局关于印发《肇庆市安全生产行政执法与刑事司法衔接工作实施办法》的通知 | 1. 对依法应当追究行政法律责任的，人民检察院可以提出检察建议，并要求应急管理部门、公安机关及时通报处理情况；边界：库内材料只能确认上述制度事实，不能确认具体案件检察建议的处理反馈；制度规定职权，不记录具体案件后续办理情况。,肇庆市应急管理局 肇庆市中级人民法院 肇庆市人民检察院 肇庆市公安局关于印发《肇庆市安全生产行政执法与刑事司法衔接工作实施办法》的通知,0.3333333333,11,0.67,肇庆市应急管理局 肇庆市中级人民法院 肇庆市人民检察院 肇庆市公安局关于印发《肇庆市安全生产行政执法与刑事司法衔接工作实施办法》的通知 | 关于印发《肇庆市应急管理局2023年度安全生产监督检查计划》的通知
G-322,complex,我们在落实行政审批改革衔接工作，需要核实文化部下放和广州动态调整两地规则。文化部下放后，一般性美术品进出口经营活动和涉外商业性美术品展览分别几日内作出决定、文化部哪天起不再受理？广州的行政审批备案事项需调整的，应在什么文件公布后几个工作日内提出申请、审定后几个工作日内实施？,"文化部《下放一批行政审批项目通知》(41810965，2014.1.1起)：美术品进出口经营活动审批(含涉外商业性美术品展览)下放至省级文化主管部门——一般性美术品进出口经营活动3日内作出决定、涉外商业性美术品展览20日内作出决定；2014年1月1日起文化部不再受理；省级应自通知发布之日起20日内公布调整后的审批事项信息
广州《行政审批备案事项动态调整办法》(40857099，2015年印发)：行政审批、备案事项需调整的，应在法律法规规章或机构编制管理部门职能调整文件公布之日起20个工作日内提出书面动态调整申请；审核确认意见经审定之日起10个工作日内调整实施
推导：文化部美术品审批下放后省级3日(一般)/20日(展览)决定、2014.1.1起接手；广州审批备案调整——职能文件公布后20工作日内申请、审定后10工作日内实施",文化部关于下放一批行政审批项目的通知;广州市行政审批备案事项动态调整办法,1.0,4,1.0,文化部关于下放一批行政审批项目的通知 | 广州市行政审批备案事项动态调整办法 | 广东省政务服务和数据管理局关于印发《广东省政务服务事项管理办法》的通知
G-323,simple,我们在落实广州地区国家集采药品协议到期续签工作，不同中选企业数量对应的约定采购量比例怎么算，需要核实采购量标准。,《广州地区国家药品集中采购试点协议到期相关工作通知》｜首年约定采购量按中选企业数确定：1家为计算基数的50%、2家为60%、3家为70%,广州市医疗保障局 广州市财政局 广州市人力资源和社会保障局 广州市卫生健康委员会 广州市市场监督管理局关于做好广州地区国家药品集中采购试点协议到期相关工作的通知,1.0,20,1.0,广州市医疗保障局 广州市财政局 广州市人力资源和社会保障局 广州市卫生健康委员会 广州市市场监督管理局关于做好广州地区国家药品集中采购试点协议到期相关工作的通知 | 广东省医疗保障局关于做好1-8批国采接续采购中选结果落地实施相关工作的通知
G-324,complex,湛江市2024年度林业工程职称资历从本级评审年度几月起算，截止到高一级职称评审年度几月？,湛江市自然资源局关于做好2024年度湛江市工程系列林业工程职称评审工作的通知 | 1. 职称资历年限的起算时间为本级职称评审年度：1月；2. 截止时间为高一级职称评审年度：12月,湛江市自然资源局关于做好2024年度湛江市工程系列林业工程职称评审工作的通知,1.0,9,1.0,湛江市自然资源局关于做好2024年度湛江市工程系列林业工程职称评审工作的通知
G-325,simple,我们在经办潮州企业技术改造省级专项资金申报，有工厂问支持方式有哪几种，需要核实答复。,《促进经济发展专项（企业技术改造用途）资金》｜省级财政支持方式分股权投资、贷款贴息、事后奖补三种，项目单位结合情况选择一种申报,潮州市工业和信息化局关于组织申报2019年促进经济发展专项（企业技术改造用途）资金（新一轮企业技术改造政策支持）项目库的通知,0.0,8,1.0,关于组织潮州市2024年进一步支持工业企业高质量发展（支持企业技术改造）项目库申报的通知 | 潮州市工业和信息化局关于申报2020年省级促进经济高质量发展专项企业技术改造资金项目库有关事项调整的通知 | 潮州市工业和信息化局关于组织申报2019年促进经济发展专项（企业技术改造用途）资金（新一轮企业技术改造政策支持）项目库的通知
G-326,simple,我们在组织揭阳优秀教职工评选，杰出教师对教龄有什么要求，需要核实评选条件。,《揭阳市优秀教职工评选通知》｜杰出教师须从事教育教学工作15年以上（含15年），并在市级以上刊物发表过学术论文、曾获县级以上优秀教师称号,关于评选2000-2001学年度揭阳市优秀教职工和尊师重教先进单位先进个人的通知,0.0,23,1.0,关于评选2000-2001学年度揭阳市优秀教职工和尊师重教先进单位先进个人的通知
G-327,complex,东莞市企业开展数据要素首评估、首入表、首开放时，基础奖励和额外奖励的单家上限分别是多少？,东莞市政务服务和数据管理局关于印发《东莞市关于支持企业开展数据要素“首评估、首入表、首开放”的实施细则》的通知 | 1. 每家企业奖励最高上限：5万元；2. 额外奖励最高上限：3万元,东莞市政务服务和数据管理局关于印发《东莞市关于支持企业开展数据要素“首评估、首入表、首开放”的实施细则》的通知,1.0,10,1.0,东莞市政务服务和数据管理局关于印发《东莞市关于支持企业开展数据要素“首评估、首入表、首开放”的实施细则》的通知
G-328,complex,按2022年湛江市住房公积金政策，首次贷款和第二次贷款每户最高额度分别是多少？,湛江市住房公积金管理委员会关于住房公积金个人住房贷款有关问题的通知 | 1. 第一次贷款每户最高额度：40万元；2. 第二次贷款每户最高额度：30万元,湛江市住房公积金管理委员会关于住房公积金个人住房贷款有关问题的通知,1.0,23,1.0,湛江市住房公积金管理委员会关于调整住房公积金个人住房贷款政策有关问题的通知 | 湛江市住房公积金管理委员会关于住房公积金个人住房贷款有关问题的通知
G-329,simple,我们在做残疾人相关工作，需要引用一个数据，残疾人占总人口的比例大概多少，需要核实。,《第二次全国残疾人抽样调查主要数据公报》｜2006年4月1日我国残疾人占全国总人口的比例为6.34%,2006年第二次全国残疾人抽样调查主要数据公报,1.0,4,1.0,2006年第二次全国残疾人抽样调查主要数据公报
G-330,complex,河源市建设工程施工围挡中，城区主要路段和其他路段的最低高度分别是多少米？,河源市住房和城乡规划建设局关于印发河源市建设工程文明施工和扬尘污染防治管理实施指南的通知 | 1. 城区主要路段围挡高度统一：2.5米；2. 其它路段施工现场的围挡高度统一：1.8米,河源市住房和城乡规划建设局关于印发河源市建设工程文明施工和扬尘污染防治管理实施指南的通知,1.0,22,1.0,河源市住房和城乡规划建设局关于印发河源市建设工程文明施工和扬尘污染防治管理实施指南的通知
G-331,unanswerable,我们在做医保报销比例省际对比、济南是对比城市，济南市城乡居民医保在三级医院住院的报销比例是多少？,【诚实查无】济南居民医保报销比例属山东省政策，本知识库未收录（库外查无）。模型应诚实回复“本库未收录山东医保政策，建议咨询济南医保局”，不可编造比例。,,1.0,0,1.0,关于《国家医保局 财政部 国家税务总局关于做好2022年城乡居民基本医疗保障工作的通知》的解读 | 国务院关于整合城乡居民基本医疗保险制度的意见 | 《关于建立医疗保障待遇清单管理制度的意见（征求意见稿）》公开征求意见 | 广东省医疗保障局关于全国第十四届人大一次会议第0826号代表建议会办意见的函 | 广东省医疗保障局关于广东省十四届人大第一次会议第1583号代表建议协办意见的函 | 广州市医疗
G-332,complex,我们在经办河源就业创业补贴和创业贷款业务。返乡应届高校毕业生到中小微企业就业能拿多少补贴？创业担保基金什么规模、能支持多少？,"就业补贴《河源市返乡下乡就业创业工程实施意见》(40707558)：返乡下乡应届高校毕业生到中小微企业就业、签1年以上合同并缴社保，给予毕业生本人一次性2000元就业补贴
创业贷《河源市进一步做好新形势下就业创业工作实施意见》(40894023)：将小额担保贷款调整为创业担保贷款，全市每年新增创业(小额)贷款担保基金不少于1000万元
推导：返乡应届中小微就业→一次性2000元；创业可申请创业担保贷款(全市年新增担保基金≥1000万元支撑)",河源市人力资源和社会保障局关于大力实施返乡下乡就业创业工程推动乡村全面振兴战略的实施意见;河源市人民政府关于进一步做好新形势下就业创业工作的实施意见,0.0,0,1.0,河源市人民政府关于进一步促进创业带动就业工作的实施意见 | 关于印发《广东省省级促进就业专项资金使用管理办法》的通知 | 河源市人民政府关于进一步做好新形势下就业创业工作的实施意见 | 国务院关于进一步做好新形势下就业创业工作的意见 | 人力资源社会保障部 财政部关于做好2026年高校毕业生等青年就业工作的通知 | 人力资源社会保障部 国家发展改革委 财政部 税务总局关于扩大阶段性缓缴社会保险费政
G-333,simple,有位南澳乡下小学的老教师来咨询职称申报，他教书快满三十年、一级教师聘了二十六七年，听说县里有专门给农村老教师的职称通道，问我他这种情况够不够格申报，我需要核实条件再答复。,《汕头市农村中小学教师职称“定向评价、定向使用”实施方案（试行）》｜适用于南澳县中小学校在职在岗、在南澳任教累计满30年、受聘一级教师岗位满25年的教师,关于印发《汕头市农村中小学教师职称“定向评价、定向使用”实施方案（试行）》的通知,1.0,16,1.0,关于印发《汕头市农村中小学教师职称“定向评价、定向使用”实施方案（试行）》的通知
G-334,simple,茂名市知识产权工作专项资金不得用于哪些支出？,茂名市市场监督管理局办公室关于印发《茂名市市场监督管理局知识产权工作专项资金管理细则》的通知 | 除中央、省委、省政府和市委、市政府文件规定外，知识产权专项经费不得用于基本建设支出，不得用于因公出国（境）费，一般公务用车购置及运维费、公务接待费、外事费，不得用于编制内人员工资性支出、津贴补贴、奖金和其他福利支出，不得用于支付罚款、捐款、赞助、投资等支出，不得用于国家禁止列支的其他支出,茂名市市场监督管理局办公室关于印发《茂名市市场监督管理局知识产权工作专项资金管理细则》的通知,0.0,0,1.0,茂名市市场监督管理局办公室关于印发《茂名市市场监督管理局知识产权工作专项资金管理细则》的通知
G-335,complex,广东省乡村振兴用地保障中，省级土地利用年度计划和涉农市县各级计划安排的最低比例分别是多少？,中共广东省委广东省人民政府关于加强乡村振兴重点工作决胜全面建成小康社会的实施意见 | 1. 省级土地利用年度计划应安排下限：5%；2. 涉农市县各级应安排下限：10%,中共广东省委广东省人民政府关于加强乡村振兴重点工作决胜全面建成小康社会的实施意见,0.0,0,1.0,中共广东省委广东省人民政府关于加强乡村振兴重点工作决胜全面建成小康社会的实施意见 | 中共广东省委 广东省人民政府关于做好2022年全面推进乡村振兴重点工作的实施意见 | 中共广东省委 广东省人民政府关于实现巩固拓展脱贫攻坚成果同乡村振兴有效衔接的实施意见
G-336,complex,河源市建设工程施工现场临时设施中，室内净高和通道宽度的下限分别是多少米？,河源市住房和城乡规划建设局关于印发河源市建设工程文明施工和扬尘污染防治管理实施指南的通知 | 1. 室内净高下限：2.4米；2. 通道宽度下限：0.9米,河源市住房和城乡规划建设局关于印发河源市建设工程文明施工和扬尘污染防治管理实施指南的通知,1.0,3,1.0,河源市住房和城乡规划建设局关于印发河源市建设工程文明施工和扬尘污染防治管理实施指南的通知 | 住房和城乡建设部关于发布国家标准《民用建筑设计统一标准》的公告
G-337,complex,企业所得税过渡期内，符合条件的居民企业可在15%高新技术企业税率与哪一税率之间选择？两种税率分别是多少？,国家税务总局关于进一步明确企业所得税过渡期优惠政策执行口径问题的通知 | 1. 该居民企业的所得税适用税率可以选择适用高新技术企业：15%；2. 也可以选择依照：25%,国家税务总局关于进一步明确企业所得税过渡期优惠政策执行口径问题的通知,1.0,28,1.0,国家税务总局关于进一步明确企业所得税过渡期优惠政策执行口径问题的通知 | 国家税务总局关于印发《新企业所得税法精神宣传提纲》的通知 | 关于政协第十三届全国委员会第五次会议第02808号（城乡建设类080号）提案答复的函 | 财政部 国家税务总局关于贯彻落实国务院关于实施企业所得税过渡优惠政策有关问题的通知
G-338,simple,有群众来咨询揭阳商转公贷款，他用商业贷款买了房还了一年多、听说能转公积金贷款省利息，问我转的话额度怎么算、有什么前提条件，需要核实答复。,《揭阳市商业性个人住房贷款转个人住房公积金贷款业务操作细则》｜商转公贷款额度≤原商业贷款当前本金余额-4期原商业贷款月还款本金（取1万元整数倍）；须商贷正常还款1年以上且未结清,《揭阳市商业性个人住房贷款转个人住房公积金贷款业务操作细则》政策解读,1.0,16,1.0,《揭阳市商业性个人住房贷款转个人住房公积金贷款业务操作细则》政策解读
G-339,complex,我们在核定房屋征收补偿标准，需要核实梅州平远和五华两地口径。平远县砖木、砖混、框架结构的房子“三通一平”和基础建设补助每平方米分别多少？五华县选择产权置换的，临时安置补助每月每平方米给多少？,"平远县《中心城区集体土地上房屋征收补偿安置办法》(60265897)：被征收集体土地上房屋按首层占地面积给予“三通一平”和基础建设补助——砖木结构400元/㎡、砖混结构500元/㎡、框架结构600元/㎡
五华县《集体土地上房屋征收补偿安置办法》(60267943)：选择产权置换或宅基地安置、并在约定期限内搬迁完毕(原则上不超过一个月)的，按被征收房屋建筑面积(套内面积)10元/㎡·月支付临时安置补助费
推导：结构补助平远按砖木400/砖混500/框架600元/㎡一次性发(仅首层占地面积)、过渡安置五华按10元/㎡·月发；两地口径不同须分别套用",平远县人民政府关于印发《平远县中心城区集体土地上房屋征收补偿安置办法》的通知;五华县人民政府办公室关于印发五华县集体土地上房屋征收补偿安置办法的通知,1.0,9,1.0,平远县人民政府关于印发《平远县中心城区集体土地上房屋征收补偿安置办法》的通知 | 五华县人民政府办公室关于印发五华县集体土地上房屋征收补偿安置办法的通知
G-340,unanswerable,我们在做房地产市场政策研判、听说以后会全面放开，广东到底什么时候取消限购、有没有明确时间表？,【诚实查无】广东取消限购的时间表属尚未出台的政策安排，本知识库无此信息。模型应诚实回复“限购政策以住建、自然资源部门最新公告为准，无明确取消时间表”，不可编造时间点。,,1.0,6,1.0,广州市人民政府办公厅关于调整我市房地产市场平稳健康发展措施的通知 | 《广州市人民政府办公厅关于调整我市房地产市场平稳健康发展措施的通知》的解读
G-341,partial,我们在梳理企业所得税汇算清缴政策沿革，现在要在年度终了后多久内完成？最早老办法规定多久？请做沿革对比供研究。,"【部分答案·库内可查】企业所得税汇算清缴现行规定：自纳税年度终了之日起5个月内进行；终止经营的自停止生产经营之日起60日内办理（来源 fileId 18924666，库内有）。
【部分答案·库外查无】汇算清缴最早老办法的历史期限本库未收录该历史版本，模型应诚实标注“老办法期限查不到、建议查阅早期企业所得税法及实施条例沿革”，不可编造老办法数值。",国家税务总局关于印发《企业所得税汇算清缴管理办法》的通知,0.3333333333,20,1.0,国家税务总局关于印发《企业所得税汇算清缴管理办法》的通知 | 国家税务总局关于印发《非居民企业所得税汇算清缴管理办法》的通知 | 国家税务总局关于做好“二维码”一次性告知工作的通知 | 国务院关于发布产品税等六个税收条例（草案）和调节税征收办法的通知
G-342,simple,我们在经办汕头绿色工厂梯度培育，有企业想申报省级或国家级、问要在每年什么时候前提交申请，需要核实申报时限答复。,《汕头市绿色工厂梯度培育管理工作方案》｜纳入市级绿色制造名单的企业/园区申报省级、国家级的，应在每年5月30日前向市工信局提交申请报告,汕头市工业和信息化局关于印发《汕头市绿色工厂梯度培育管理工作方案》的通知,1.0,4,1.0,汕头市工业和信息化局关于印发《汕头市绿色工厂梯度培育管理工作方案》的通知
G-343,complex,我们在落实12345热线办理工作，需要核实揭阳优化后的办理时限和河源考核办法。揭阳12345优化后，投诉举报和求助建议分别几个工作日内办结、承办单位多久响应？河源12345承办单位年度考核办法从什么时候开始施行？,"揭阳《进一步优化12345热线工作通知》(40860285，揭府办函〔2025〕16号，2025.3.15起)：投诉举报类事项办理时限由15个工作日压缩为7个工作日内；求助建议类由10个工作日压缩为5个工作日内；承办单位自收到工单之日起1个工作日内响应；求助救急类立即确认处理；实行工单直派、首接负责制
河源《12345政府服务热线承办单位年度考核办法》(40682551)：自2017年1月1日起施行
推导：揭阳12345办理时限——投诉举报7工作日、求助建议5工作日、承办1工作日响应(2025.3.15起直派，旧标15/10工作日已压缩)；河源承办单位年度考核办法2017.1.1起施行；两地分别管办理时效与承办考核",揭阳市人民政府办公室关于进一步优化市12345政务服务便民热线工作的通知;河源市人民政府办公室关于印发河源市12345政府服务热线承办单位年度考核办法的通知,1.0,4,0.8571428571428571,揭阳市人民政府办公室关于进一步优化市12345政务服务便民热线工作的通知 | 揭阳市政务服务数据管理局关于印发揭阳市政务热线管理规定的通知 | 河源市人民政府办公室关于印发河源市12345政府服务热线承办单位年度考核办法的通知
G-346,simple,我们在落实韶关工业设计发展专项资金项目入库，对评审通过项目的现场抽查比例要求是多少，需要核实抽查标准。,《韶关市制造业当家专项资金（工业设计发展）项目入库通知》｜原则上各地应按照不低于50%的比例对评审通过的项目进行现场抽查审核,关于开展2026年制造业当家重点任务保障专项资金（工业设计发展）项目入库的通知,1.0,4,1.0,关于开展2026年制造业当家重点任务保障专项资金（工业设计发展）项目入库的通知
G-347,simple,我们在征收航道养护费，有本省籍内河船舶每年要交，问我统缴标准怎么算，需要核实收费标准答复。,《广东省航道养护费收费标准》｜本省籍内河机动船统一按5元/月·总吨或千瓦（择大计征）缴纳航道养护费,关于调整航道养护费收费标准的复函,1.0,15,1.0,交通运输部关于实施成品油价格和税费改革有关预算管理问题的通知 | 关于调整航道养护费收费标准的复函 | 关于征收2008年航道养护费公告
G-348,complex,广东省技工院校2025版考务指引中，纸质材料和电子材料分别至少保管几年？,关于印发《广东省技工院校职业技能等级认定考务工作指引（2025年第一版）》的通知 | 1. 纸质材料保管下限：3年；2. 电子材料下限：5年,关于印发《广东省技工院校职业技能等级认定考务工作指引（2025年第一版）》的通知,0.0,0,1.0,关于印发《广东省技工院校职业技能等级认定考务工作指引（2025年第一版）》的通知
G-349,simple,有群众来咨询，前阵子补办社保卡窗口说要等，问我现在办一张社保卡一般多久能拿到手，我得核实制发周期答复。,《关于压缩制发周期优化社会保障卡管理服务的通知》｜批量制发周期压缩至30个工作日以内、零星制发压缩至5个工作日以内；特殊原因需延长的不得超过10个工作日,人力资源社会保障部办公厅关于压缩制发周期优化社会保障卡管理服务的通知,1.0,11,1.0,人力资源社会保障部办公厅关于压缩制发周期优化社会保障卡管理服务的通知 | 关于近期我市社会保障卡延迟领卡的公告（2022年4月） | 广州市社会保险基金管理中心关于全面推行使用社保卡银行账户发放基本养老保险待遇的通知
G-350,unanswerable,我们在做社保标准省际对比调研、上海是重点对标城市，上海市现在的城乡居民最低生活保障标准是每人每月多少钱？请整理供调研报告使用。,【诚实查无】本知识库仅收录广东省及国家级政策文件，未收录上海市低保标准（属外省政策，库外查无）。模型应诚实回复“本库未收录上海市低保标准，建议以上海民政/官方公布为准”，不可编造具体金额。,,1.0,0,1.0,广东省财政厅 广东省民政厅关于印发《广东省困难群众救助资金管理办法》的通知 | 2022年1月20日广东省代省长王伟中在广东省第十三届人民代表大会第五次会议上作政府工作报告 | 2019年广东城乡低保最低标准发布 | 中共广州市委、广州市人民政府关于印发《中共广州市委、广州市人民政府关于切实解决涉及人民群众切身利益若干问题的决定》的通知 | 普通高中建档立卡家庭经济困难学生免除学杂费政策对象的认定
G-351,complex,茂名市部分优抚对象参加职工医保时，用人单位和职工个人缴费比例分别是多少？,关于进一步明确我市部分优抚对象参加城镇职工基本医疗保险缴费基数的通知 | 1. 由用人单位按本单位职工缴费工资总额：7%；2. 职工个人按本人工资收入：2%,关于进一步明确我市部分优抚对象参加城镇职工基本医疗保险缴费基数的通知,1.0,9,1.0,关于进一步明确我市部分优抚对象参加城镇职工基本医疗保险缴费基数的通知
G-352,partial,我们在做能源价格与运行分析、广东大鹏液化天然气第四合同年基准落地价是多少？那全省实际用了多少量、总金额多大？请提供运行数据。,"【部分答案·库内可查】大鹏LNG第四合同年进口液化天然气不含税基准落地价22.6236元/吉焦，实际落地价在上下8%幅度内由供需双方确定（来源 fileId 40830426，库内有）。
【部分答案·库外查无】“实际用气量、总金额”属企业经营与能源运行数据，本知识库不收录，模型应诚实标注“用气量与金额查不到、建议咨询发改、能源部门”，不可编造运行数据。",关于核定广东大鹏液化天然气有限公司第四合同年天然气门站销售价格的通知,1.0,4,1.0,关于核定广东大鹏液化天然气有限公司第五合同年天然气门站销售价格的通知 | 关于印发黄华华省长《在省政府全体（扩大）会议上的讲话》的通知 | 关于粤东LNG接收站储气工程项目核准的批复 | 关于惠州LNG接收站项目二期工程核准的批复 | 广东省发展改革委关于国家管网集团广东省天然气管网“县县通工程”兴宁-和平-连平项目核准的批复 | 广东省发展改革委关于国家管网集团广东省天然气管网珠中江干线项目核准
G-353,complex,湛江市农民合作社市级示范社评定中，普通农民合作社和联合社上一年度经营收入最低分别是多少？,关于印发《湛江市农业农村局农民合作社市级示范社评定及监测办法》的通知 | 1. 上一年度农民合作社年经营收入在：80万元；2. 联合社年经营收入在：160万元,关于印发《湛江市农业农村局农民合作社市级示范社评定及监测办法》的通知,1.0,7,1.0,关于印发《湛江市农业农村局农民合作社市级示范社评定及监测办法》的通知
G-356,complex,按2017年湛江市龙头福民自来水价格，非居民用水和特种行业用水每立方米分别执行多少元？,湛江市发展和改革局关于湛江市龙头福民自来水实行居民用水阶梯价格的通知 | 1. 执行原标准非居民用水价格：1.80元；2. 特种行业用水价格：2.30元,湛江市发展和改革局关于湛江市龙头福民自来水实行居民用水阶梯价格的通知,1.0,3,1.0,湛江市发展和改革局关于湛江市龙头福民自来水实行居民用水阶梯价格的通知 | 湛江市发展和改革局关于调整市区自来水价格的通知
G-358,complex,按2015年河源城乡居民医保口径，市内一级医院和非定点医疗机构的住院支付比例分别是多少？,河源市人民政府办公室关于进一步完善城乡居民基本医疗保险制度有关问题的通知 | 1. 统一按市内一级医院：92%；2. 非定点医疗机构：45%,河源市人民政府办公室关于进一步完善城乡居民基本医疗保险制度有关问题的通知,1.0,9,1.0,河源市人民政府办公室关于进一步完善城乡居民基本医疗保险制度有关问题的通知
G-359,complex,茂名市物业电子投票系统启用前应提前多少日告知，投票事项的公示期至少多少日？,茂名市住房和城乡建设局关于印发《茂名市物业管理电子投票系统管理办法》的通知 | 1. 在电子投票系统开始使用前：20日；2. 公示时间下限：15日,茂名市住房和城乡建设局关于印发《茂名市物业管理电子投票系统管理办法》的通知,1.0,5,1.0,茂名市住房和城乡建设局关于印发《茂名市物业管理电子投票系统管理办法》的通知
G-360,simple,我们在监管广东私立高等学校，经批准筹办后几年内要达到正式建校标准，需要核实达标年限。,《广东省私立高等学校管理办法》｜经批准筹办的私立高等学校，应从批准之日起5年内达到正式建校的设置标准,颁布《广东省私立高等学校管理办法》的通知,1.0,8,1.0,颁布《广东省私立高等学校管理办法》的通知 | 颁布《广东省民办高等学校设置实施办法》的通知 | 教育部关于印发《普通本科学校设置暂行规定》的通知
G-361,complex,我们在梳理医保生育政策，需要核实广州2021减半征收和潮州2019合并实施两地规则。广州2021减半征收怎么落实？潮州合并实施征求意见到什么时候？,"广州《落实职工社会医疗保险生育保险费阶段性惠民政策通告》(41859243)：对2021年7月、8月未享受减半征收优惠政策的缴费单位，税务部门通过适当方式冲抵以后月份的缴费、单位无需上门办理任何手续
潮州《生育保险和职工基本医疗保险合并实施细则征求意见公告》(53097222)：具体意见以书面形式于2019年12月20日前送交潮州市医疗保障局待遇保障和医药服务管理科
差异：广州2021减半征收走冲抵以后月份缴费(单位免办手续)，潮州2019合并实施征求至12月20日",国家税务总局广州市税务局关于落实职工社会医疗保险、生育保险费阶段性惠民政策有关事项的通告;关于公开征求《潮州市贯彻落实生育保险和职工基本医疗保险合并实施细则（征求意见稿）》意见的公告,1.0,5,1.0,国家税务总局广州市税务局关于落实职工社会医疗保险、生育保险费阶段性惠民政策有关事项的通告 | 关于公开征求《潮州市贯彻落实生育保险和职工基本医疗保险合并实施细则（征求意见稿）》意见的公告
G-362,simple,我们在落实汕头2022年应收账款融资奖励发放，获评企业按规定标准能奖多少，需要核实奖励金额。,《汕头市2022年省级民营经济及中小微企业发展专项资金通知》｜应收账款融资奖励项目：塑米科技（广东）有限公司45万元、西陇科学股份有限公司19万元，合计64万元,关于下达2022年省级促进经济高质量发展专项资金（民营经济及中小微企业发展）项目计划的通知,1.0,9,1.0,关于下达2022年省级促进经济高质量发展专项资金（民营经济及中小微企业发展）项目计划的通知
G-363,complex,茂名市DIP结算中，纳入省级及以上改革试点医院的加成比例是多少，累计最高加成上限是多少？,茂名市医疗保障局茂名市财政局茂名市卫生健康局关于印发《茂名市基本医疗保险住院医疗费用按病种分值付费（DIP）结算办法》的通知 | 1. 纳入省级及以上改革试点医院的加成：1%；2. 最高加成上限：2%,茂名市医疗保障局茂名市财政局茂名市卫生健康局关于印发《茂名市基本医疗保险住院医疗费用按病种分值付费（DIP）结算办法》的通知,1.0,4,1.0,茂名市医疗保障局茂名市财政局茂名市卫生健康局关于印发《茂名市基本医疗保险住院医疗费用按病种分值付费（DIP）结算办法》的通知
G-364,simple,汕头市2025年最低生活保障边缘家庭的认定标准是多少元/人月？,汕头市民政局关于印发2025年全市城乡最低生活保障等社会救助标准的通知 | 四、全市最低生活保障边缘家庭认定标准1308元/人月,汕头市民政局关于印发2025年全市城乡最低生活保障等社会救助标准的通知,1.0,3,1.0,汕头市民政局关于印发2025年全市城乡最低生活保障等社会救助标准的通知
G-365,unanswerable,我们在做新能源产业政策研究、2024年这批充电桩建设补贴申报完了，2027年广东新能源充电桩建设补贴还会不会有、补多少？,【诚实查无】2027年新能源充电桩补贴政策尚未出台，本知识库无此信息。模型应诚实回复“以省发改、能源部门后续政策为准”，不可编造未来补贴标准。,,1.0,12,1.0,广东省能源局关于2023年度电动汽车充电基础设施奖补资金分配计划的公示 | 广东省能源局关于省政协十三届二次会议《关于解决电动汽车充电难题的系列提案》答复的函 | 广东省能源局关于2022年度电动汽车充电基础设施奖补资金预分配方案的公示 | 广东省发展改革委关于印发广东省推动能源领域大规模设备更新工作方案的通知 | 关于开展2026年县域充换电设施补短板试点申报有关工作的通知
G-366,partial,潮州市建筑工程职称初次认定通过后应公示多久并提交哪些材料？某申报人的最终认定结果能否由程序规则直接推出？,"关于做好2024年度建筑工程技术人才职称评价工作有关事项的通知 | 1. 对于考核评议通过的人员,应在单位公示不少于5个工作日,并将考核评议结果填入《广东省初次职称考核认定申报表》，连同申报人学历证书、学历成绩单、业绩成果材料、社保凭证等相关辅助证明材料（材料要求见附件4）一并提交；边界：库内材料只能确认上述制度事实，不能确认具体申报人的最终职称认定结果；程序和材料要求不包含个人最终评审结论。",关于做好2024年度建筑工程技术人才职称评价工作有关事项的通知,0.6666666667,9,1.0,关于做好2024年度建筑工程技术人才职称评价工作有关事项的通知 | 2023年度潮州市建筑工程工程师、助理工程师、技术员职称评审及认定通过人员的公示 | 中级职称申报人基本情况及评审登记表公示 | 关于做好2025年度广东省大数据工程技术人才职称评审与初次职称考核认定工作的通知
G-367,complex,我们在核定低保标准，需要对比湛江市2018年和2020年两版标准。城乡低保标准和补差水平分别提高到多少？各涨了多少？,"2018版《湛江市城乡低保最低标准及特困人员供养标准》(41837773，2018.1.1起)：城镇低保标准638元/人·月、补差水平503元/人·月以上；农村低保标准440元/人·月、补差水平228元/人·月以上
2020版(41876372，2020.1.1起)：城镇低保标准提高到772元/人·月、补差水平609元/人·月以上；农村低保标准提高到532元/人·月、补差水平276元/人·月以上
推导：湛江低保标准城镇638→772元/月(+134)、农村440→532元/月(+92)，补差水平城镇503→609(+106)、农村228→276(+48)；两年间城乡标准与补差均稳步提高",湛江市民政局关于印发2018年湛江市城乡低保最低标准及特困人员供养标准的通知;湛江市民政局关于印发2020年湛江市城乡低保最低标准及特困人员供养标准的通知,1.0,10,1.0,湛江市民政局关于印发2018年湛江市城乡低保最低标准及特困人员供养标准的通知 | 湛江市民政局关于印发2020年湛江市城乡低保最低标准及特困人员供养标准的通知
G-369,simple,我们在组织湛江研发费用加计扣除政策宣讲会，每家企业最多派几人参加，需要核实参会名额。,《2024年度湛江市企业研发费用加计扣除政策宣讲会》｜企业技术研发负责人或财务负责人1-2人参会，每家企业不超过2人,关于举办2024年度湛江市企业研发费用加计扣除政策宣讲会的通知,1.0,2,1.0,关于举办2024年度湛江市企业研发费用加计扣除政策宣讲会的通知
G-370,complex,湛江市农业用水取用地下水时，普通区域和超采区分别按对应分类水价的多少倍执行？,湛江市发展和改革局关于制定市区农业用水价格的通知 | 1. 取用地下水的农业用水价格按对应分类水价：1.2倍；2. 在超采区取用地下水的农业用水价格按对应分类水价：1.3倍,湛江市发展和改革局关于制定市区农业用水价格的通知,1.0,7,1.0,湛江市发展和改革局关于制定市区农业用水价格的通知
G-371,complex,肇庆市住房公积金流动性风险应对措施实施时，每套房单个申请人的额度减少多少，调整后最高可贷多少？,《关于实施肇庆市住房公积金资金流动性风险应对措施的通知》政策解读 | 1. 每套房单个申请人减少：5万元；2. 其公积金最高可贷额度：15万元,《关于实施肇庆市住房公积金资金流动性风险应对措施的通知》政策解读,1.0,38,1.0,《关于实施肇庆市住房公积金资金流动性风险应对措施的通知》政策解读
G-372,complex,按2016年湛江市区公办幼儿园收费标准，省一级和市一级幼儿园的保教费分别是多少？,关于调整湛江市区公办幼儿园收费标准问题的通知 | 1. 省一级幼儿园保教费标准：690元；2. 市一级幼儿园保教费标准：598元,关于调整湛江市区公办幼儿园收费标准问题的通知,1.0,5,1.0,关于调整湛江市区公办幼儿园收费标准问题的通知
G-373,simple,东莞市公共租赁住房租赁合同每次续签多久，累计租赁期限最长多少年？,关于东莞市公租房续租申请有关要求的通告 | （二）续租准则 单个续租合同期为3年，总续租期限不超过6年,关于东莞市公租房续租申请有关要求的通告,1.0,10,1.0,关于东莞市公租房续租申请有关要求的通告
G-374,complex,揭阳市2024年度林业工程职称申报的有效材料从本级评审年度几月起算，截止到高一级职称评审年度几月？,关于开展2024年度揭阳市工程系列林业专业职称评审工作的通知 | 1. 有效材料时段的起算时间为本级职称评审年度：9月；2. 截止时间为高一级职称评审年度：12月,关于开展2024年度揭阳市工程系列林业专业职称评审工作的通知,1.0,14,1.0,关于开展2024年度揭阳市工程系列林业专业职称评审工作的通知
G-375,partial,我们在梳理康居示范工程申报标准沿革，现在对企业负债率要求是多少？再对比试行版的旧要求，供政策研究使用。,"【部分答案·库内可查】现行申报企业现有资产负债率不得高于60%（住宅小区用地规模大中城市不宜小于8公顷等，来源 fileId 18015691，库内有）。
【部分答案·库外查无】康居示范工程试行版的旧负债率要求本库未收录该历史版本，模型应诚实标注“试行版要求查不到、建议查阅住建部早期文件”，不可编造试行版数值。",建设部关于印发《国家康居示范工程管理办法》的通知,1.0,6,1.0,建设部关于印发《国家康居示范工程管理办法》的通知
G-376,simple,我们在核定湛徐高速徐闻港支线车辆通行费，收费费率是多少，需要核实。,《湛徐高速徐闻港支线通行费批复》｜收费费率0.45元/标准车公里（1-5类车系数1/1.5/2/3/3.5）；货车完全计重0.09元/吨·公里,广东省人民政府关于湛（江）徐（闻）高速公路徐闻港支线车辆通行费收费问题的批复,1.0,3,1.0,广东省人民政府关于湛（江）徐（闻）高速公路徐闻港支线车辆通行费收费问题的批复
G-377,unanswerable,我是社保经办的、有位群众1987年3月出生、2018年6月起在潮州湘桥区参保、中间断过4个月、今年刚被裁，群众要求精确答复能领多少个月、每月多少钱的失业保险金，你帮我精确算一下。,【诚实查无】失业保险金月标准与当地最低工资挂钩、领取月数按累计缴费年限分档，但“1987年3月出生/断缴4个月/湘桥区”这类精确到个人的待遇测算须结合参保系统实际记录，政策文件本身不定到个人月。模型应诚实回复“无法据您所述精确测算，建议登录粤省事/参保地社保经办查询”，不可编造精确到元的个人结果。,,1.0,0,1.0,人力资源社会保障部关于《失业保险条例（修订草案征求意见稿）》公开征求意见的通知 | 中国的社会保障状况和政策 | 关于调整我市失业保险缴费工资下限和失业保险金计发基数的通知
G-378,complex,按‘南粤扶残助学工程’历史口径，硕士研究生和博士研究生的一次性资助分别是多少？,广东省残联 广东省教育厅关于印发《“南粤 扶残助学工程”实施办法（暂行）》的通知 | 1. 硕士研究生每人一次性资助：20000元；2. 博士研究生每人一次性资助：30000元,广东省残联 广东省教育厅关于印发《“南粤 扶残助学工程”实施办法（暂行）》的通知,1.0,7,1.0,广东省残联 广东省教育厅关于印发《“南粤 扶残助学工程”实施办法（暂行）》的通知
G-379,simple,我们在经办潮州公积金委托划转还贷业务，对账户余额有什么要求，需要核实办理条件。,《潮州市住房公积金委托划转还贷业务通知》｜职工住房公积金须正常按月缴存，且账户余额不少于3个月以上缴存额；申请人信用记录须优良,潮州市住房公积金管理中心关于开展“委托划转还贷”业务的通知,1.0,9,1.0,潮州市住房公积金管理中心关于开展“委托划转还贷”业务的通知 | 关于开展潮州市住房商业性贷款转住房公积金贷款业务的通知
G-380,simple,我们在梳理河源2017年保障性安居工程落实情况，政府安排了多少棚改和补贴指标，需要核实任务数据。,《河源市2017年保障性安居工程建设实施方案》｜2017年任务：新增新开工棚户区改造住房1751套、基本建成保障性及棚改住房511套、新增发放廉租住房租赁补贴40户,河源市人民政府办公室关于印发河源市2017年保障性安居工程建设实施方案的通知,0.0,35,1.0,河源市人民政府办公室关于印发河源市2017年保障性安居工程建设实施方案的通知
G-381,complex,雄安新区绿色建筑标准中，新建居住建筑和新建公共建筑分别执行多少比例的节能标准？,国家发展改革委 河北省人民政府关于推动雄安新区建设绿色发展城市典范的意见 | 1. 新建居住建筑全面执行：75%；2. 新建公共建筑全面执行：72%,国家发展改革委 河北省人民政府关于推动雄安新区建设绿色发展城市典范的意见,0.5,7,1.0,国家发展改革委 河北省人民政府关于推动雄安新区建设绿色发展城市典范的意见
G-382,complex,汕头市2024年度实验技术职称评审中，在革命老区等地区连续工作满几年后，任职年限条件可放宽几年？,汕头市教育局关于做好2024年度汕头市中小学和中职学校实验技术人才职称评审工作的通知 | 1. 在革命老区、中央苏区和民族地区连续工作：4年；2. 任职年限可在现行职称评价标准条件基础上放宽：1年,汕头市教育局关于做好2024年度汕头市中小学和中职学校实验技术人才职称评审工作的通知,1.0,2,1.0,汕头市教育局关于做好2024年度汕头市中小学和中职学校实验技术人才职称评审工作的通知
G-383,complex,我们在经办医疗器械注册证注销业务，需要核实2021年广东省药监局旧通告和2024年新通告。注销是谁发起、涉及几家，新旧有什么不同？,"旧版《注销医疗器械注册证通告》(广东省药监局2021，fileId53204246)：按照《医疗器械注册管理办法》规定，根据企业申请，依法注销粤械注准20202140561等8个医疗器械注册证
新版(韶关2024，fileId54308541)：深圳市比特科技有限公司等7家注册人向广东省药品监督管理局主动提出注销产品注册证的申请
变化：旧版(2021)为药监局依法注销8个证(依据企业申请)，新版(2024)为7家企业主动申请注销；注销发起表述不同，均为企业申请、监管核准",广东省药品监督管理局注销《医疗器械注册证》通告（第32期）;广东省药品监督管理局关于同意深圳市比特科技有限公司等7家注册人主动注销《医疗器械注册证》的通告,1.0,13,1.0,广东省药品监督管理局关于同意深圳市比特科技有限公司等7家注册人主动注销《医疗器械注册证》的通告 | 广东省药品监督管理局注销《医疗器械注册证》通告（第32期） | 关于取消第一类医疗器械产品备案及生产备案的通告
G-384,simple,我们在审核广东普通高等专科学校设置申报，筹办期限一般是几年，需要核实。,《广东省普通、成人高等专科学校设置实施办法》｜普通高等专科学校筹办期限1年以上5年以下，成人高等专科学校筹办期限1年以上3年以下,颁布《广东省普通、成人高等专科学校设置实施办法》的通知,1.0,2,1.0,颁布《广东省普通、成人高等专科学校设置实施办法》的通知
G-385,complex,我们在核定低保老人意外险和有线电视优惠，需要核实河源和省级两地标准。河源政府给低保老人和高龄老人买的意外险每人每年不少于多少？低保家庭有线数字电视主机收视费每月不超过多少？,"河源《政府资助高龄老人及低保对象投保老年人意外伤害综合保险方案》(40829541)：资助对象为具有河源市户籍且已纳入最低生活保障的老年人及80周岁以上(含)高龄老人，资助标准每人每年不低于10元，自2014年12月1日起投保
广东《对低保家庭用户进一步优惠有线数字电视基本收视维护费的通知》(41867926，2009.4.1起)：凭民政部门核发的低保证，低保家庭有线数字电视主机基本收视维护费由优惠50%调整为每月不超过10元
推导：河源高龄/低保老人意外险每人每年≥10元(2014.12.1起)，低保户有线电视主机收视费≤10元/月",河源市人民政府办公室关于印发河源市实施政府资助高龄老人及低保对象投保老年人意外伤害综合保险方案的通知;关于对我省低保家庭用户进一步优惠有线数字电视基本收视维护费的通知,1.0,3,1.0,河源市人民政府办公室关于印发河源市实施政府资助高龄老人及低保对象投保老年人意外伤害综合保险方案的通知 | 广州市卫生健康委员会 广州市民政局关于推进“银龄安康行动”全覆盖的通知 | 关于进一步完善我省有线数字电视服务收费政策的通知 | 关于对我省低保家庭用户进一步优惠有线数字电视基本收视维护费的通知
G-386,unanswerable,我是窗口的、有群众说他上个月12号下午开车经过潮州XX路与XX路交叉口、好像被电子眼拍了，要求精确查这条违章具体扣几分、罚多少钱，你帮我查。,【诚实查无】某时间某路口的具体违章记录、扣分罚款须以公安交管系统采集核定的违法信息为准，知识库不存个人的违法记录。模型应诚实回复“无法查询个人违章记录，建议登录交管12123 APP或到交警大队查询”，不可编造具体扣分罚款。,,1.0,4,1.0,关于向社会公布新增交通技术监控设备抓拍处罚交通违法行为地点的通告 | 关于潮州市湘桥区古城区域启用车辆通行预约和电子警察执法的通告 | 关于公开征求古城区域启用车辆通行预约和电子警察执法意见的通告
G-387,partial,我们在做医疗服务价格省际对比调研、种植牙是重点项，广州和北京公立医院单颗种植牙的医疗服务费封顶价分别多少？,"【部分答案·库内可查】广州三级公立医疗机构单颗常规种植牙医疗服务价格调控目标最高5400元（留余量4%后最高5184元，来源 fileId 41765738，库内有）。
【部分答案·库外查无】北京种植牙医疗服务费调控目标属外省政策，本库未收录，模型应诚实标注“北京部分查不到、建议咨询北京医保、卫健委”，不可编造北京数值。",广州市医疗保障局关于落实口腔种植医疗服务收费专项治理有关工作的通知,0.5,6,1.0,广州市医疗保障局关于落实口腔种植医疗服务收费专项治理有关工作的通知 | 征求意见 关于《关于开展口腔种植医疗服务收费和耗材价格专项治理的通知（征求意见稿）》公开征求意见情况的通告 | 国家医疗保障局关于《医疗保障法（征求意见稿）》公开征求意见的公告
G-388,simple,我们在经办企业所得税汇算清缴，应当在年度终了后多久内完成，需要核实时限标准。,《企业所得税汇算清缴管理办法》｜纳税人应自纳税年度终了之日起5个月内进行汇算清缴；终止经营的应自停止生产经营之日起60日内办理,国家税务总局关于印发《企业所得税汇算清缴管理办法》的通知,1.0,4,1.0,国家税务总局关于印发《企业所得税汇算清缴管理办法》的通知
G-389,complex,汕头市危险废物处置收费中，稳定化固化填埋和物化稳定化固化填埋的每吨价格分别是多少？,汕头市发展和改革局汕头市生态环境局关于我市危险废物处置价格收费标准有关问题的通知 | 1. 稳定化固化填埋价格为每吨：4800元；2. 物化稳定化固化填埋价格为每吨：6000元,汕头市发展和改革局汕头市生态环境局关于我市危险废物处置价格收费标准有关问题的通知,1.0,6,1.0,汕头市发展和改革局汕头市生态环境局关于我市危险废物处置价格收费标准有关问题的通知
G-390,simple,我们在经办梅州省级企业技术中心认定申报，有企业问网上申报截止什么时候，需要核实申报截止时间答复。,《梅州市2024年省级企业技术中心（第23批）认定通知》｜符合条件的企业须于2024年7月31日前完成网上申报并提交市工信局审核，8月5日前报送纸质材料,关于做好2024年省级企业技术中心（第23批）认定工作的通知,1.0,4,1.0,关于做好2024年省级企业技术中心（第23批）认定工作的通知
G-391,complex,汕头市医疗卫生人才下基层期间，每月至少开展几次业务指导或巡诊，每年帮扶时间累计至少多少个工作日？,汕头市卫生健康局关于印发《汕头市医疗卫生机构医护人才下基层实施方案》的通知 | 1. 每月开展业务指导或巡回医疗至少：1次；2. 每年累计帮扶时间原则上不少于：30个工作日,汕头市卫生健康局关于印发《汕头市医疗卫生机构医护人才下基层实施方案》的通知,1.0,6,1.0,汕头市卫生健康局关于印发《汕头市医疗卫生机构医护人才下基层实施方案》的通知
G-392,complex,我们在核定一辆3.5升排量新乘用车的税费，需要核实消费税和车辆购置税。这车厂家要交消费税、购车人要交车辆购置税，分别按多少税率、谁交？,"消费税(18920753)：气缸容量3.0升以上至4.0升(含)的乘用车消费税税率25%(2008.9.1起由15%上调至25%)，由生产企业生产销售环节缴纳、含在车价里
车辆购置税(18923421)：自2018.1.1起恢复按10%法定税率征收(2017年曾减按7.5%)，由购车人购置应税车辆时向税务机关缴纳
推导：3.5L乘用车——消费税25%由厂家生产环节缴(含进车价)、车购税10%由购车人购置时缴，两税纳税人不同(厂家vs个人)、环节不同(生产vs购置)",财政部 国家税务总局关于调整乘用车消费税政策的通知;财政部 国家税务总局关于减征1.6升及以下排量乘用车车辆购置税的通知,1.0,10,1.0,财政部 国家税务总局关于调整乘用车消费税政策的通知 | 财政部 国家税务总局关于对超豪华小汽车加征消费税有关事项的通知 | 财政部 税务总局关于车辆购置税有关具体政策的公告 | 财政部 税务总局关于减征部分乘用车车辆购置税的公告 | 国家税务总局关于贯彻落实减征1.6升及以下排量乘用车车辆购置税有关问题的通知
G-393,complex,梅州市住房公积金贷款期限可延长至退休年龄后几年，同时贷款最长期限不得超过几年？,梅州市住房公积金管理委员会关于进一步优化住房公积金相关政策的通知 | 1. 贷款期限延长至不超过借款人法定退休年龄后：5年；2. 贷款期限最长：30年,梅州市住房公积金管理委员会关于进一步优化住房公积金相关政策的通知,1.0,3,1.0,梅州市住房公积金管理委员会关于进一步优化住房公积金相关政策的通知
G-394,simple,揭阳市2023年度中职教师职称资历从何时起算，计算截止到哪一天？,关于做好2023年度揭阳市中职教师职称评审工作的通知 | 按照《评价标准》相应规定执行，起算时间为担任本级职称对应职务之日，截止时间为2023年12月31日,关于做好2023年度揭阳市中职教师职称评审工作的通知,0.0,13,1.0,关于做好2023年度揭阳市中职教师职称评审工作的通知
G-395,complex,梅州市科技成果入股新设公司申领奖励时，实缴注册资本需达到多少万元，奖励按实缴注册资本的多少比例计算？,“免费梅州”科技创新支持政策汇编 | 1. 实缴注册资本：200万元；2. 给予实缴注册资本*：10%,“免费梅州”科技创新支持政策汇编,1.0,6,1.0,“免费梅州”科技创新支持政策汇编
G-396,simple,湛江市2024年度中小学教师职称资历从何时起算，计算截止到哪一天？,关于做好2024年度湛江市中小学教师职称评审工作的通知 | （一）职称资历年限和申报材料时段按以下计算：申报人资历起算时间为本级聘任时间，截止时间为2024年12月31日,关于做好2024年度湛江市中小学教师职称评审工作的通知,1.0,4,1.0,关于做好2024年度湛江市中小学教师职称评审工作的通知
G-397,complex,韶关市灵活就业社保补贴期限如何区分：距法定退休年龄不足5年的人员与其余人员分别最长可享受多久？,关于进一步明确灵活就业社保补贴等有关事项的通知 | 1. 除对距法定退休年龄不足：5年；2. 其余人员最长上限：3年,关于进一步明确灵活就业社保补贴等有关事项的通知,1.0,11,1.0,韶关市人民政府办公室关于印发韶关市农业转移人口市民化就业创业政策扶持实施细则（2024年修订版）的通知（韶府办发函〔2024〕44号） | 关于进一步明确灵活就业社保补贴等有关事项的通知 | 关于就业专项资金使用管理及有关问题的通知
G-398,complex,中央党校相关收费中，场地费和讲课费合计标准、资料交通等其他费用标准分别是多少？,国家发展改革委财政部关于重新核发中共中央党校行政事业性收费标准等有关问题的通知 | 1. 场地费和讲课费：100元；2. 资料费、交通费和其他费用：60元,国家发展改革委财政部关于重新核发中共中央党校行政事业性收费标准等有关问题的通知,1.0,6,1.0,国家发展改革委财政部关于重新核发中共中央党校行政事业性收费标准等有关问题的通知
G-399,unanswerable,我们处室在做政策衔接研究、广东'十四五'快结束了，下一个五年规划里关于基本公共服务的目标指标是怎么定的？,【诚实查无】下一个五年规划尚未正式发布，本知识库无此信息。模型应诚实回复“该规划尚未出台，以省政府正式发布文本为准”，不可编造规划指标。,,1.0,0,1.0,广东省第十四届人民代表大会财政经济委员会关于广东省国民经济和社会发展第十五个五年规划纲要草案的审查结果报告 | 广东省财政厅印发《关于深化预算管理制度改革的实施方案》的通知 | 中共广东省委关于实施“百县千镇万村高质量发展工程”促进城乡区域协调发展的决定 | 中共广东省委 广东省人民政府关于实现巩固拓展脱贫攻坚成果同乡村振兴有效衔接的实施意见 | 国家卫生健康委办公厅关于进一步健全城市社区卫生服务
G-400,simple,我们在经办潮州工业领域优先发展产业项目认定，有企业问投资额和税收门槛具体要达到多少，需要核实认定标准答复。,《潮州市工业领域优先发展产业项目认定标准》｜项目总投资额不低于1亿元；投资强度、容积率、亩均税收须达“标准地”修正标准2倍（其中亩均税收不低于15万元）,关于明确工业领域优先发展产业项目认定标准的通知,1.0,5,1.0,关于明确工业领域优先发展产业项目认定标准的通知
G-401,partial,我们在梳理社保卡制发周期政策沿革，现在补办一般多久能拿到？2015年那会儿旧标准是多久？请做沿革对比供研究。,"【部分答案·库内可查】社保卡批量制发周期压缩至30个工作日以内、零星制发5个工作日以内，特殊延长不超过10个工作日（现行，来源 fileId 53217745，库内有）。
【部分答案·库外查无】2015年前后社保卡制发的旧版周期标准本库未收录，模型应诚实标注“旧版周期查不到、建议查阅人社部门历史规定”，不可编造旧版天数。",人力资源社会保障部办公厅关于压缩制发周期优化社会保障卡管理服务的通知,0.5,42,1.0,关于城镇居民社会养老保险信息系统建设的指导意见 | 人力资源社会保障部办公厅关于压缩制发周期优化社会保障卡管理服务的通知 | 广州市社会保险基金管理中心关于全面推行使用社保卡银行账户发放基本养老保险待遇的通知 | 广州市社会保障卡服务中心关于切换广东省社会保障卡管理信息系统办理社保卡业务的通告 | 关于近期我市社会保障卡延迟领卡的公告（2022年4月） | 广东省人力资源和社会保障厅关于印发《广东
G-405,complex,按2015年河源市创业带动就业政策，国家级创业型城市与省级创业型城市（县、区）的补助分别是多少？,河源市人民政府关于进一步促进创业带动就业工作的实施意见 | 1. 国家级创业型城市每个补助：50万元；2. 省级创业型城市（县、区）每个补助：30万元,河源市人民政府关于进一步促进创业带动就业工作的实施意见,1.0,10,1.0,河源市人民政府关于进一步促进创业带动就业工作的实施意见 | 关于印发《广东省省级促进就业专项资金使用管理办法》的通知
G-406,complex,汕头市中高职三二分段培养中，学生先在中职学校就读几年，再到对口高职院校学习几年？,汕头市招生委员会办公室关于做好汕头市2025年高中阶段学校招生志愿填报工作的通知 | 1. 先在中职学校就读：3年；2. 进入对口高职院校对应专业学习：2年,汕头市招生委员会办公室关于做好汕头市2025年高中阶段学校招生志愿填报工作的通知,1.0,11,1.0,汕头市招生委员会办公室关于做好汕头市2025年高中阶段学校招生志愿填报工作的通知
G-407,unanswerable,我们在做公积金政策省际对比、北京是重点对标城市，北京市公积金贷款现在个人最高能贷多少万？夫妻双方呢？,【诚实查无】本知识库仅收录广东省及国家级政策，未收录北京市公积金贷款额度（外省政策，库外查无）。模型应诚实回复“本库未收录北京政策，建议咨询北京住房公积金管理中心”，不可编造具体额度。,,1.0,0,1.0,建设部财政部中国人民银行关于住房公积金管理若干问题的指导意见 | 关于完善住房公积金决策制度的意见 | 关于《广州市住房公积金贴息贷款实施办法》（征求意见稿）公开征求意见的公告 | 对十三届全国人大一次会议第3314号建议的答复
G-408,complex,肇庆市中小企业信贷风险补偿中，单个企业贷款总额和其中信用类贷款的上限分别是多少？,肇庆市工业和信息化局 肇庆市财政局关于印发《肇庆市中小企业信贷风险补偿资金实施办法》的通知 | 1. 单个企业列入风险补偿金贷款总额上限：2000万元；2. 信用类贷款总额上限：1000万元,肇庆市工业和信息化局 肇庆市财政局关于印发《肇庆市中小企业信贷风险补偿资金实施办法》的通知,1.0,6,1.0,肇庆市工业和信息化局 肇庆市财政局关于印发《肇庆市中小企业信贷风险补偿资金实施办法》的通知
G-410,partial,我们在做最低工资政策实施效果分析、东莞现行月最低工资2080元，这个标准实际覆盖了多少劳动者、每年财政掏多少补贴？请提供配套数据。,"【部分答案·库内可查】东莞现行最低工资2080元/月、非全日制19.8元/小时（2025年3月1日起执行，来源 fileId 40831395，库内有）。
【部分答案·库外查无】“覆盖劳动者人数、财政补贴金额”属具体执行统计数据，本知识库（政策文件库）不收录此类统计数据，模型应诚实标注“覆盖人数与补贴金额查不到、建议咨询东莞人社、财政部门”，不可编造统计数据。",关于做好贯彻执行我市最低工资标准相关工作的通知,0.5,23,1.0,关于做好贯彻执行我市最低工资标准相关工作的通知 | 1994年劳动事业发展年度公报 | 关于明确住房公积金缴存基数下限的通知
G-411,simple,我们在落实河源农村生活垃圾治理工作，行政村按什么标准配备保洁员、工资不低于多少，需要核实配备标准。,《河源市农村生活垃圾治理长效机制实施方案》｜行政村按每500人配备一名保洁员组建保洁队伍，保洁员工资不得低于1000元/月,河源市人民政府办公室关于印发河源市建立健全农村生活垃圾治理长效机制全面提高城乡清洁水平实施方案的通知,0.0,19,1.0,河源市人民政府办公室关于印发河源市农村人居环境综合整治工作督查考核办法（试行）的通知 | 河源市人民政府办公室关于印发河源市建立健全农村生活垃圾治理长效机制全面提高城乡清洁水平实施方案的通知
G-412,complex,我们在经办就业补贴和创业贷款业务，需要核实韶关和河源两地规则。韶关招用脱贫人口每人补多少？河源每年新增创业担保贷款担保基金不少于多少？,"韶关《农业转移人口市民化就业创业政策扶持实施细则》：用人单位招用本市及协作地区脱贫人口、签1年以上劳动合同并缴社保满6个月，每人一次性补贴5000元
河源《关于进一步做好新形势下就业创业工作的实施意见》：将小额担保贷款调整为创业担保贷款，全市每年新增小额（创业）贷款担保基金不少于1000万元
差异：韶关给“招用脱贫人口5000元/人”补贴，河源给“担保基金年新增≥1000万”融资支撑",韶关市人民政府办公室关于印发韶关市农业转移人口市民化就业创业政策扶持实施细则（2024年修订版）的通知（韶府办发函〔2024〕44号）;河源市人民政府关于进一步做好新形势下就业创业工作的实施意见,1.0,4,1.0,韶关市人民政府办公室关于印发韶关市农业转移人口市民化就业创业政策扶持实施细则（2024年修订版）的通知（韶府办发函〔2024〕44号） | 河源市人民政府关于进一步做好新形势下就业创业工作的实施意见 | 河源市人民政府关于进一步促进创业带动就业工作的实施意见
G-413,complex,河源市2022年度建筑工程职称资历从本级评审年度几月起算，截止到高一级职称评审年度几月？,河源市住房和城乡建设局关于做好2022年度建筑工程技术人才职称评审工作有关事项的通知 | 1. 职称资历年限的起算时间为本级职称评审年度：1月；2. 截止时间为高一级职称评审年度：12月,河源市住房和城乡建设局关于做好2022年度建筑工程技术人才职称评审工作有关事项的通知,1.0,6,1.0,河源市住房和城乡建设局关于做好2022年度建筑工程技术人才职称评审工作有关事项的通知
G-414,simple,肇庆市2024年省科技支撑‘百千万工程’项目签订合同时，绩效目标申报表需提交几份、是否盖章，与合同书如何装订？,关于下达肇庆市2024年省科技支撑“百千万工程”专项资金项目的通知 | 三、为加强科技资金管理，做好项目绩效评价工作，各项目承担单位必须提交《市级部门预算项目支出绩效目标申报表》一式2份，加盖公章后连同项目合同书一并提交（分开装订）,关于下达肇庆市2024年省科技支撑“百千万工程”专项资金项目的通知,1.0,7,1.0,关于下达肇庆市2024年省科技支撑“百千万工程”专项资金项目的通知
G-416,simple,我们在经办一宗税务行政复议的纳税担保，企业问纳税保证的保证期是多久、保证人要多久内履行责任，需要核实担保规则答复。,《纳税担保试行办法》｜保证期间为纳税人应缴税款期限届满之日起60日；纳税保证人应自收到税务机关纳税通知书之日起15日内履行保证责任,纳税担保试行办法,1.0,7,1.0,纳税担保试行办法
G-417,complex,潮州市市政公用设施外线工程适用简易并联审批时，道路红线宽度上限是多少米，建设工期最长多少天？,关于印发《潮州市水、电、气、排水、通信、有线电视等市政公用服务设施外线工程建设项目并联审批实施细则（试行）》的通知 | 1. 适用简易并联审批的道路红线宽度上限：30米；2. 对道路交通影响较小的建设工期上限：15天,关于印发《潮州市水、电、气、排水、通信、有线电视等市政公用服务设施外线工程建设项目并联审批实施细则（试行）》的通知,1.0,8,1.0,关于印发《潮州市水、电、气、排水、通信、有线电视等市政公用服务设施外线工程建设项目并联审批实施细则（试行）》的通知 | 关于印发潮州市水电气等市政公用服务设施接入外线工程简易办理程序的通知
G-418,complex,广东省2025版社会培训评价组织考务指引要求纸质材料和电子材料分别至少保存几年？,关于印发《广东省社会培训评价组织职业技能等级认定考务工作指引（2025版）》的通知 | 1. 纸质材料保存期限下限：3年；2. 电子材料下限：5年,关于印发《广东省社会培训评价组织职业技能等级认定考务工作指引（2025版）》的通知,1.0,4,1.0,关于印发《广东省社会培训评价组织职业技能等级认定考务工作指引（2025版）》的通知
G-419,unanswerable,我们在引进专家、想对标长沙的高层次人才认定体系，长沙高层次人才分几个层次、每个层次有什么认定标准？,【诚实查无】长沙高层次人才认定属湖南省/长沙市政策，本知识库未收录（库外查无）。模型应诚实回复“本库未收录湖南政策，建议咨询长沙市委人才办”，不可编造分层次标准。,,1.0,0,1.0,广州市人力资源和社会保障局关于开展2025年广州市高层次人才考核的通知
G-420,complex,我们在辅导一家2019年小型科技公司办理税费优惠，年应纳税所得额200万、月销售额8万、在职职工15人、资产总额2000万。这样的小微企业2019年增值税、企业所得税、政府性基金分别能享受什么优惠？,"增值税(18921873)：月销售额8万＜10万元，免征增值税
企业所得税(18923872)：年应纳税所得额200万——不超过100万部分减按25%计入(100×25%×20%=5万)、超过100万至300万部分减按50%计入(100×50%×20%=10万)，合计缴15万
政府性基金(18921873)：省级政府可在50%税额幅度内减征资源税、城建税、房产税、城镇土地使用税、印花税、耕地占用税和教育费附加、地方教育附加
推导：2019年该公司——增值税免征(月销8万＜10万)+所得税分段减免(200万缴15万)+地方六税两费减征(≤50%幅度)",财政部 税务总局关于实施小微企业普惠性税收减免政策的通知;国家税务总局关于实施小型微利企业普惠性所得税减免政策有关问题的公告;财政部 国家税务总局关于对小微企业免征有关政府性基金的通知,1.0,18,0.67,财政部 税务总局关于实施小微企业普惠性税收减免政策的通知 | 国家税务总局关于小规模纳税人免征增值税政策有关征管问题的公告 | 国家税务总局关于增值税小规模纳税人地方税种和相关附加减征政策有关征管问题的公告 | 国家税务总局关于实施小型微利企业普惠性所得税减免政策有关问题的公告 | 关于《国家税务总局关于修订〈中华人民共和国企业所得税月（季）度预缴纳税申报表（A类，2018年版）〉等部分表单样式及
G-421,simple,公共基础设施项目企业所得税优惠涉及共同费用时，可按哪些参数合理分摊？,国家税务总局关于实施国家重点扶持的公共基础设施项目企业所得税优惠问题的通知 | 期间共同费用的合理分摊比例可以按照投资额、销售收入、资产额、人员工资等参数确定,国家税务总局关于实施国家重点扶持的公共基础设施项目企业所得税优惠问题的通知,1.0,11,1.0,国家税务总局关于实施国家重点扶持的公共基础设施项目企业所得税优惠问题的通知
G-422,complex,按2022年广州城乡居民医保口径，在校学生个人缴费率和财政补助标准费率分别是多少？,【政策解读】《广州市人民政府办公厅关于印发广州市城乡居民社会医疗保险办法的通知》的解读 | 1. 在校学生的个人缴费率：0.73%；2. 财政补助标准费率：1.69%,【政策解读】《广州市人民政府办公厅关于印发广州市城乡居民社会医疗保险办法的通知》的解读,0.0,0,1.0,《广州市人民政府办公厅关于印发广州市城乡居民社会医疗保险办法的通知》的解读
G-423,simple,汕头市2025年城镇最低生活保障标准和最低生活保障补差水平分别是多少？,汕头市民政局关于印发2025年全市城乡最低生活保障等社会救助标准的通知 | 一、全市城镇最低生活保障标准872元/人月，城镇低保补差水平不低于688元/人月,汕头市民政局关于印发2025年全市城乡最低生活保障等社会救助标准的通知,1.0,5,1.0,汕头市民政局关于印发2025年全市城乡最低生活保障等社会救助标准的通知
G-424,complex,我们在梳理成品油消费税沿革，需要核实2008年税费改革前后标准。改革后无铅汽油、柴油、石脑油的消费税每升分别多少？改革前又是多少？,"改革前(18920693)：自2008.1.1起石脑油、溶剂油、润滑油按每升0.2元征收消费税、燃料油按每升0.1元征收
改革后(18920772)：自2008年成品油税费改革起，无铅汽油消费税由每升0.2元提高到1.0元、含铅汽油由0.28元提高到1.4元、柴油由0.1元提高到0.8元、石脑油/溶剂油/润滑油由0.2元提高到1.0元、航空煤油和燃料油由0.1元提高到0.8元
推导：无铅汽油0.2→1.0元/升(涨0.8)、柴油0.1→0.8元/升(涨0.7)、石脑油0.2→1.0元/升(涨0.8)，2008年改革后成品油消费税单位税额大幅上调",财政部 国家税务总局关于提高成品油消费税税率的通知;财政部 国家税务总局关于调整部分成品油消费税政策的通知,1.0,5,1.0,财政部 国家税务总局关于提高成品油消费税税率的通知
G-425,complex,湛江市科技创新再贷款认定企业发展阶段时，成立不超过几年属于初创期，成立满几年至几年属于成长期？,湛江市科学技术局关于做好科技创新再贷款有关工作的通知 | 1. 初创期为企业设立设立时间上限：5年；2. 成长期为企业设立时间在：5-10年,湛江市科学技术局关于做好科技创新再贷款有关工作的通知,1.0,6,1.0,湛江市科学技术局关于做好科技创新再贷款有关工作的通知
G-426,simple,汕头市2025年城镇和农村特困人员基本生活供养标准分别是多少元/人月？,汕头市民政局关于印发2025年全市城乡最低生活保障等社会救助标准的通知 | 二、全市城镇特困人员基本生活供养标准1396元/人月，全市农村特困人员基本生活供养标准1308元/人月,汕头市民政局关于印发2025年全市城乡最低生活保障等社会救助标准的通知,1.0,8,1.0,汕头市民政局关于印发2025年全市城乡最低生活保障等社会救助标准的通知
G-427,partial,茂名市2023年居民医保人均财政补助及各级分担额如何规定？某区财政补助款是否已实际拨付到位，还需核验什么？,关于做好2024年度城乡居民基本医疗保险参保缴费宣传发动工作的通知 | 1. 2023年我市城乡居民基本医疗保险人均财政补助标准由每人每年610元调整为每人每年640元，其中：中央财政补助每人每年192元，省财政补助每人每年352元，市财政补助每人每年28.8元，区（县级市、经济功能区）财政补助每人每年67.2元；边界：库内材料只能确认上述制度事实，不能确认具体区县补助资金到账进度；制度标准不能证明财政资金实时拨付状态。,关于做好2024年度城乡居民基本医疗保险参保缴费宣传发动工作的通知,0.0,0,1.0,关于做好2024年度城乡居民基本医疗保险参保缴费宣传发动工作的通知 | 关于调整我市城乡居民基本医疗保险补助和缴费标准的通知 | 广东省财政厅 广东省医疗保障局关于印发《广东省城乡居民基本医疗保险补助资金管理办法》的通知
G-428,complex,我们在核定电梯维修保险费用，需要核实韶关试点标准。每台电梯每年最多能赔多少？基准保费多少、算出来不到多少按多少计？,"韶关《试点小区使用维修资金增值收益购买电梯维修保险办事指引》(54314085)：电梯维修保险范围含零部件维修、重置、人工等费用，每台电梯赔偿限额80000元/台/年；符合承保条件的电梯保险费=2700元(基准保费)×保险费调整系数(梯龄/速度/载重/楼层/质检评估)，按此标准计算低于1500元/台·年时按1500元/台·年计
韶关《主城区住宅专项维修资金增值收益引入电梯维修保险机制》(54313466)：明确可用维修资金增值收益购买电梯维修保险
推导：每台电梯年赔偿限额80000元、基准保费2700元×系数(最低保底1500元/台·年)；资金来源走维修资金增值收益",市住建管理局关于印发韶关市试点小区使用维修资金增值收益购买电梯维修保险办事指引的通知;韶关市住房和城乡建设局等部门关于印发《韶关市主城区住宅专项维修资金增值收益引入电梯维修保险机制试点工作方案》的通知,1.0,3,1.0,市住建管理局关于印发韶关市试点小区使用维修资金增值收益购买电梯维修保险办事指引的通知
G-429,complex,揭阳市义务教育作业管理中，小学三至六年级和初中学生每天书面作业平均完成时间上限分别是多少分钟？,揭阳市教育局关于加强义务教育学校作业管理的通知 | 1. 小学三至六年级每天书面作业完成时间平均上限：60分；2. 初中每天书面作业完成时间平均上限：90分,揭阳市教育局关于加强义务教育学校作业管理的通知,1.0,4,1.0,揭阳市教育局关于加强义务教育学校作业管理的通知
G-430,simple,我们在落实茂名清理化解农村义务教育债务工作，公示时间不少于几天，需要核实公示要求。,《茂名市清理化解农村义务教育债务方案》｜清理核实的债务须在学校、所在行政村和乡镇范围公示，公示时间不少于5个工作日,印发茂名市清理化解农村义务教育债务工作方案的通知,1.0,3,1.0,印发茂名市清理化解农村义务教育债务工作方案的通知
G-431,unanswerable,我们科室做前瞻政策研究、人工智能发展这么快，广东有没有给每个居民按月发'全民基本收入'的政策？我们想了解前沿探索。,【诚实查无】广东并无“全民基本收入”按月发钱政策，本知识库未收录此类事项。模型应诚实回复“不存在该政策”，不可编造不存在的普惠发钱措施。,,1.0,17,1.0,（2021年8月16日—8月31日）
G-432,complex,湛江市区公办中小学住宿费减免中，困难学生减免幅度不得低于收费标准的多少，减免人数一般占住宿生多少？,关于改革市区公办中小学校学生宿舍住宿收费标准核定方式的通知 | 1. 对家庭经济困难学生减免幅度不少于住宿收费标准：30%；2. 减免学生人数一般为住宿生人数：5-10%,关于改革市区公办中小学校学生宿舍住宿收费标准核定方式的通知,1.0,3,1.0,关于改革市区公办中小学校学生宿舍住宿收费标准核定方式的通知
G-433,simple,有养殖户来咨询，听说国家有肉牛肉羊良种补贴，问我什么时候启动的，需要核实政策起始时间答复。,《关于牛羊养殖生产补贴政策提案答复》｜2009年在部分地区启动肉牛和肉羊良种补贴项目，对使用优质种公牛/种公羊冷冻精液品种改良的养殖场户给予补贴,关于“国家出台牛羊养殖生产和牛羊肉价格补贴政策”提案的答复（摘要）,1.0,2,1.0,关于“国家出台牛羊养殖生产和牛羊肉价格补贴政策”提案的答复（摘要）
G-436,complex,我们在调研教师队伍建设政策，需要核实河源学历提升和湛江师德处理两地情况。河源到2018年——幼儿园大专以上学历、小学和初中本科以上学历专任教师比例分别要提到多少？湛江对违反师德教师的处分期最长不超过多少个月、被撤销教师资格的几年内不能重新申请认定？,"河源《教师学历提升工作方案2016-2018》(40991622，河府办〔2016〕43号)：到2018年——幼儿园大专以上学历专任教师比例由68.57%提升到70%以上；小学本科以上由28.22%提升到70%以上；初中本科以上由69.79%提升到90%以上；提升对象为男未满50周岁、女未满45周岁专任教师；新招小学本科以上不低于70%、高中研究生不少于15%
湛江《中小学幼儿园教师违反职业道德行为处理实施办法》(41854709，湛教〔2022〕1号)：受处分期间受到新处分的，处分期为原未执行期限+新期限、最长不超过48个月；教师受处分期间暂缓教师资格定期注册；违反师德构成法定情形的撤销教师资格、自撤销之日起5年内不能重新申请认定；自印发之日起30日后施行、有效期5年
推导：河源教师学历目标——幼儿园大专70%/小学本科70%/初中本科90%；湛江师德处分——处分期最长≤48个月、撤销资格5年内禁申；两地分属教师能力提升与师德约束",河源市人民政府办公室关于印发河源市教师学历提升工作方案（2016—2018年）的通知;湛江市教育局关于印发《湛江市中小学幼儿园教师违反职业道德行为处理实施办法》的通知,0.7,11,0.7,河源市人民政府办公室关于印发河源市教师学历提升工作方案（2016—2018年）的通知 | 河源市人民政府办公室关于印发河源市创建“广东省推进教育现代化先进市”工作实施方案(2016—2018年)的通知 | 湛江市教育局关于印发《湛江市中小学幼儿园教师违反职业道德行为处理实施办法》的通知
G-438,complex,广州职业技能培训合格证书课程中，纯理论课程和含实操课程的每班学员上限分别是多少人？,广州市人力资源和社会保障局关于印发《广州市职业技能培训合格证书培训工作指引（试行）》的通知 | 1. 纯理论课程学员上限：50人；2. 含实操内容的课程学员不得超过：40人,广州市人力资源和社会保障局关于印发《广州市职业技能培训合格证书培训工作指引（试行）》的通知,1.0,7,1.0,广州市人力资源和社会保障局关于印发《广州市职业技能培训合格证书培训工作指引（试行）》的通知
G-439,complex,按2015年梅州市住房公积金会议纪要，梅江区、梅县区单方缴存和夫妻双方缴存的最高贷款限额分别是多少？,梅州市住房公积金管理委员会三届一次全会会议纪要 | 1. 梅江区、梅县区单方缴存最高限额调整到：30万元；2. 夫妻双方缴存最高限额调整到：40万元,梅州市住房公积金管理委员会三届一次全会会议纪要,1.0,5,1.0,梅州市住房公积金管理委员会三届一次全会会议纪要
G-441,unanswerable,我们集团在苏州工业园区注册了公司、要按当地政策给员工交社保，苏州工业园区的单位和个人的缴费比例分别是多少？我们好对接经办。,【诚实查无】苏州工业园区社保缴费比例属江苏省政策，本知识库未收录（库外查无）。模型应诚实回复“本库未收录江苏社保政策，建议咨询苏州工业园区社保经办”，不可编造具体比例。,,1.0,0,1.0,
G-442,complex,我们在核定低保和特困标准，需要核实茂名和湛江两地规则。茂名2024年特困人员基本生活标准按低保标准几倍定？湛江2020年城镇和农村低保标准分别提到多少、补差水平多少？,"茂名《调整2024年全市城乡低保标准和特困供养标准的通知》(41850410)：各地2024年特困供养标准不得低于2024年度当地城乡最低生活保障标准的1.6倍、且不低于当地现行特困人员基本生活标准
湛江《2020年城乡低保最低标准及特困人员供养标准》(41876372，2020.1.1起)：城镇低保标准提高到772元/人·月、补差水平609元/人·月以上；农村低保标准提高到532元/人·月、补差水平276元/人·月以上；城乡特困人员基本生活标准按不低于当地城乡低保标准1.6倍确定
推导：特困标准茂名/湛江均按低保标准1.6倍兜底；湛江2020年城镇低保772元/月(补差609)、农村532元/月(补差276)",关于调整2024年全市城乡低保标准和特困供养标准的通知;湛江市民政局关于印发2020年湛江市城乡低保最低标准及特困人员供养标准的通知,1.0,3,1.0,关于调整2024年全市城乡低保标准和特困供养标准的通知 | 湛江市民政局关于印发2020年湛江市城乡低保最低标准及特困人员供养标准的通知
G-443,simple,我们在组织机关党支部换届选举，支委会候选人差额比例不少于多少，需要核实选举规则。,《机关党支部换届选举工作方案》｜支部委员会换届采取直接选举和差额选举相结合，支委会候选人差额比例应不少于20%,关于印发机关党支部调整和支部委员会换届选举工作方案的通知,1.0,7,1.0,关于印发机关党支部调整和支部委员会换届选举工作方案的通知
G-444,complex,湛江市2024年度交通运输工程职称评审中，中级和初级职称每人一次性收费分别是多少？,关于开展2024年度交通运输工程专业中、初级职称评审的通知 | 1. 申报评审和初次考核认定中级职称的每人一次性收费：450元；2. 申报评审和初次考核认定初级职称的每人一次性收费：280元,关于开展2024年度交通运输工程专业中、初级职称评审的通知,1.0,5,1.0,关于开展2024年度交通运输工程专业中、初级职称评审的通知
G-445,complex,梅州市旧房装修、厨卫及适老化改造购置补贴中，普通产品按销售价格补贴多少，符合额外条件的产品再增加多少？,关于印发《梅州市旧房装修和厨卫、居家适老化改造所用物品材料购置补贴补充工作指引》的通知 | 1. 按照产品销售价格：15%；2. 额外再给予产品销售价格：5%,关于印发《梅州市旧房装修和厨卫、居家适老化改造所用物品材料购置补贴补充工作指引》的通知,1.0,9,1.0,梅州市住房和城乡建设局关于印发《梅州市2025年度旧房装修、厨卫等局部改造所用物品材料购置补贴实施细则》的通知 | 关于印发《梅州市旧房装修和厨卫、居家适老化改造所用物品材料购置补贴补充工作指引》的通知
G-446,complex,我们在梳理婚姻登记跨区域办理政策，需要核实河源和湛江两地。河源全市婚姻登记“全城通办”从哪天开始？湛江全市区域通办从什么时候调整实施？两地是同一种通办吗？,"河源《婚姻登记“全城通办”通告》(53868489)：全市婚姻登记机关自2021年6月21日开始实施婚姻登记“全城通办”(即市内跨县区办理婚姻登记)
湛江《调整全市婚姻登记区域通办规定》(40702174)：根据扩大内地居民婚姻登记“跨省通办”试点通知调整，自2023年6月1日起实施全市婚姻登记区域通办
推导：两地均推行市内跨县区婚姻登记——河源2021.6.21起“全城通办”、湛江2023.6.1起“区域通办”；河源早湛江约两年，均为跨区域办理便民措施",河源市民政局关于婚姻登记“全城通办”的通告;湛江市民政局关于调整全市婚姻登记区域通办相关规定的通知,0.5,8,1.0,河源市民政局关于婚姻登记“全城通办”的通告 | 湛江市民政局关于调整全市婚姻登记区域通办相关规定的通知
G-447,simple,潮州市2024年度学校实验技术人才申报职称时，资历年限计算截止到哪一天？,关于做好2024年度潮州市中小学、中等职业学校技工院校实验技术人才职称评审工作的通知 | 按照潮人社〔2024〕81号文要求，申报人资历年限计算截止为2024年12月31日,关于做好2024年度潮州市中小学、中等职业学校技工院校实验技术人才职称评审工作的通知,1.0,2,1.0,关于做好2024年度潮州市中小学、中等职业学校技工院校实验技术人才职称评审工作的通知
G-448,simple,我们在落实潮州公积金贷款征信补授权工作，2025年起对新申请的借款人，征信授权怎么办理、还要不要提供纸质信用报告，需要核实。,《潮州市个人住房公积金贷款征信补授权工作通知》｜自2025年1月1起新申请公积金贷款的借款人，提交申请时需本人现场签署授权书，无需再提供纸质版个人信用报告,关于开展个人住房公积金贷款征信补授权工作的通知,1.0,2,1.0,关于开展个人住房公积金贷款征信补授权工作的通知 | 关于开展潮州市住房商业性贷款转住房公积金贷款业务的通知
G-449,complex,我们在核定汕头在职职工门诊统筹待遇。2025年普通门诊每年最多报多少？去一级医院报几成？个人账户每月划入多少？,"限额《2025年度统筹基金及普通门诊年度最高支付限额通知》(60465221)：2025年度普通门诊统筹支付限额在职职工每人每年1947元(退休2336元)，统筹基金每月支付普通门诊待遇不超过300元
比例+个账《汕头市基本医疗保险门诊共济保障办法》(60445555)：一级及以下定点医疗机构统筹基金支付70%；在职职工个人账户月计入标准为本人参保缴费月工资基数的2%
推导：在职职工2025年普通门诊→年度封顶1947元、月封顶300元、一级医院报70%、个人账户每月按缴费基数2%计入",关于公布我市2025年度职工和城乡居民年度统筹基金及普通门诊年度最高支付限额等事项的通知;汕头市人民政府办公室关于印发《汕头市基本医疗保险门诊共济保障办法》的通知,1.0,3,1.0,关于公布我市2025年度职工和城乡居民年度统筹基金及普通门诊年度最高支付限额等事项的通知 | 汕头市人民政府办公室关于印发《汕头市基本医疗保险门诊共济保障办法》的通知 | 汕头市卫生健康局关于对汕头市政协十四届二次会议第20230035号提案的答复 | 汕头经济特区职工基本医疗保险和生育保险规定
G-450,simple,有企业来咨询，公司公积金缴存比例定得比较高，听说国家有上限要求，问我最高不能超过多少，需要核实答复。,《关于严格执行规范和阶段性适当降低住房公积金缴存比例政策的通知》｜凡是缴存比例超过12%的，要立即规范到12%以内（含）,关于严格执行规范和阶段性适当降低住房公积金缴存比例政策的通知,1.0,6,1.0,对十三届全国人大一次会议第3314号建议的答复 | 住房城乡建设部 发展改革委 财政部 人民银行关于规范和阶段性适当降低住房公积金缴存比例的通知 | 广州住房公积金2025年年度报告
R2-K2-001,simple,有群众来社保窗口咨询，他父亲快退休了、之前单位帮他缴了12年养老保险，听说广东算过渡性养老金时按缴费年限定计发比例，我得确认一下这个比例怎么取才能答复他。,《关于统一全省基本养老金计发办法系统开发软件需求编制要点的通知》(广东省人社厅)｜过渡性养老金M的计发比例：首次领取基本养老金时缴费年限(含视同)满10年不满15年的取1.0%，15年及以上的取1.2%,关于统一全省基本养老金计发办法系统开发软件需求编制要点的通知,1.0,5,1.0,关于统一全省基本养老金计发办法系统开发软件需求编制要点的通知 | 广东省社会养老保险实施细则00年3月30日执行
R2-K2-002,simple,我们在核实一笔过渡性养老金待遇，广东按缴费年限定的那个计发比例，缴满15年和只缴12年的，分别按多少取？,同上《…基本养老金计发办法…通知》｜缴费年限≥15年取1.2%，满10年不满15年取1.0%,关于统一全省基本养老金计发办法系统开发软件需求编制要点的通知,0.0,0,1.0,关于统一全省基本养老金计发办法系统开发软件需求编制要点的通知 | 广东省社会养老保险实施细则00年3月30日执行
R2-K2-003,simple,我们处室在牵头研究居民阶梯水价，想参考韶关武江区江湾镇的做法——他们每阶梯单价差多少、是怎么拉开档的？,《关于制定武江区江湾镇自来水销售价格的通知》(韶关)｜居民阶梯水价级差按1:1.6:3.2执行(不少于三级),关于制定武江区江湾镇自来水销售价格的通知,1.0,11,1.0,关于制定武江区江湾镇自来水销售价格的通知
R2-K2-007,simple,我们在审核揭阳老城区一宗拆迁补偿，平房、贝灰混合结构、业主要保留产权，按现行办法能按多少比例补面积？,《揭阳市市区城市建设改造拆迁补偿安置暂行办法》｜保留产权的平房，贝灰/混合/框架结构按原建筑面积1:1.4计补(其中1:1.0补偿、1:0.4按基本工程总造价优惠购买),揭阳市人民政府印发《揭阳市市区城市建设改造拆迁补偿安置暂行办法》的通知,0.0,0,1.0,揭阳市人民政府印发《揭阳市市区城市建设改造拆迁补偿安置暂行办法》的通知 | 颁发《揭阳市市区房屋拆迁管理实施办法》的通知
R2-K2-008,simple,我们市场监管所在梳理东源县的药品安全应急要求，万一辖区药店发现疑似药品安全突发事件，最迟多久得向我们报告？,"《东源县药品安全事故应急预案》(东源县政府办, 2020-03-13)｜药品生产/经营企业发现或获知药品安全突发事件后，应立即向事发地市场监管部门、药品不良反应监测机构报告(医疗机构向事发地卫生健康部门+市场监管部门)，最迟不得超过2小时",东源县人民政府办公室关于修订印发东源县药品安全事故应急预案的通知,1.0,3,1.0,东源县人民政府办公室关于修订印发东源县药品安全事故应急预案的通知
R2-K2-009,simple,有企业来窗口咨询，想在河源申请总部经济用地盖办公楼，拍下地后最晚多久得动工、多久得建好、一直开不了工会怎样，我需要找依据答复他。,《河源市人民政府关于加快发展总部经济的意见》｜办公用地须土地交付后6个月内动工建设、2年内建成投入使用(大型项目经批准3年)；土地闲置满1年不足2年按出让价款20%缴闲置费，闲置2年以上无偿收回,河源市人民政府关于加快发展总部经济的意见,1.0,7,1.0,河源市人民政府关于加快发展总部经济的意见
R2-K2-010,simple,我们在认定一批市级科技企业孵化器，河源这家申报方自主支配场地约2000平米、在孵企业占七成，这个场地条件够不够格？,《河源市科学技术局关于开展2017年度市级科技企业孵化器、众创空间认定的通知》｜市级孵化器“有孵化场地”：可自主支配场地使用面积≥1500平米，在孵企业使用场地(含公共服务)≥70%,河源市科学技术局关于开展2017年度市级科技企业孵化器、众创空间认定的通知,0.0,19,1.0,河源市科学技术局关于开展2017年度市级科技企业孵化器、众创空间认定的通知
R2-K2-011,simple,有企业来咨询，计划在广州首次办个工业装备类大展、面积大概16万平米、属于制造业方向，首次办展政府最多能奖多少，我们按政策给他算一下。,《2026年广州市加快会展业发展资助项目申报指南》｜首次办展：展览面积15万(含)㎡以上最高奖300万；优势产业/制造业题材且装备等展示展位超5000㎡，奖励额度按标准最高上浮20%(即最高360万),广州市商务局关于印发2026年广州市加快会展业发展资助项目申报指南的通知,1.0,14,1.0,广州市商务局关于印发2026年广州市加快会展业发展资助项目申报指南的通知
R2-K2-012,simple,东莞市民办义务教育学校账户最低余额不得低于什么标准；确需动用最低余额时应履行什么程序？,东莞市教育局关于加强民办义务教育阶段学校资金监管工作的通知 | 2.账户最低余额监管。实行民办学校账户最低余额监管制度，民办学校要保证学校账户资金总额不得低于全校教职员工2个月应发放的工资、津贴总额。学校收费账户资金总额低于规定的金额，监管系统向教育管理部门推送预警信息。民办学校如需使用最低余额时，需向属地教育管理部门报备，教育管理部门在收到学校完整报备材料后5个工作日内视情况确定是否调整支出监管预警额度。,东莞市教育局关于加强民办义务教育阶段学校资金监管工作的通知,1.0,7,1.0,东莞市教育局关于加强民办义务教育阶段学校资金监管工作的通知
R2-K2-015,simple,汕头市儿童福利机构成年孤儿实行社会化安置后，可获得哪些就业登记、培训补贴、就业援助和公益性岗位支持？,关于做好儿童福利机构孤儿成年后安置工作的通知 | （3）就业扶持。鼓励和帮扶有劳动能力的成年孤儿实现就业，民政部门配合人力社保部门落实就业扶持政策，根据孤儿意愿，提供针对性服务和就业援助。对符合条件的给予技能培训补贴。对有就业能力的，纳入就业和失业登记，享受就业创业服务和相关扶持政策；对符合条件的，纳入就业援助范围，按规定在兜底安置类公益性岗位予以过渡性安置。对自主就业或创业的，给予就业创业服务、培训等支持和帮助。鼓励企事业单位、社会福利企业、社会组织等优先吸收社会化安置对象就业。成年孤儿安置到社区后，应积极参加社区举办的就业和职业推荐，无正当理由不得拒绝就业。,关于做好儿童福利机构孤儿成年后安置工作的通知,1.0,10,1.0,关于做好儿童福利机构孤儿成年后安置工作的通知 | 汕头市人力资源与就业服务中心窗口服务事项进驻市行政服务中心公告
R2-K2-016,simple,我们在落实广东2026年电力市场年度交易工作，常规燃煤机组和9E及以下燃气机组的容量系数分别取多少？,《广东省能源局关于做好2026年电力市场年度交易工作的通知》｜常规燃煤机组容量系数取1.0，常规9E及以下燃气机组取0.31(9F及以上取0.48，大鹏一期0.52),广东省能源局关于做好2026年电力市场年度交易工作的通知,1.0,15,1.0,广东省能源局关于做好2026年电力市场年度交易工作的通知
R2-K2-017,simple,有定点医院医保办来咨询，他们医院CMI值刚算出来是1.2，按揭阳DIP结算这个CMI能加成几个百分点，我需要核实后回复他们。,《揭阳市基本医疗保险医疗费用结算办法》｜CMI加成系数：CMI≥1加成1个百分点，CMI每增加0.1依次多加1个百分点、最高10个百分点(CMI=1.2→加成3个百分点),揭阳市医疗保障局 揭阳市财政局 揭阳市卫生健康局关于印发揭阳市基本医疗保险医疗费用结算办法的通知,1.0,19,1.0,揭阳市医疗保障局 揭阳市财政局 揭阳市卫生健康局关于印发揭阳市基本医疗保险医疗费用结算办法的通知
R2-K2-018,simple,我们在查验汕头一批工程渣土运输车辆，车顶盖要在什么温湿度范围内还能正常开合才算合规？,《汕头市建筑垃圾运输车辆查验技术指引》｜顶盖需保证在环境温度-10℃~50℃、相对湿度不大于95%(25℃)条件下能正常工作,市城市管理和综合执法局 市公安局 市交通运输局关于印发《汕头市建筑垃圾运输车辆查验技术指引》的通知,1.0,12,1.0,市城市管理和综合执法局 市公安局 市交通运输局关于印发《汕头市建筑垃圾运输车辆查验技术指引》的通知
R2-K2-020,simple,窗口来了位阿姨咨询，她缴了16年养老保险快退休了，按广东过渡性养老金那个计发比例，她比只缴12年的同事能高出一档吗？我得算清楚再答复她。,《关于统一全省基本养老金计发办法…通知》(广东省人社厅)｜缴费年限≥15年计发比例1.2%，满10年不满15年1.0%；16年→1.2%，12年→1.0%，高出0.2个百分点(一档),关于统一全省基本养老金计发办法系统开发软件需求编制要点的通知,1.0,6,1.0,关于统一全省基本养老金计发办法系统开发软件需求编制要点的通知 | 广东省社会养老保险实施细则00年3月30日执行
R2-K3-001,simple,我们农业农村部门在落实中央农业防灾减灾救灾资金，有养殖场因突发动物疫病来申请救助，这笔钱具体能用在哪些方面？,"《农业防灾减灾和水利救灾资金管理办法》(财农〔2026〕2号,财政部/农业农村部/水利部)｜资金四个支出方向：农业生产防灾救灾、动物防疫补助(强制免疫/扑杀/销毁/无害化处理)、水利救灾、国家蓄滞洪区运用补偿",财政部 农业农村部 水利部关于印发《农业防灾减灾和水利救灾资金管理办法》的通知,1.0,22,1.0,财政部 农业农村部 水利部关于印发《农业防灾减灾和水利救灾资金管理办法》的通知 | 广东省财政厅关于下达2020年中央财政动物防疫等补助经费的通知 | 广东省财政厅关于下达2019年农业救灾应急资金的通知 | 广东省财政厅 广东省农业农村厅关于印发支持稳定生猪生产保障市场供应有关工作措施的通知 | 关于下达2019年中央生猪调出大县奖励资金（省级统筹部分）的通知
R2-K3-002,simple,我们住建部门在做施工安全宣讲，想用真实数据提醒企业：全国房屋市政工程事故里哪种类型最多、大概占几成？,《关于2020年房屋市政工程生产安全事故情况的通报》(住建部)｜2020年全国房屋市政工程事故689起死亡794人，高处坠落事故407起占59.07%(最多)，其次物体打击12.05%,住房和城乡建设部办公厅关于2020年房屋市政工程生产安全事故情况的通报,1.0,9,1.0,住房和城乡建设部办公厅关于2020年房屋市政工程生产安全事故情况的通报 | 关于印发《尚春明同志在全国建筑安全生产联络员第四次会议上的讲话》的通知
R2-K3-004,simple,审核业务材料时需要核准：风景园林总平面图中，用地内组成要素需要标注哪些位置、名称、形态或范围？,住房城乡建设部关于发布行业标准《风景园林制图标准》的公告 | 2）用地内各组成要素的位置、名称、平面形态或范围，包括建筑、构筑物、道路、铺装场地、绿地、园林小品、水体等,住房城乡建设部关于发布行业标准《风景园林制图标准》的公告,1.0,68,1.0,住房城乡建设部关于发布行业标准《风景园林制图标准》的公告
R2-K3-005,simple,有货车司机来咨询广州北二环高速新开的香雪匝道收费站收费，不同车型怎么定收费系数，我们核实答复他。,《广东省人民政府关于广州市北二环高速公路香雪匝道收费站车辆通行费收费标准有关问题的批复》(粤府函〔2019〕110号)｜1-5类车收费系数分别为1、1.5、2、3、3.5；货车完全计重收费，基本费率0.12元/吨·公里,广东省人民政府关于广州市北二环高速公路香雪匝道收费站车辆通行费收费标准有关问题的批复,1.0,6,1.0,广东省人民政府关于广州市北二环高速公路香雪匝道收费站车辆通行费收费标准有关问题的批复
R2-K3-006,simple,审核业务材料时需要核准：缓粘结预应力筋断裂或滑脱数量占比上限是多少，每束钢绞线最多允许几根钢丝断裂？,住房城乡建设部关于发布行业标准《缓粘结预应力混凝土结构技术规程》的公告 | 5 缓粘结预应力筋张拉过程中应避免预应力筋断裂或滑脱，当发生断裂或滑脱时，其数量不应超过结构同一截面缓粘结预应力筋总根数的 3%，且每束缓粘结预应力钢绞线中不得超过 1 根钢丝断裂,住房城乡建设部关于发布行业标准《缓粘结预应力混凝土结构技术规程》的公告,1.0,2,1.0,住房城乡建设部关于发布行业标准《缓粘结预应力混凝土结构技术规程》的公告
R2-K3-007,simple,我们财政处在组织广东省第四届会计知识大赛广州赛区选拔，网络答题每个人能答几次、前多少名能晋级？,《广州市财政局关于开展广东省第四届会计知识大赛广州赛区选拔工作的通知》｜网络答题6月24-30日，每个身份证号限答2次、取单次最高分排名，前50名晋级,广州市财政局关于开展广东省第四届会计知识大赛广州赛区选拔工作的通知,1.0,2,1.0,广州市财政局关于开展广东省第四届会计知识大赛广州赛区选拔工作的通知
R2-K3-008,simple,基础结构抗冰设计除满足本标准要求外，还须符合哪两项行业标准？,住房和城乡建设部关于发布国家标准《海上风力发电场设计标准》的公告 | 5 基础结构抗冰设计除应满足以上要求外，还应符合现行行业标准《寒冷条件下结构和海管规划、设计和建造的推荐作法》SY/T 10031 和《海上固定平台规划、设计和建造的推荐作法——荷载和抗力系数设计法（增补 1）》SY/T 10009 等的有关规定,住房和城乡建设部关于发布国家标准《海上风力发电场设计标准》的公告,0.0,0,1.0,住房和城乡建设部关于发布国家标准《海上风力发电场设计标准》的公告
R2-K3-009,simple,有同志来咨询申报广州技术经纪专业职称评审专家库，他做技术转移转化、正高级职称干了十来年，问年龄和专业门槛卡在哪，我们核实答复。,《关于公开征集2025年度广州市工程系列技术经纪专业职称申报评审专家的通知》｜入库须年龄原则上60周岁以下、正高级职称、从事技术经纪或相近专业10年以上、取得正高级职称3年(含)以上,关于公开征集2025年度广州市工程系列技术经纪专业职称申报评审专家的通知,1.0,12,1.0,关于公开征集2025年度广州市工程系列技术经纪专业职称申报评审专家的通知
R2-K3-010,simple,审核业务材料时需要核准：建筑光伏系统的噪声防治设计应符合哪项国家标准？,住房和城乡建设部关于发布国家标准《建筑光伏系统应用技术标准》的公告 | 1 噪声防治设计应符合现行国家标准《声环境质量标准》GB 3096 的有关规定,住房和城乡建设部关于发布国家标准《建筑光伏系统应用技术标准》的公告,1.0,5,1.0,住房和城乡建设部关于发布国家标准《建筑光伏系统应用技术标准》的公告
R2-K3-011,simple,我们处室在跟进住建部城市轨道交通工程质量安全监督检查，那次督查覆盖了哪些城市？,《关于开展城市轨道交通工程质量安全监督检查有关事项的通知》(住建部)｜督查覆盖济南、徐州、常州、福州、南昌、郑州、武汉、长沙、广州9市在建轨道交通工程，每个城市督查2~3个项目,关于开展城市轨道交通工程质量安全监督检查有关事项的通知,1.0,15,1.0,关于开展城市轨道交通工程质量安全监督检查有关事项的通知
R2-K3-012,simple,审核业务材料时需要核准：体育场地平整度检测中，允许的间隙和超限点位占比上限分别是多少？,关于发布行业标准《中小学校体育设施技术规程》的公告 | 2 在 1m 直尺下，不得出现超过 3mm 的间隙，1mm～3mm 间隙的点位数应少于总检测点 15%,关于发布行业标准《中小学校体育设施技术规程》的公告,0.0,10,1.0,关于发布行业标准《中小学校体育设施技术规程》的公告
R2-K3-013,simple,有景区来咨询，刚获批国家级风景名胜区、想用统一徽志做宣传，问徽志使用归哪个部门管、有没有专门办法，我们答复。,《国家级风景名胜区徽志使用管理办法》(建设部)｜由建设部制定，规范国家级风景名胜区徽志的使用管理，并公布徽志清样,关于印发《国家级风景名胜区徽志使用管理办法》的通知,1.0,14,1.0,关于印发《国家级风景名胜区徽志使用管理办法》的通知
R2-K3-015,simple,有施工队反映被拖欠工程款，我们核实国务院当时清理拖欠定的目标——多久内基本解决，好答复企业。,《曾培炎副总理在全国清理拖欠工程款电视电话会议上的讲话》｜国务院决定用三年时间基本解决建设领域拖欠工程款和农民工工资问题,关于学习贯彻《曾培炎副总理在全国清理拖欠工程款电视电话会议上的讲话》的通知,1.0,2,1.0,关于学习贯彻《曾培炎副总理在全国清理拖欠工程款电视电话会议上的讲话》的通知 | 关于印发《2006年清理建设领域拖欠工程款工作要点》的通知 | 关于印发《中共建设部党组2006年党风廉政建设工作要点》的通知
R2-K3-016,simple,近期建设项目一般覆盖几年，后续应如何滚动编制计划？,住房城乡建设部关于印发城市步行和自行车交通系统规划设计导则的通知 | 综合考虑城市步行和自行车交通系统存在的问题、现状实施条件和城市建设计划等因素，确定近期建设项目，一般以2-3年为宜，可根据实施情况，进行近期计划的滚动编制,住房城乡建设部关于印发城市步行和自行车交通系统规划设计导则的通知,1.0,2,1.0,关于印发《乡村建设项目库建设指引（试行）》《乡村建设任务清单管理指引（试行）》的通知 | 广东省发展改革委关于组织申报2024年度广东省工程研究中心的通知 | 广州市商务局关于印发2026年商业网点建设专题申报指南的通知 | 三部门关于编报社会服务兜底工程（社会福利服务体系和残疾人服务体系）2020年中央预算内投资项目计划建议的通知 | 关于组织开展中央预算内投资计划调整备选项目遴选报送工作的通知
R2-K3-017,simple,"有物业来咨询在小区搞清洁主题活动，问2004年""让世界清洁起来""活动统一安排在什么时间、当年我国主题是什么，我们核实答复。","《关于组织开展2004年""让世界清洁起来""活动的通知》(建设部/全国爱卫会)｜统一活动时间9月17—19日，我国主题""人人动手，清洁家园""",关于组织开展2004年“让世界清洁起来”活动的通知,1.0,3,1.0,关于组织开展2004年“让世界清洁起来”活动的通知
R2-K3-018,simple,有税务师事务所来咨询，机构基本信息变更后涉税专业服务的基本信息多久内得报税务机关，我们核实答复。,《国家税务总局关于进一步完善涉税专业服务监管制度有关事项的公告》｜涉税专业服务机构基本信息发生变更的，应自变更之日起30日内向主管税务机关报送《基本信息采集表》,国家税务总局关于进一步完善涉税专业服务监管制度有关事项的公告,0.0,4,1.0,国家税务总局关于进一步完善涉税专业服务监管制度有关事项的公告 | 涉税专业服务管理办法（试行）
R2-K3-020,simple,有企业在东莞刚注册、要给员工办住房公积金，来咨询按规定哪些单位必须缴存，我们核实答复。,《东莞市住房公积金缴存管理办法》(东公积金通〔2018〕56号)｜本市行政区域内国家机关、事业单位、各类企业(含外商/港澳台投资/私营)、民办非企业、社会组织等及其在职职工应按属地原则缴存,关于《东莞市住房公积金缴存管理办法》实施后业务办理变化的通知,1.0,18,1.0,建设部财政部中国人民银行关于住房公积金管理若干问题的指导意见 | 中国的社会保障状况和政策 | 关于政协十三届全国委员会第三次会议第4855号（社会管理类356号）提案答复的函 | 印发广东省贯彻国务院关于深化城镇住房制度改革的决定实施意见的通知 | 关于加强住房公积金异地转移审核工作的通知
R2-K3-021,simple,审核业务材料时需要核准：验收记录中的“主观评价”和“验收结论”两栏分别应按什么取值填写？,住房和城乡建设部关于发布国家标准《数据中心综合监控系统工程技术标准》的公告 | 注：1 “主观评价”栏应根据评价实际情况填写“符合要求”或“不符合”，“验收结论”栏，应根据检查实际情况填写“合格”或“不合格”,住房和城乡建设部关于发布国家标准《数据中心综合监控系统工程技术标准》的公告,1.0,4,1.0,住房和城乡建设部关于发布国家标准《数据中心综合监控系统工程技术标准》的公告
R2-K3-023,simple,有企业来咨询招残疾人减免残保金，安排多少比例才不用缴、招一个重度残疾的能按几个人算，我们核实答复。,《残疾人就业保障金征收使用管理办法》(财政部/税务总局/中国残联)｜用人单位安排残疾人就业比例不得低于在职职工总数的1.5%；安排1名1-2级残疾人按2名计算,财政部 国家税务总局 中国残疾人联合会关于印发《残疾人就业保障金征收使用管理办法》的通知,1.0,22,1.0,财政部 国家税务总局 中国残疾人联合会关于印发《残疾人就业保障金征收使用管理办法》的通知 | 温家宝签署国务院令 公布《残疾人就业条例》 | 国家税务总局广州市税务局关于做好残疾人就业保障金申报缴纳的通告 | 关于印发《关于完善残疾人就业保障金制度更好促进残疾人就业的总体方案》的通知 | 《广东省减轻企业负担推动企业高质量发展工作方案》（粤人社发〔2021〕13号） | 广东省残疾人联合会广东省财
R2-K3-024,simple,"我们处室在落实口岸出境免税店政策，""免税商品""具体包括哪些？",《口岸出境免税店管理暂行办法》(财政部/商务部/文旅部/海关总署/税务总局)｜免税商品=免征关税、进口环节税的进口商品+实行退(免)税(增值税/消费税)进入口岸免税店销售的国产商品,财政部 商务部 文化和旅游部 海关总署 税务总局关于印发《口岸出境免税店管理暂行办法》的通知,1.0,25,1.0,财政部 商务部 文化和旅游部 海关总署 税务总局关于印发《口岸出境免税店管理暂行办法》的通知
R2-K3-025,simple,有群众来咨询，他买了商业健康保险、去外地看病已用当地医保报了一部分，问剩下商业险还能按多少比例承担，我们核实答复。,《个人税收优惠型健康保险（万能型）B款示范条款》｜被保险人在医保所属地以外医疗机构就医、且已从公费/基本医保获得补偿的，承担费用范围为已发生责任范围内医疗费用的80%,财政部 税务总局 保监会关于将商业健康保险个人所得税试点政策推广到全国范围实施的通知,0.0,0,1.0,财政部 税务总局 保监会关于将商业健康保险个人所得税试点政策推广到全国范围实施的通知
R2-K3-026,simple,我们处室在梳理外商投资建设工程服务企业规定，具体包括哪几类？,《外商投资建设工程服务企业管理规定（征求意见稿）》｜建设工程服务企业包括建设工程监理企业、建设工程招标代理机构、建设工程造价咨询企业三类,关于征求对《外商投资建设工程服务企业管理规定（征求意见稿）意见的函》,1.0,8,1.0,外商投资建设工程服务企业管理规定
R2-K3-027,simple,我们局里有同志有法律职业资格、想当税务系统公职律师，除了资格还得满足什么条件？,《税务系统公职律师管理办法》(国家税务总局/司法部)｜任职条件：税务机关在职工作人员+律师资格或法律职业资格+税务或法律工作经历累计不少于4年(含试用期)+近二年年度考核称职以上,国家税务总局关于在全国税务系统开展公职律师工作的通知,0.0,21,1.0,国家税务总局关于在全国税务系统开展公职律师工作的通知
R2-K3-028,simple,我们处室在落实住房公积金统计工作，统计由谁负责、怎么分工的？,《住房公积金统计管理办法》(住建部)｜实行统一管理、分级负责：住建部负责全国、省(自治区)住建厅负责本行政区域、设区城市住房公积金管理中心负责组织实施本市,住房和城乡建设部关于印发《住房公积金统计管理办法》的通知,0.0,7,1.0,住房和城乡建设部关于印发《住房公积金统计管理办法》的通知 | 住房和城乡建设部 财政部 中国人民银行关于健全住房公积金信息披露制度的通知 | 关于印发《住房公积金行政监督办法》的通知
R2-K3-029,simple,有单位来咨询申报水体污染治理重大专项，这笔经费的来源都有哪几种渠道，我们核实答复。,《水体污染控制与治理科技重大专项资金管理实施细则（试行）》(环保部/住建部)｜资金来源坚持多元化：中央财政资金、地方财政资金、单位自筹资金、其他渠道资金,关于印发《水体污染控制与治理科技重大专项资金管理实施细则（试行）》的通知,1.0,25,1.0,对政协十三届全国委员会第五次会议第01333号(资源环境类090号)、03963号(资源环境类312号)提案答复的函 | 关于政协第十四届全国委员会第一次会议第2844号（城乡建设类085号）提案答复的函 | 对十四届全国人大一次会议第2550号建议的答复 | 关于政协第十三届全国委员会第五次会议第02429号（城乡建设类068号）提案答复的函 | 对十三届全国人大五次会议第0426号建议的答复 
R2-K3-030,simple,审核业务材料时需要核准：出口退（免）税备案内容变更后，应在多少日内向主管税务机关办理变更？,国家税务总局关于做好“二维码”一次性告知工作的通知 | 《出口退（免）税备案表》中的内容发生变更的，出口企业或其他单位须自变更之日起30日内，向主管国税机关提供相关资料，办理备案内容的变更,国家税务总局关于做好“二维码”一次性告知工作的通知,1.0,3,1.0,国家税务总局关于做好“二维码”一次性告知工作的通知
R2-K4-002,simple,我们医保处在落实广州2026年度城乡居民医保筹资标准，以非学生身份参保的这类人员，个人缴多少、财政补多少？,《广州市医疗保障局 广州市财政局关于明确2026年度广州市城乡居民医保筹资标准调整方案的通知》(穗医保发〔2025〕34号)｜筹资标准表：其他参保人员个人缴费549元、财政补助820元,广州市医疗保障局 广州市财政局关于明确2026年度广州市城乡居民医保筹资标准调整方案的通知,1.0,6,1.0,广州市医疗保险服务中心关于开展2026年度广州市城乡居民基本医疗保险集中参保缴费工作的通告
R2-K4-003,simple,有群众来咨询潮州举报涉毒犯罪的奖励，问举报走私贩卖国家管制的易制毒化学品、对方被追究刑责的能拿多少奖金，我按奖励标准表答复他。,《潮州市公安局关于奖励举报涉枪涉爆涉黄赌毒犯罪的通告》｜奖励标准表：举报走私贩卖易制毒化学品被追刑责的，每案奖励1000至10000元,潮州市公安局关于奖励举报涉枪涉爆涉黄赌毒犯罪的通告,1.0,4,1.0,潮州市公安局关于奖励举报涉枪涉爆涉黄赌毒犯罪的通告
R2-K4-004,simple,我们发改在审核揭阳非居民用水超定额累进加价，有用水户这个月超计划用水70%，超的部分按几倍水价收？,《揭阳市发展改革局 揭阳市水利局关于对非居民用水超定额超计划实行累进加价制度的通知》｜累进加价表：超定额50%以上至100%（含）的水量加价1.5倍收费,揭阳市发展改革局 揭阳市水利局关于对非居民用水超定额超计划实行累进加价制度的通知,1.0,7,1.0,揭阳市发展改革局 揭阳市水利局关于对非居民用水超定额超计划实行累进加价制度的通知
R2-K4-005,simple,有企业来咨询揭阳仲裁委收费，一笔30万的合同纠纷申请仲裁、受理费大概怎么算，我按收费分档表帮他看看。,《揭阳仲裁委员会仲裁收费办法》｜收费分档表：200001元至500000元的部分按2%+3550元交纳（中后段档）,揭阳仲裁委员会仲裁收费办法,1.0,12,1.0,揭阳仲裁委员会仲裁收费办法
R2-K4-006,simple,揭阳仲裁委这边，我办了一件标的额150万的案子，按办案报酬规定，报酬按多少比例算？,《揭阳仲裁委员会仲裁员办案报酬规定》｜报酬比例表：100万-200万（含本数）档报酬比例8.5%（中后段档）,揭阳仲裁委员会仲裁员办案报酬规定,1.0,8,1.0,揭阳仲裁委员会仲裁员办案报酬规定 | 揭阳仲裁委员会仲裁收费办法
R2-K4-007,simple,我们在审核揭阳一个楼盘的容积率，屋顶上的楼梯间、电梯机房这些辅助用房，最多占屋顶面积多少可以不计入容积率？,《揭阳市建筑工程容积率计算办法》｜第四条：建筑物屋顶楼梯间/电梯机房/风机房等辅助用房建筑面积累计不大于屋顶面积25％，超出部分计入容积率建筑面积,揭阳市自然资源局关于印发《揭阳市建筑工程容积率计算办法》的通知,1.0,2,1.0,揭阳市自然资源局关于印发《揭阳市建筑工程容积率计算办法》的通知
R2-K4-008,simple,我们在汇总韶关2025年7月集中式饮用水水源水质状况，苍村水库这个月取水量是多少、水质达标率怎么样？,《2025年7月韶关市集中式生活饮用水水源水质状况报告》｜水源水质表：苍村水库本月取水量196万吨、月达标水量196万吨、水质达标率100%（Ⅰ类）,2025年7月韶关市集中式生活饮用水水源水质状况报告,1.0,5,1.0,2025年7月韶关市集中式生活饮用水水源水质状况报告
R2-K4-009,simple,揭阳市重大动物疫病疫情处置考评中，无疫情、病畜占比和扑杀率分别按什么规则记分或扣分？,印发揭阳市防控重大动物疫病工作量化考评办法的通知 | 疫情处置 20 记10分 1、查阅文件、凭证。 2、无疫情发生的县（市、区），记20分。 3、W病畜数控制在全市病畜数的5%以内的，记10分；在6%-10%的，扣2分；依次类推，之后每增加5个百分点扣2分，扣完10分为止。 4、扑杀率达到100%且扑杀率每下降10个百分点为扣1分，扣完10分为止。,印发揭阳市防控重大动物疫病工作量化考评办法的通知,1.0,8,0.8333333333,印发揭阳市防控重大动物疫病工作量化考评办法的通知
R2-K4-010,simple,我们在组织城建档案馆目标管理考评，特大城市的馆高级职称人员至少要配几个？,《建设部关于修改〈城建档案馆目标管理考评内容和评分标准〉的通知》｜评分标准3.3：具有高级职称的，特大城市不少于3人、大城市不少于2人、中等城市不少于1人,建设部关于修改《城建档案馆目标管理考评内容和评分标准》的通知,1.0,8,1.0,建设部关于修改《城建档案馆目标管理考评内容和评分标准》的通知
R2-K4-011,simple,揭阳市食品安全监管事权表中，市商务局在产品追溯、商务诚信、冷链物流和专项整治方面分别承担什么职责？,揭阳市人民政府办公室关于印发《揭阳市有关部门食品安全监管事权清单》的通知 | 16 市商务局 1.负责推动全市重要产品溯源公共服务平台工程建设，会同有关部门牵头建设肉类、蔬菜等食用农产品追溯体系。 2.负责全市商务诚信体系建设，建立食品流通领域企业诚信标准评价体系，指导和组织开展食品流通领域企业信用评级工作。 3.会同相关部门推进农产品冷链物流发展，完善基础设施，提升冷链信息化水平。4.配合相关部门开展食品安全专项整治工作。,揭阳市人民政府办公室关于印发《揭阳市有关部门食品安全监管事权清单》的通知,1.0,18,1.0,揭阳市人民政府办公室关于印发《揭阳市有关部门食品安全监管事权清单》的通知
R2-K4-012,simple,我们在做揭阳水库移民扶持基金绩效自评，时效指标这一项满分是多少？,"《揭阳市2022年度中央水库移民扶持基金绩效自评报告》｜绩效指标表：时效指标满分16分（中后段指标项，靠""指标类别-满分-得分""表头定位）",揭阳市2022年度中央水库移民扶持基金绩效自评报告,1.0,1,1.0,揭阳市2022年度中央水库移民扶持基金绩效自评报告
R2-K4-013,simple,平潭综合实验区进口税收商品表中，毛皮衣服、衣着附件及人造毛皮制品对应的税则号列是什么？,财政部 海关总署 国家税务总局关于平潭综合实验区有关进口税收政策的通知 | 17 毛皮制的衣服、衣着附件及其他制品；人造毛皮及其制品 4303-4304,财政部 海关总署 国家税务总局关于平潭综合实验区有关进口税收政策的通知,1.0,2,0.5,财政部 海关总署 国家税务总局关于平潭综合实验区有关进口税收政策的通知
R2-K4-014,simple,有群众来咨询韶关风度书房解放路分馆的具体地址，我查一下分馆地址表答复他。,"《韶关市图书馆2025年风度书房设备、网络系统维护保养项目需求书》｜分馆地址表：解放路分馆位于解放路73号（中后段，靠""序号-分馆-地址""表头定位）",韶关市图书馆2025年风度书房设备、网络系统维护保养项目需求书,1.0,1,1.0,韶关市图书馆2025年风度书房设备、网络系统维护保养项目需求书
R2-K5-001,simple,税务版本核验发现进一步明确服务贸易等项目对外支付提交税务证明已退出适用；其注释列出的废止依据是什么？,国家外汇管理局 国家税务总局关于进一步明确服务贸易等项目对外支付提交税务证明有关问题的通知 | 全文废止；参见：《国家税务总局 国家外汇管理局关于服务贸易等项目对外支付税务备案有关问题的公告》（国家税务总局 国家外汇管理局公告2013年第40号）,国家外汇管理局 国家税务总局关于进一步明确服务贸易等项目对外支付提交税务证明有关问题的通知,1.0,4,1.0,国家税务总局 国家外汇管理局关于服务贸易等项目对外支付税务备案有关问题的公告
R2-K5-002,simple,清理长期来华定居专家免征车辆购置税的历史税收口径时，哪份后续文件终止了该旧规的效力，具体从哪一天执行？,国家税务总局关于长期来华定居专家免征车辆购置税有关问题的公告 | 根据《国家税务总局关于公布全文和部分条款失效废止的税务规范性文件目录的公告》（国家税务总局公告2023年第8号），自2023年5月26日起，第一段废止,国家税务总局关于长期来华定居专家免征车辆购置税有关问题的公告,1.0,10,1.0,国家税务总局关于长期来华定居专家免征车辆购置税有关问题的公告
R2-K5-003,simple,我们在核实一个卫生防疫站调拨生物制品和药械的增值税征收率，以前按小规模商业4%，现行按多少？,"《国家税务总局关于修改若干增值税规范性文件引用法规规章条款依据的通知》｜注释载明：卫生防疫站调拨生物制品及药械的征收率由""小规模商业企业4%""修改为""小规模纳税人3%""",国家税务总局关于修改若干增值税规范性文件引用法规规章条款依据的通知,1.0,3,1.0,国家税务总局关于卫生防疫站调拨生物制品及药械征收增值税的批复
R2-K5-004,simple,法规科在核对一份老文件，白酒消费税那个《酒类产品消费税政策问题的通知》，现在还有效吗？,《国家税务总局关于酒类产品消费税政策问题的通知》｜注释载明：第一条2011-1-4废止、第四条2016-5-29废止、第二条2021-7-9废止 → 主要条款均已废止，现行按新规,国家税务总局关于酒类产品消费税政策问题的通知,1.0,12,1.0,国家税务总局关于酒类产品消费税政策问题的通知
R2-K5-005,simple,有企业来问酒精现在还要不要缴消费税，我核实一下现行征收范围。,《国家税务总局关于印发〈消费税征收范围注释〉的通知》｜注释载明：第二条第⑥款（酒精）已于2016-5-29废止 → 现行酒精不再征收消费税,国家税务总局关于印发《消费税征收范围注释》的通知,1.0,8,1.0,财政部 国家税务总局关于调整消费税政策的通知
R2-K5-007,simple,复盘集成电路设计企业及产品认定管理办法的效力沿革，注释指向哪份文件作为停止执行依据？,信息产业部 国家税务总局关于印发《集成电路设计企业及产品认定管理办法》的通知 | 全文废止；参见：《工业和信息化部 国家发展和改革委员会 财政部 国家税务总局关于印发〈集成电路设计企业认定管理办法〉的通知》（工信部联电子〔2013〕487号）,信息产业部 国家税务总局关于印发《集成电路设计企业及产品认定管理办法》的通知,1.0,11,0.5,信息产业部 国家税务总局关于印发《集成电路设计企业及产品认定管理办法》的通知
R2-K5-008,simple,法规科在核对金银首饰消费税那个老管理办法，现在还有效吗？,"《国家税务总局关于印发〈金银首饰消费税征收管理办法〉的通知》｜注释载明：第二条/第五条/第七条/第八条失效，第三/四/六条部分条款失效；第四条第二款""国家税务局""改为""税务局"" → 多数条款已失效",国家税务总局关于印发《金银首饰消费税征收管理办法》的通知,1.0,11,1.0,国家税务总局关于印发《金银首饰消费税征收管理办法》的通知 | 国家税务总局关于取消金银首饰消费税纳税人认定行政审批后有关问题的通知 | 国家税务总局关于停止执行《金银首饰购货（加工）管理证明单》使用规定的批复 | 国家税务总局关于发布已失效或废止有关消费税规范性文件的通知 | 财政部 国家税务总局关于公布废止和失效的消费税规范性文件目录的通知
R2-K5-010,simple,复盘经营房地产收入纳税义务发生时间旧规时，需要登记废止依据和生效日；注释给出的两项信息是什么？,国家税务总局关于经营房地产收入纳税义务发生时间的通知 | 根据《国家税务总局关于公布部分失效废止的规范性文件目录的公告》（国家税务总局公告2023年第10号），自2023年6月16日，全文废止,国家税务总局关于经营房地产收入纳税义务发生时间的通知,1.0,3,1.0,国家税务总局关于公布部分失效废止的规范性文件目录的公告 | 国家税务总局关于经营房地产收入纳税义务发生时间的通知
R2-K5-011,simple,我们在清理老档案，看到《私营企业所得税暂行条例施行细则》，现行私营企业还按这个缴所得税吗？,《中华人民共和国私营企业所得税暂行条例施行细则》｜注释载明：全文已废止（依财法字[1997]44号、财法字[1994]3号）→ 现行不适用，按现行企业所得税法,中华人民共和国私营企业所得税暂行条例施行细则,1.0,2,1.0,中华人民共和国私营企业所得税暂行条例施行细则 | 中华人民共和国私营企业所得税暂行条例 | 国家税务总局关于印发《新企业所得税法精神宣传提纲》的通知 | 关于《国家税务总局关于优化企业所得税年度纳税申报表的公告》的解读
R2-K5-012,simple,有校办企业来咨询，以前学校办企业征收流转税有优惠，那个老通知现在还适不适用，我们核实一下。,《国家税务总局关于学校办企业征收流转税问题的通知》｜注释载明：第三条第一款/第三款废止；全文已于2016废止 → 现行不再适用,国家税务总局关于学校办企业征收流转税问题的通知,1.0,6,1.0,国家税务总局关于学校办企业征收流转税问题的通知 | 财政部 国家税务总局关于教育税收政策的通知
R2-K5-013,simple,法规科在核对《国营企业所得税条例》的老实施细则，现在还有效吗？,《中华人民共和国国营企业所得税条例（草案）实施细则》｜注释载明：全文已废止（财法字[1997]44号）→ 现行不适用,中华人民共和国国营企业所得税条例（草案）实施细则,1.0,7,1.0,中华人民共和国国营企业所得税条例（草案）实施细则 | 中华人民共和国企业所得税法实施条例
R2-K5-015,simple,维护税收征收管理法法规版本时，注释记录了哪几次修订或修正，各自日期是什么？,中华人民共和国税收征收管理法 | 1992年9月4日第七届全国人民代表大会常务委员会第二十七次会议通过 根据1995年2月28日第八届全国人民代表大会常务委员会第十二次会议《全国人民代表大会常务委员会关于修改〈中华人民共和国税收征收管理法〉的决定》第一次修正 根据2001年4月28日第九届全国人民代表大会常务委员会第二十一次会议修订 根据2013年6月29日第十二届全国人民代表大会常务委员会第三次会议《全国人民代表大会常务委员会关于修改〈中华人民共和国文物保护法〉等十二部法律的决定》第二次修正 根据2015年4月24日第十二届全国人民代表大会常务委员会第十四次会议《全国人民代表大会常务委员会关于修改等七部法律的决定》第三次修正,中华人民共和国税收征收管理法,1.0,7,1.0,中华人民共和国税收征收管理法
R2-K5-018,simple,法规科在核对《企业所得税暂行条例》的老实施细则，现在企业还按它缴所得税吗？,《中华人民共和国企业所得税暂行条例实施细则》｜注释载明：全文已于2011-2-21废止（财政部令第62号）→ 现行按《企业所得税法》,中华人民共和国企业所得税暂行条例实施细则,1.0,2,1.0,中华人民共和国企业所得税法实施条例 | 国家税务总局关于企业所得税若干税务事项衔接问题的通知
R2-K5-024,simple,有纳税人来咨询普通发票管理那个老通知，听说改过，问现在按哪版，我们核实一下。,"《国家税务总局关于进一步加强普通发票管理工作的通知》｜注释载明：2024年第15号公告对第二条第三/四项、第三条等作了修改（如""骗购""改""骗领""、""审批""改""确认""）→ 现行按2024修改版",国家税务总局关于进一步加强普通发票管理工作的通知,1.0,13,1.0,国家税务总局关于进一步加强普通发票管理工作的通知
R2-K6-001,simple,帮领导准备一份2015年揭阳财政素材，那年市本级一般公共预算收入大概什么量级？,《关于揭阳市2015年市本级决算草案的报告》(2016-09-28)｜2015年市级一般公共预算收入196786万元,关于揭阳市2015年市本级决算草案的报告,1.0,4,1.0,关于揭阳市2015年市本级决算草案的报告 | 揭阳市2015年预算执行情况和2016年预算草案的报告
R2-K6-002,simple,做2017年高州财政回顾，那年全市一般公共预算收入完成多少？,《高州市2017年预算执行情况和2018年预算草案的报告》(2018-01-20)｜2017年一般公共预算收入173831万元，同比增长2.1%,高州市2017年预算执行情况和2018年预算草案的报告,1.0,3,1.0,高州市2017年预算执行情况和2018年预算草案的报告
R2-K6-003,simple,我们处室在查2018年前三季度电白区一般公共预算收入，那年1-9月累计完成多少？,《关于茂名市电白区2018年1—9月份财政预算执行和预算调整情况的报告》(2018-10-29)｜1-9月一般公共预算收入累计104666万元，同比增长6.38%,关于茂名市电白区2018年1—9月份财政预算执行和预算调整情况的报告,1.0,3,1.0,关于茂名市电白区2018年1—9月份财政预算执行和预算调整情况的报告
R2-K6-004,simple,整理广州海珠区2009年财政情况，那年一般预算收入是多少？,《海珠区2009年预算执行情况和2010年预算草案的报告》(2010-03-16)｜2009年财政一般预算收入完成273658万元，同比增长12.0%,海珠区2009年预算执行情况和2010年预算草案的报告,1.0,24,1.0,海珠区2009年预算执行情况和2010年预算草案的报告
R2-K6-005,simple,回顾2022年湛江财政，那年全市一般公共预算收入是多少？,《关于湛江市2022年市本级决算草案的报告》(2023-08-29)｜2022年全市一般公共预算收入136.94亿元，同比下降14.6%,关于湛江市2022年市本级决算草案的报告,0.0,0,1.0,关于湛江市2022年市本级决算草案的报告
R2-K6-006,simple,领导要一份茂名2015年财政数据，那年市级公共财政预算收入完成多少？,《茂名市直2015年财政决算信息》(2016-06-17)｜2015年市级公共财政预算收入482738万元，财政总收入1530660万元，同比增长39.14%,茂名市直2015年财政决算信息,1.0,5,1.0,茂名市直2015年财政决算信息
R2-K6-007,simple,我们处室在查2013年梅州全市公共财政预算收入，那年完成多少？,《梅州市2013年财政预算执行情况和2014年财政预算草案报告》(2014-02-19)｜2013年全市公共财政预算收入69.35亿元，同比增收13.08亿元、增长23.24%,梅州市2013年财政预算执行情况和2014年财政预算草案报告,1.0,2,1.0,梅州市2013年财政预算执行情况和2014年财政预算草案报告
R2-K6-008,simple,整理肇庆历史财政数据，2009年市本级财政总收入是多少？,《关于肇庆市2009年市本级决算草案的报告》(2010-06-24)｜2009年市本级财政总收入389588万元，为年度预算的213.01%,关于肇庆市2009年市本级决算草案的报告,1.0,12,1.0,关于肇庆市2009年市本级决算草案的报告
R2-K6-009,simple,领导要一份揭阳2015年财政素材，那年全市地方一般公共预算收入完成多少？,《揭阳市2015年预算执行情况和2016年预算草案的报告》(2016-02-19)｜2015年全市地方一般公共预算收入774045万元，同比增长5.04%,揭阳市2015年预算执行情况和2016年预算草案的报告,0.0,5,1.0,揭阳市2015年预算执行情况和2016年预算草案的报告
R2-K6-010,simple,研究2000年那次公有住房租金改革，当时36个大中城市平均租金调到每平米多少钱？,《国家计委办公厅、建设部办公厅关于2000年全国公有住房租金改革情况的通报》(2001-04-26)｜2000年36个大中城市公有住房平均租金标准由1999年1.67元调整为2.20元/使用面积平方米，提高32%,国家计委办公厅、建设部办公厅关于2000年全国公有住房租金改革情况的通报,1.0,1,1.0,国家计委办公厅、建设部办公厅关于2000年全国公有住房租金改革情况的通报
R2-K6-012,simple,2018年茂名工伤保险浮动费率办法，当年从什么时间起对行业基准费率升高的单位阶段性下调？,"《关于印发〈茂名市工伤保险浮动费率管理办法〉的通知》(茂人社规〔2018〕1号)｜从2018年3月1日起，对执行新费率标准后行业基准费率升高的单位，按""就低""原则实施阶段性下调",关于印发《茂名市工伤保险浮动费率管理办法》的通知,0.0,0,1.0,关于印发《茂名市工伤保险浮动费率管理办法》的通知
R2-K6-014,simple,2021年广州援企稳岗政策，当年对不裁员或少裁员的参保企业稳岗返还按什么比例？,《广州市人力资源和社会保障局关于印发〈援企稳岗政策清单和工作指引〉的通知》(穗人社函〔2021〕400号)｜大型企业按上年度实际缴纳失业保险费30%返还，中小微企业按60%返还,广州市人力资源和社会保障局关于印发《援企稳岗政策清单和工作指引》的通知,1.0,14,1.0,广州市人力资源和社会保障局关于印发《援企稳岗政策清单和工作指引》的通知
R2-K6-015,simple,2018年出台的贫困残疾人脱贫攻坚三年行动方案，当年目标是到哪年全省贫困残疾人如期脱贫？,《关于印发打赢贫困残疾人脱贫攻坚战三年行动方案（2018-2020年）的通知》(2019-02-21)｜确保到2020年全省贫困残疾人如期脱贫,关于印发打赢贫困残疾人脱贫攻坚战三年行动方案（2018-2020年）的通知,0.0,0,1.0,关于印发打赢贫困残疾人脱贫攻坚战三年行动方案（2018-2020年）的通知
R2-K6-016,simple,2011年广东支持外经贸企业转型升级那30条措施，当年是在哪里召开的政策宣讲会？,《广东30条措施支持我省外经贸企业转型升级稳定发展》(2011-12-08)｜2011年12月7日在香港召开2011广东省支持外经贸企业转型升级稳定发展政策宣讲会,广东30条措施支持我省外经贸企业转型升级稳定发展,0.0,0,1.0,广东30条措施支持我省外经贸企业转型升级稳定发展
R2-K6-017,simple,复盘2019-02-02失效前的历史业务时，车船税代收代缴手续费政策，通知下发前已按原标准支付的手续费应如何处理？,财政部 国家税务总局关于明确保险机构代收代缴车船税手续费有关问题的通知 | 对本通知下发前，已按原标准向履行代收代缴车船税义务保险机构支付手续费的，应按照本通知规定标准补足手续费,财政部 国家税务总局关于明确保险机构代收代缴车船税手续费有关问题的通知,1.0,14,1.0,财政部 国家税务总局关于明确保险机构代收代缴车船税手续费有关问题的通知
R2-K6-019,simple,2023年湛江职业技能培训补贴指引，当年职业技能提升补贴依据的是哪个文件？,《湛江市人力资源和社会保障局 湛江市财政局关于印发湛江市职业技能培训补贴申领工作指引的通知》(湛人社函〔2023〕169号)｜依据粤人社规〔2023〕13号《广东省职业技能培训补贴管理办法》,湛江市人力资源和社会保障局 湛江市财政局关于印发湛江市职业技能培训补贴申领工作指引的通知,0.0,0,1.0,湛江市人力资源和社会保障局 湛江市财政局关于印发湛江市职业技能培训补贴申领工作指引的通知
R2-K6-020,simple,2023年广东职业技能培训补贴管理办法，当年职业技能提升补贴的补贴对象是哪些人？,《广东省人力资源和社会保障厅 广东省财政厅关于印发广东省职业技能培训补贴管理办法的通知》(粤人社规〔2023〕13号)｜具有我省户籍或在我省就业的劳动者(含外省来粤务工、港澳台人员)，不含机关事业单位在编人员、全日制在校学生、已享受养老保险待遇人员,广东省人力资源和社会保障厅 广东省财政厅关于印发广东省职业技能培训补贴管理办法的通知,0.0,0,1.0,广东省人力资源和社会保障厅 广东省财政厅关于印发广东省职业技能培训补贴管理办法的通知
R2-K6-022,simple,2023年前海金融业高质量发展专项资金办法，当年由哪个部门负责资金管理？,《深圳前海深港现代服务业合作区支持金融业高质量发展专项资金管理办法》(深前海规〔2023〕2号)｜由深圳市前海深港现代服务业合作区管理局(前海管理局)负责资金管理和使用,深圳市前海管理局关于印发《深圳前海深港现代服务业合作区支持金融业高质量发展专项资金管理办法》的通知,1.0,2,1.0,广东省财政厅关于提前下达2023年广东省促进经济高质量发展专项资金（金融发展）的通知
R2-K6-023,simple,2002年那批工程桩动测资质复查合格单位，当年资质证书有效期延长到什么时候？,《关于顺延第二批工程桩动测资质换证时限的通知》(建办质[2002]48号)｜第二批工程桩动测资质复查合格单位资质证书有效期延长至2003年3月31日截止,关于顺延第二批工程桩动测资质换证时限的通知,1.0,1,1.0,关于顺延第二批工程桩动测资质换证时限的通知
R2-K6-024,simple,我们处室在查2002年建设部机关重点培训项目，城市规划管理培训的承办单位是哪家？,《关于印发〈建设部机关2002年重点培训项目〉和〈建设部直属单位、社会团体2002年培训计划〉的通知》(2002-04-05)｜城市规划管理培训由中国城市规划协会、上海城市规划进修学院承办,关于印发《建设部机关2002年重点培训项目》和《建设部直属单位、社会团体2002年培训计划》的通知,1.0,6,1.0,关于印发《建设部机关2002年重点培训项目》和《建设部直属单位、社会团体2002年培训计划》的通知
R2-K7-001,complex,我们处室在调研各地市最低工资执行情况，广州月最低工资已经两千五了，东莞那边是多少、两地差多少？,"广州《关于调整我市最低工资标准的通知》：月最低工资2500元/月，非全日制23.7元/小时（2025年3月1日起执行）
东莞《关于做好贯彻执行我市最低工资标准相关工作的通知》：全日制2080元/月，非全日制19.8元/小时（2025年3月1日起执行）
差异：广州月标准比东莞高420元，小时标准高3.9元",广州市人力资源和社会保障局关于调整我市最低工资标准的通知;关于做好贯彻执行我市最低工资标准相关工作的通知,1.0,5,1.0,关于做好贯彻执行我市最低工资标准相关工作的通知 | 广州市人力资源和社会保障局关于调整我市最低工资标准的通知
R2-K7-002,complex,我们处室在比对各地市最低工资标准演变，广州2018年那次标准和现在东莞的标准比哪个高？广州现在又调到多少了？,"广州2018年标准：2100元/月、20.3元/小时（2018年7月1日起）；2025年已调至2500元/月、23.7元/小时
东莞现行标准：2080元/月、19.8元/小时（2025年3月1日起）
差异：广州2018年标准(2100)略高于东莞现行(2080)，约高20元；广州2025年新标(2500)已比东莞高出420元",广州市人力资源和社会保障局关于调整我市企业职工最低工资标准的通知;关于做好贯彻执行我市最低工资标准相关工作的通知,1.0,5,1.0,广州市人力资源和社会保障局关于调整我市最低工资标准的通知 | 广州市人力资源和社会保障局关于调整我市企业职工最低工资标准的通知 | 关于做好贯彻执行我市最低工资标准相关工作的通知 | 关于调整我市住房公积金缴存下限的通知 | 关于颁布广东省企业职工最低工资标准的通知
R2-K7-003,complex,复盘两份文件有效期间的历史政策时，针对工伤保险参保单位的“费率浮动周期”，广东省揭阳市（2018年口径）与广东省湛江市（2018年口径）分别规定为多少年？,"关于印发《揭阳市工伤保险浮动费率管理办法》的通知 | 第六条本市工伤保险费率的浮动周期为1年。
湛江市人力资源和社会保障局 湛江市财政局 湛江市地方税务局 湛江市安全生产监督管理局关于印发《湛江市工伤保险浮动费率管理办法》的通知 | 第五条 本市工伤保险费率浮动周期为两年。",关于印发《揭阳市工伤保险浮动费率管理办法》的通知;湛江市人力资源和社会保障局 湛江市财政局 湛江市地方税务局 湛江市安全生产监督管理局关于印发《湛江市工伤保险浮动费率管理办法》的通知,1.0,9,1.0,湛江市人力资源和社会保障局 湛江市财政局 湛江市地方税务局 湛江市安全生产监督管理局关于印发《湛江市工伤保险浮动费率管理办法》的通知 | 关于印发《揭阳市工伤保险浮动费率管理办法》的通知
R2-K7-006,complex,答复两地同类业务咨询时，针对城乡居民基本医疗保险参保人的“普通门诊单次支付限额”，广东省梅州市（2015年口径）与广东省潮州市（2019年口径）分别规定为多少元/次？,"关于调整梅州市城乡居民基本医疗保险有关政策的通知 | 调整住院报销和门诊统筹标准 城乡居民基本医疗保险普通门诊统筹每人每日每次最高支付限额调整为30元，年度累计最高支付限额调整为150元
关于2019年度城乡居民基本医疗保险缴费标准及提高部分医疗保险待遇的通知 | 二、 提高部分医疗保险待遇 将基本医疗保险普通门诊待遇由单次限额（含一般诊疗费，下同）30元、年度累计限额150元，提高为单次限额40元、年度累计限额200元",关于调整梅州市城乡居民基本医疗保险有关政策的通知;关于2019年度城乡居民基本医疗保险缴费标准及提高部分医疗保险待遇的通知,1.0,4,1.0,关于调整梅州市城乡居民基本医疗保险有关政策的通知 | 关于2019年度城乡居民基本医疗保险缴费标准及提高部分医疗保险待遇的通知
R2-K7-007,complex,我们处室在研究各地市公积金租房提取政策，河源和肇庆每月最高限额、提取频次分别怎么定？哪个更宽松？,"河源：租房每月最高1000元，每年1次（间隔12个月）；2023年10月起可按月提取、首次最高12000元
肇庆《住房公积金提取管理办法》：每人每月最高600元，首次提取额度≤6个月，每次提取须间隔≥6个月
差异：月额度河源1000 > 肇庆600；河源现已支持按月提取，频次更灵活",关于进一步规范和简化住房公积金租房提取有关事项的通知;肇庆市住房公积金管理委员会关于印发《肇庆市住房公积金提取管理办法》的通知,1.0,20,0.67,关于进一步规范和简化住房公积金租房提取有关事项的通知 | 关于全市统一住房公积金个人贷款最高额度和租房提取最高额度的公告 | 河源市住房公积金管理中心关于调整租房提取业务办理有关事项的公告 | 肇庆市住房公积金管理委员会关于印发《肇庆市住房公积金提取管理办法》的通知
R2-K7-008,complex,我们医保处在调研各地市门诊统筹待遇，汕头和梅州职工医保在一级、三级医院门诊统筹报销比例分别差多少？,"汕头《基本医疗保险门诊共济保障办法》：一级及以下定点医疗机构70%；二级及以上在职职工及城乡居民60%、退休人员70%
梅州《职工基本医疗保险门诊共济保障实施细则》：一级60%、二级55%、三级50%，退休人员支付比例相应提高5个百分点
差异：同为一级医院汕头70% > 梅州60%；三级层面汕头按""二级及以上""报60%、梅州三级仅50%",汕头市人民政府办公室关于印发《汕头市基本医疗保险门诊共济保障办法》的通知;梅州市人民政府办公室关于印发梅州市职工基本医疗保险门诊共济保障实施细则的通知,1.0,17,1.0,汕头市人民政府办公室关于印发《汕头市基本医疗保险门诊共济保障办法》的通知 | 梅州市人民政府办公室关于印发梅州市职工基本医疗保险门诊共济保障实施细则的通知
R2-K7-009,complex,我们医保处在对比各地市门诊统筹封顶线，汕头和梅州职工医保普通门诊统筹的年度最高支付限额分别怎么定？月度封顶差多少？,"汕头：普通门诊统筹年度限额在职职工1947元、退休2336元（2025年度）；统筹基金每月支付在职≤300元
梅州：年度最高支付限额为本市上上年度城镇在岗职工年平均工资的2%；退休人员统筹基金按定额104.46元/月计提
差异：汕头给出明确年度金额（在职1947/退休2336），梅州以""工资2%""动态核定、月度走定额",汕头市人民政府办公室关于印发《汕头市基本医疗保险门诊共济保障办法》的通知;梅州市人民政府办公室关于印发梅州市职工基本医疗保险门诊共济保障实施细则的通知,0.67,9,0.6667,汕头市人民政府办公室关于印发《汕头市基本医疗保险门诊共济保障办法》的通知 | 关于公布我市2025年度职工和城乡居民年度统筹基金及普通门诊年度最高支付限额等事项的通知 | 梅州市人民政府办公室关于印发梅州市职工基本医疗保险门诊共济保障实施细则的通知
R2-K7-012,complex,答复两地同类业务咨询时，针对夫妻双方或两人缴存住房公积金的贷款家庭的“最高贷款额度”，广东省茂名市（2018年口径）与广东省东莞市（2015年口径）分别规定为多少万元？,"关于调整我市住房公积金个人住房贷款政策的通知 | 一、 降低住房公积金个人住房贷款额度 一、降低住房公积金个人住房贷款额度 1、两人（含）以上申请住房公积金贷款购买同一套普通自住住房最高贷款额度由45万元调整为35万元，一人申请住房公积金贷款最高贷款额度由30万元调整为20万元，贷款最高额度不能超过职工住房公积金账户余额的5倍
关于调整我市住房公积金最高贷款额度的通知 | 调高住房公积金最高贷款额度 具体调整情况如下： 职工个人缴存公积金的，最高贷款额度由46万元调高至48万元，夫妻双方缴存公积金的，最高贷款额度由66万元调高至70万元",关于调整我市住房公积金个人住房贷款政策的通知;关于调整我市住房公积金最高贷款额度的通知,1.0,11,0.5,关于调整我市住房公积金个人住房贷款政策的通知 | 关于调整我市住房公积金贷款首付款比例等政策的通知
R2-K7-014,complex,开展跨地区政策核验时，针对单人缴存住房公积金的贷款申请人的“最高贷款额度”，广东省茂名市（2018年口径）与广东省东莞市（2015年口径）分别规定为多少万元？,"关于调整我市住房公积金个人住房贷款政策的通知 | 一、 降低住房公积金个人住房贷款额度 一、降低住房公积金个人住房贷款额度 1、两人（含）以上申请住房公积金贷款购买同一套普通自住住房最高贷款额度由45万元调整为35万元，一人申请住房公积金贷款最高贷款额度由30万元调整为20万元，贷款最高额度不能超过职工住房公积金账户余额的5倍
关于调整我市住房公积金贷款首付款比例等政策的通知 | 二、 提高贷款最高限额 个人缴存职工的最高可贷额度由48万元提高至50万元，夫妻双方缴存职工的最高可贷额度由70万元提高至80万元",关于调整我市住房公积金个人住房贷款政策的通知;关于调整我市住房公积金贷款首付款比例等政策的通知,1.0,8,1.0,关于调整我市住房公积金贷款首付款比例等政策的通知 | 关于调整我市住房公积金个人住房贷款政策的通知
R2-K7-015,complex,有农民工来咨询，在揭阳打工缴了几年失业保险，问失业了一次性能拿多少、和在汕头按月领失业金比哪种拿得多，我们核实答复。,"揭阳：农民工连续缴纳失业保险费满1年，由社保经办机构按失业前月均缴费工资的12%发给一次性生活补助费，每多缴1个月加发月均工资1%
汕头：失业保险金1548元/月（按月发放）
差异：揭阳农民工可一次性领取（金额与缴费工资、年限挂钩），汕头按月发固定金额；哪种更多取决于本人缴费基数与可领月数",关于印发揭阳市失业保险市级统筹实施方案的通知;关于调整我市失业保险缴费工资下限和失业保险金标准等事项的通知,1.0,7,1.0,人力资源社会保障部 财政部关于扩大失业保险保障范围的通知 | 中国的社会保障状况和政策 | 关于印发揭阳市失业保险市级统筹实施方案的通知 | 人力资源社会保障部关于《失业保险条例（修订草案征求意见稿）》公开征求意见的通知 | 人力资源社会保障部办公厅 财政部办公厅 国家税务总局办公厅 国家医保局办公室关于进一步提升失业保险经办服务质效的通知 | 关于调整我市失业保险缴费工资下限和失业保险金标准等事
R2-K7-016,complex,答复两地同类业务咨询时，针对无自有住房并租住商品住房的缴存职工的“每人每月提取上限”，广东省茂名市（2022年口径）与广东省湛江市（2023年口径）分别规定为多少元/月？,"关于提高我市住房公积金租房提取最高限额的通知 | 提高租房提取最高额度 租住商品房的，职工每人每月租房提取最高额度由500元提高至700元
湛江市住房公积金管理委员会关于提高租房提取额度的通知 | 一、 提高租房提取额度标准 一、职工本人及配偶在本市行政区域内无自有住房且租赁住房的，职工每人每月租房提取额度由500元提高至800元，职工及配偶双方每月租房提取额度由1000元提高至1600元",关于提高我市住房公积金租房提取最高限额的通知;湛江市住房公积金管理委员会关于提高租房提取额度的通知,1.0,12,1.0,关于提高我市住房公积金租房提取最高限额的通知 | 湛江市住房公积金管理委员会关于提高租房提取额度的通知 | 湛江市住房公积金管理委员会关于实施多子女家庭住房公积金支持政策的通知
R2-K7-017,complex,比较两地现行政策差异时，针对城乡居民基本养老保险参保人的“个人年缴费最低档”，广东省（2014年口径）与广东省汕头市（2025年口径）分别规定为多少元/年？,"广东省人民政府关于修订《广东省城乡居民社会养老保险实施办法》的通知 | 缴费标准设为每年120元、240元、360元、480元、600元、960元、1200元、1800元、2400元、3600元十个档次
汕头市人民政府关于实施《广东省城乡居民基本养老保险实施办法》有关问题的通知 | 一、 我市城乡居民养老保险费标准 缴费标准设为每年180元、240元、360元、600元、900元、1200元、1800元、3600元、4800元九个档次，不增设缴费档次，并实行按年度缴纳",广东省人民政府关于修订《广东省城乡居民社会养老保险实施办法》的通知;汕头市人民政府关于实施《广东省城乡居民基本养老保险实施办法》有关问题的通知,0.0,0,1.0,广东省人民政府关于修订《广东省城乡居民社会养老保险实施办法》的通知 | 汕头市人民政府关于实施《广东省城乡居民基本养老保险实施办法》有关问题的通知
R2-K7-018,complex,有施工企业来咨询，以建设项目参保工伤保险、在揭阳和茂名都接了工程，问两地按工程合同总造价的什么比例一次性缴、算法有没有区别，我们核实答复。,"揭阳《关于进一步做好建筑业工伤保险工作的实施意见》：施工承包单位以建设项目为单位，按工程合同总造价的1‰计算缴纳工伤保险费，开工前一次性缴纳
茂名《建筑业工伤保险工作实施方案补充意见》：在建项目以申报缴费日起按剩余工期为基数一次性缴纳，工伤保险费=合同造价总额×1‰×剩余工期进度比例
差异：两地费率均为1‰，揭阳按合同总造价计、茂名按剩余工期比例折算",印发《关于进一步做好我市建筑业工伤保险工作的实施意见》的通知;关于茂名市建筑业工伤保险工作实施方案的补充意见,1.0,19,0.4,关于茂名市建筑业工伤保险工作实施方案的补充意见 | 人力资源社会保障部 住房城乡建设部 安全监管总局 全国总工会 关于进一步做好建筑业工伤保险工作的意见 | 四部门联合发文要求进一步做好建筑业工伤保险工作 | 关于我市2022年工伤保险和失业保险费率浮动情况的公示 | 关于对我市工伤、失业保险缴费费率拟调整单位名单的公示 | 关于实施广东省社会保险费征缴办法有关问题的通知 | 广东省人民政府颁布《
R2-K7-019,complex,我们医保处在调研各地市生育保险待遇，潮州顺产、剖宫产分别补多少？双胞胎怎么加发？河源的生育津贴按什么标准算？,"潮州《关于调整部分基本医疗保险和生育保险待遇及缴费标准的通知》：分娩医疗费补助顺产1500元、剖宫产4500元、难产2000元；多胞胎每多一胎增付500元（双胞胎即单胎基础+500）
河源《贯彻落实职工生育保险实施办法的补充通知》：财政统发工资职工/聘请人员产假期间，生育津贴高于原工资标准的部分划拨个人；聘请人员原工资标准按市直单位最低工资月均2108.33元计
差异：潮州按分娩方式定额补助(顺产1500/剖宫产4500)+多胞胎加发，河源以生育津贴与个人工资挂钩",关于调整部分基本医疗保险和生育保险待遇及缴费标准的通知;河源市人力资源和社会保障局河源市财政局关于贯彻落实《河源市职工生育保险实施办法》的补充通知,1.0,14,1.0,关于调整部分基本医疗保险和生育保险待遇及缴费标准的通知 | 印发《潮州市职工生育保险暂行规定》的通知 | 河源市人力资源和社会保障局河源市财政局关于贯彻落实《河源市职工生育保险实施办法》的补充通知 | 关于河源市政协七届二次会议第129号提案答复的函
R2-K7-020,complex,比较两地现行政策差异时，针对住房公积金缴存职工的“月缴存基数下限”，广东省东莞市（2015年口径）与广东省湛江市（2025年口径）分别规定为多少元/月？,"关于调整我市住房公积金缴存下限的通知 | 调整住房公积金缴存基数下限 根据《关于调整我市企业职工最低工资标准的通知》（东府函〔2015〕16号）精神，2015年5月1日起我市企业职工最低工资标准调整为1510元/月，届时我市职工住房公积金缴存基数下限也从1310元/月同步调整为1510元/月
关于调整湛江市住房公积金缴存基数下限的通知 | 一、 提高住房公积金月缴存基数下限 一、从2025年3月1日起，我市职工住房公积金月缴存基数下限由不得低于1720元，调整为不得低于1850元",关于调整我市住房公积金缴存下限的通知;关于调整湛江市住房公积金缴存基数下限的通知,1.0,17,1.0,关于调整我市住房公积金缴存下限的通知 | 关于明确住房公积金缴存基数调整有关事项的通知 | 关于调整湛江市住房公积金缴存基数下限的通知 | 关于开展2025年度住房公积金缴存基数调整工作的通知
R2-K7-021,complex,开展跨地区政策核验时，针对夫妻双方或两人缴存住房公积金的贷款家庭的“最高贷款额度”，广东省湛江市（2024年口径）与广东省河源市（2020年口径）分别规定为多少万元？,"湛江市住房公积金管理委员会关于调整住房公积金个人住房贷款政策的通知 | 一、 贷款额度调整 双方缴存住房公积金，每户最高贷款额度不超过90万元
关于全市统一住房公积金个人贷款最高额度和租房提取最高额度的公告 | 一、 住房公积金个人贷款最高额度 一、住房公积金个人贷款最高额度：夫妻双方均缴存住房公积金的，最高贷款额度为40万元",湛江市住房公积金管理委员会关于调整住房公积金个人住房贷款政策的通知;关于全市统一住房公积金个人贷款最高额度和租房提取最高额度的公告,0.0,0,1.0,关于公开征求《湛江市促进房地产市场平稳健康发展的若干措施（征求意见稿）》意见和公平竞争审查初步结论意见的公告 | 湛江市住房公积金管理委员会关于调整住房公积金个人住房贷款政策的通知 | 湛江市住房公积金管理委员会关于提高住房公积金个人住房最高贷款额度的通知 | 关于全市统一住房公积金个人贷款最高额度和租房提取最高额度的公告 | 关于恢复异地缴存住房公积金职工个人住房贷款业务的公告
R2-K7-023,complex,为统一两地业务答复口径，针对固定资产投资项目的“年综合能源消费量审查门槛”，广东省（2020年口径）与广东省河源市（2014年口径）分别规定为多少吨标准煤/年？,"广东省能源局关于变更行政审批专用章使用范围的公告 | 变更行政审批专用章使用范围 自即日起，广东省能源局变更该行政审批专用章使用范围，用于广东省能源局委托广州市发展和改革委员会实施年综合能源消费量5000吨标准煤以上固定资产投资项目节能审查
河源市人民政府办公室关于加强固定资产投资项目节能评估和审查工作的意见 | 一、 节能评估是项目评估必备内容 一、节能评估是项目可行性研究报告或项目申请报告评估必须具备的内容 （一）年综合能源消费量3000吨标准煤以上（含3000吨标准煤，电力折算系数按当量值，下同），或年电力消费量500万千瓦时以上，或年石油消费量1000吨以上，或年天然气消费量100万立方米以上的固定资产投资项目，应单独编制节能评估报告书",广东省能源局关于变更行政审批专用章使用范围的公告;河源市人民政府办公室关于加强固定资产投资项目节能评估和审查工作的意见,0.0,0,1.0,广东省能源局关于清远市节能审查落实情况监督检查整改意见的函 | 广东省能源局关于变更行政审批专用章使用范围的公告 | 河源市人民政府办公室关于加强固定资产投资项目节能评估和审查工作的意见
R2-K7-024,complex,有企业来咨询，在揭阳和汕头都有保障房相关业务，问揭阳市区公租房租金一平米多少钱、汕头配售型保障房面积标准多少，我们核实答复。,"揭阳《关于市区公共租赁住房租金标准的公告》：市区公共租赁住房租金标准为5元/月·㎡（按建筑面积计租）
汕头《配售型保障性住房管理办法(试行)》：新建项目单套建筑面积原则上不超过120平方米
差异：揭阳给公租房月租金单价(5元/㎡)，汕头给配售型面积上限(120㎡)，两者口径不同（租金 vs 面积）",关于揭阳市区公共租赁住房租金标准的公告;汕头市住房和城乡建设局关于印发《汕头市配售型保障性住房管理办法（试行）》的通知,1.0,2,1.0,关于揭阳市区公共租赁住房租金标准的公告 | 汕头市住房和城乡建设局关于印发《汕头市配售型保障性住房管理办法（试行）》的通知 | 汕头市住房和城乡建设局关于印发《汕头市住房和城乡建设局市本级住房保障租赁补贴发放办法》的通知
R2-K7-027,complex,比较两地现行政策差异时，针对单人缴存住房公积金的贷款申请人的“最高贷款额度”，广东省茂名市（2018年口径）与广东省湛江市（2025年口径）分别规定为多少万元？,"关于调整我市住房公积金个人住房贷款政策的通知 | 一、 降低住房公积金个人住房贷款额度 一、降低住房公积金个人住房贷款额度 1、两人（含）以上申请住房公积金贷款购买同一套普通自住住房最高贷款额度由45万元调整为35万元，一人申请住房公积金贷款最高贷款额度由30万元调整为20万元，贷款最高额度不能超过职工住房公积金账户余额的5倍
湛江市住房公积金管理委员会关于提高住房公积金个人住房最高贷款额度的通知 | 一、 单方及双方最高贷款额度 一、单方缴存住房公积金，每户最高贷款额度为70万元",关于调整我市住房公积金个人住房贷款政策的通知;湛江市住房公积金管理委员会关于提高住房公积金个人住房最高贷款额度的通知,1.0,8,1.0,湛江市住房公积金管理委员会关于提高住房公积金个人住房最高贷款额度的通知 | 关于调整我市住房公积金个人住房贷款政策的通知
R2-K7-028,complex,比较两地现行政策差异时，针对单人缴存住房公积金的贷款申请人的“最高贷款额度”，广东省东莞市（2015年口径）与广东省湛江市（2025年口径）分别规定为多少万元？,"关于调整我市住房公积金最高贷款额度的通知 | 调高住房公积金最高贷款额度 具体调整情况如下： 职工个人缴存公积金的，最高贷款额度由46万元调高至48万元，夫妻双方缴存公积金的，最高贷款额度由66万元调高至70万元
湛江市住房公积金管理委员会关于提高住房公积金个人住房最高贷款额度的通知 | 一、 单方及双方最高贷款额度 一、单方缴存住房公积金，每户最高贷款额度为70万元",关于调整我市住房公积金最高贷款额度的通知;湛江市住房公积金管理委员会关于提高住房公积金个人住房最高贷款额度的通知,1.0,7,0.5,关于调整我市住房公积金贷款首付款比例等政策的通知 | 关于调整我市住房公积金最高贷款额度的通知 | 湛江市住房公积金管理委员会关于提高住房公积金个人住房最高贷款额度的通知
R2-K7-029,complex,为统一两地业务答复口径，针对特殊教育转移支付资金管理部门的“收到预算文件后的绩效目标填报期限”，广东省（2019年口径）与广东省肇庆市（2021年口径）分别规定为多少日？,"关于下达2019年中央追加特殊教育补助资金的通知 | 三、 调整绩效目标并备案监控 三、请各地按照《中央对地方专项转移支付绩效目标管理暂行办法》（财预〔2015〕163号）的要求，参照我省2019年《中央对地方专项转移支付区域绩效目标表(特殊教育补助资金)》（附件2）和各地获得的补助资金额度，对本地区绩效目标进行调整，在收到预算文件60日内填报《中央对地方专项转移支付项目绩效目标表》（附件3），报省教育厅、省财政厅备案，备案后的绩效目标作为绩效监控和绩效评价的依据
关于转下达2021年特殊教育中央追加资金的通知 | 下达追加资金并通知有关事项 > 四、 加强财政资金绩效管理 四、请有关县财政部门和市直有关学校加强财政资金的绩效管理，对本次下达的绩效目标和获得的补助资金额度，结合省和本地区对财政绩效管理的要求，科学合理确定项目绩效目标，在收到预算文件30日内填报区域绩效目标表， 报省、市教育部门和财政部门备案",关于下达2019年中央追加特殊教育补助资金的通知;关于转下达2021年特殊教育中央追加资金的通知,1.0,4,1.0,关于转下达2021年特殊教育中央追加资金的通知 | 关于下达2019年中央追加特殊教育补助资金的通知
R2-K7-030,complex,我们人社部门在调研各地市就业创业补贴，应届大专生在东莞长安镇户籍企业就业每年能拿1.2万、去河源中小微企业只有一次性2000？两地差这么多是真的吗？,"东莞长安《促进户籍居民就业创业奖励办法》：户籍居民在莞全日制就业、签1年以上合同并缴社保满6个月，大专学历每人每年奖励12000元、本科14400元、硕士以上24000元
河源《返乡下乡就业创业工程实施意见》：返乡下乡应届高校毕业生到中小微企业就业、签1年以上合同并缴社保，给予毕业生本人一次性2000元就业补贴
差异：长安按学历年度发放(大专1.2万/年)、且限户籍居民；河源一次性2000元、面向返乡下乡应届生",关于开展最后一期《长安镇促进户籍居民就业创业奖励办法》补贴申领的通知;河源市人力资源和社会保障局关于大力实施返乡下乡就业创业工程推动乡村全面振兴战略的实施意见,0.0,16,1.0,2023年12月基层就业补贴公示 | 关于开展最后一期《长安镇促进户籍居民就业创业奖励办法》补贴申领的通知 | 河源市人民政府关于进一步促进创业带动就业工作的实施意见 | 2023年12月高校毕业生基层岗位补贴公示
R2-K7-031,complex,比较两地现行政策差异时，针对城乡居民基本医疗保险参保人的“普通门诊年度累计支付限额”，广东省梅州市（2015年口径）与广东省汕头市（2020年口径）分别规定为多少元/人年？,"关于调整梅州市城乡居民基本医疗保险有关政策的通知 | 调整住院报销和门诊统筹标准 城乡居民基本医疗保险普通门诊统筹每人每日每次最高支付限额调整为30元，年度累计最高支付限额调整为150元
汕头市医疗保障局关于做好2020年度基本医疗保障工作有关问题的通知 | 二、 完善普通门诊统筹制度 城乡居民医保参保人（含困难群体）普通门诊统筹全年支付限额调整提高至每人每年180元，年度中途参保的不享受普通门诊统筹待遇",关于调整梅州市城乡居民基本医疗保险有关政策的通知;汕头市医疗保障局关于做好2020年度基本医疗保障工作有关问题的通知,1.0,4,1.0,汕头市医疗保障局关于做好2020年度基本医疗保障工作有关问题的通知 | 关于调整梅州市城乡居民基本医疗保险有关政策的通知
R2-K7-032,complex,开展跨地区政策核验时，针对中等偏下收入住房困难家庭的“家庭人均月收入准入上限”，广东省肇庆市（2013年口径）与广东省潮州市（2022年口径）分别规定为多少元/人月？,"肇庆市人民政府关于肇庆市城区2013年公共租赁住房申请准入条件的通告（肇府〔2013〕18号） | 二、 申请条件 > （一） 中等偏下收入住房困难家庭申请条件 2、2012年度家庭人均年可支配收入14140元（即1178元/月，含）以下、家庭资产净值人均6万元（含）以下
关于2022年度人均可支配收入标准认定的公告 | 2022年度人均可支配收入标准认定 按照《广东省城镇住房保障办法》《潮州市公共租赁住房保障办法》（潮府规〔2021〕17 号）《潮州市城区低收入住房困难家庭住房租赁补贴管理办法》（潮府【2016】43号）等文件规定，我市城区中等偏下住房困难家庭年人均收入低于我市上年度城镇居民人均可支配收入的70%，即2022年住房保障申请家庭人均月收入应低于1899元",肇庆市人民政府关于肇庆市城区2013年公共租赁住房申请准入条件的通告（肇府〔2013〕18号）;关于2022年度人均可支配收入标准认定的公告,1.0,8,1.0,肇庆市人民政府关于肇庆市城区2013年公共租赁住房申请准入条件的通告（肇府〔2013〕18号） | 关于2022年度人均可支配收入标准认定的公告
