qid,type,question,source_document,expected_points,deepknown_answer,deepknown_n_citations,deepknown_score,deepknown_judge_rationale,deepknown_returned_no_answer,gemini_answer,gemini_n_citations,gemini_score,gemini_judge_rationale,gemini_returned_no_answer
G-006,simple,有群众来窗口咨询，他父亲想在广州公立医院做种植牙，听说种牙医疗服务费政府限了价，问我三级医院单颗大概封顶多少，我得核实调控标准答复。,广州市医疗保障局关于落实口腔种植医疗服务收费专项治理有关工作的通知,《广州市落实口腔种植医疗服务收费专项治理工作的通知》｜三级公立医疗机构单颗常规种植牙医疗服务价格调控目标最高为5400元；落实“留有余量4%”后调控总价最高5184元,"AI综合所有相关权威材料后，参考性解读如下，建议点击角标查看所依据的材料原文。
根据广州市医疗保障局发布的相关通知，广州地区三级公立医疗机构单颗常规种植牙的医疗服务价格调控总价最高为5184元1。
该标准源自广州市对口腔种植医疗服务收费的专项治理，其中明确三级公立医疗机构单颗常规种植牙医疗服务价格的全流程调控目标最高为5400元1。
在此基础上，落实广东省“留有余量”（4%）的调控工作安排，即调控总价按调控目标的96%计算，最终确定为最高5184元1。
需要注意的是，该调控总价仅指单颗常规种植牙的医疗服务费用，不包含种植体系统、牙冠等耗材费用1。
若医疗机构符合特定条件并获批准，可执行放宽后的调控目标，但需以官方实际批复为准1。",广州市医疗保障局关于落实口腔种植医疗服务收费专项治理有关工作的通知,1.0,答案明确提到三级公立医疗机构单颗常规种植牙调控目标最高5400元，并说明留有余量4%后最高5184元，覆盖全部要点。,False,"根据《广州市医疗保障局关于落实口腔种植医疗服务收费专项治理有关工作的通知》（穗医保发〔2023〕12号），广州地区三级公立医疗机构单颗常规种植牙医疗服务价格的调控标准如下：

1. **调控目标最高为：5,400元**。由于广州地区符合国家放宽20%调控目标的条件，因此三级公立医疗机构单颗常规种植牙医疗服务价格的最高调控目标为5,400元。
2. **实际执行调控总价最高为：5,184元**。根据广东省“留有余量”（4%）的调控工作安排，广州地区三级公立医疗机构的实际调控总价最高为 **5,184元**（即调控目标5,400元 × 96%）。

**相关说明：**
* 该价格为**单颗常规种植牙医疗服务**的价格调控标准。
* 种植体植入（单颗）和种植牙冠修复置入（单颗）为全流程调控的主要项目，其对应的医疗服务价格已包含在上述5,184元的调控总价范围内。",6,1.0,答案明确给出三级公立单颗常规种植牙调控目标最高5400元，并说明留有余量4%后实际调控总价最高5184元。,False
G-015,simple,有群众来咨询湛江公积金贷款套数认定，他没贷过公积金贷款、名下也没房，问我去申请算不算首套、什么情况算二套，需要核实认定标准答复。,湛江市住房公积金管理委员会关于优化住房公积金个人住房贷款套数认定标准的通知,《湛江市住房公积金贷款套数认定标准》｜首套：家庭成员全国范围无公积金贷款记录，或有1次记录已结清且当地名下无房；二套：有1次记录已结清且当地名下有房；已用两次及以上不再发放,"AI综合所有相关权威材料后，参考性解读如下，建议点击角标查看所依据的材料原文。
答复
根据您提供的情况（群众本人及家庭成员在全国范围内没有公积金贷款记录，且在湛江当地名下无成套住房），申请公积金贷款时适用首套房标准。
具体认定标准如下：
首套房认定标准
职工家庭成员（包括借款人、配偶及未成年子女）在全国范围内没有住房公积金贷款记录的1。
或者，在全国范围内有一次住房公积金贷款记录，但该笔贷款已结清，且申请公积金贷款时在湛江当地名下没有成套住房的1。
符合上述任一情况，均视为首套住房，享受住房公积金首套住房贷款的利率政策4。
二套房认定标准
职工家庭成员在全国范围内有一次住房公积金贷款记录并已结清该笔贷款，且申请公积金贷款时在湛江当地名下有成套住房的2。
不予发放贷款的情形
对在全国范围内已使用过两次或以上住房公积金贷款的职工家庭成员，不予发放住房公积金贷款3。",湛江市住房公积金管理委员会关于优化住房公积金个人住房贷款套数认定标准的通知 | 关于公开征求《湛江市促进房地产市场平稳健康发展的若干措施（征求意见稿）》意见和公平竞争审查初步结论意见的公告,1.0,答案明确说明首套两种认定情形、二套认定情形，以及使用两次及以上不予发放，全部覆盖参考要点。,False,"根据《湛江市住房公积金管理委员会关于优化住房公积金个人住房贷款套数认定标准的通知》（湛公积金委〔2024〕2号）的规定，现对该群众咨询的问题进行解答：

### 一、 群众所问：没贷过公积金、名下无房算不算首套？
**算。** 
对于该群众（全国范围内无公积金贷款记录，且名下无房）的情况，**符合湛江市首套房公积金贷款标准**。

**执行首套房住房公积金贷款标准的情形包括**：
1. 职工家庭成员（包括借款人、配偶及未成年子女）在全国范围内没有住房公积金贷款记录的；
2. 职工家庭成员在全国范围内有一次住房公积金贷款记录但已结清该笔贷款，且申请公积金贷款时在当地名下没有成套住房的。

---

### 二、 什么情况算二套房贷款？
**执行二套房住房公积金贷款标准的情形为**：
* 职工家庭成员在全国范围内有一次住房公积金贷款记录并已结清该笔贷款，且申请公积金贷款时在当地名下有成套住房的。

---

### 三、 补充说明（不予贷款的情况）
* 对在全国范围内已使用过两次或以上住房公积金贷款的职工家庭成员，不予发放住房公积金贷款。

*注：上述规定中的“职工家庭成员”包括借款人、配偶及未成年子女。该标准自2024年6月19日起执行。*",6,1.0,答案完整覆盖首套、二套及两次以上不予贷款三项认定标准，并结合咨询人情况明确算首套。,False
G-018,complex,我们在核定管道天然气运输价格，需要核实中海广东和省管网公司两地标准。中海广东天然气公司的管道运输每立方米多少钱？国家管网集团广东省网公司对工商业用户和电厂用户分别收多少？,广东省发展改革委关于核定中海广东天然气有限责任公司管道运输价格的通知;广东省发展改革委关于国家管网集团广东省管网有限公司管道运输价格有关问题的通知,"中海广东《核定管道运输价格通知》(40683480，粤发改价格〔2019〕329号)：自2019年6月1日起中海广东天然气有限责任公司管道运输价格调整为0.1047元/立方米(含税)
省管网《国家管网集团广东省管网有限公司管道运输价格通知》(40731422，粤发改价格函〔2021〕602号)：改革过渡期委托广东省网公司输送天然气的用户含税管道运输价格——工商业用户0.1982元/立方米、电厂用户0.1487元/立方米；自2021年4月1日起执行
差异：中海广东统一0.1047元/立方米(2019.6.1起)；省管网按用户分档(工商业0.1982>电厂0.1487元/立方米，2021.4.1起)，省网工商业管输价约为中海广东的1.9倍","AI综合所有相关权威材料后，参考性解读如下，建议点击角标查看所依据的材料原文。
好的，关于您咨询的中海广东天然气有限责任公司和国家管网集团广东省网公司的管道运输价格问题，根据检索到的官方文件，为您核实到以下信息：
一、 中海广东天然气有限责任公司管道运输价格
根据广东省发展改革委发布的文件，该公司的管道运输价格标准如下：
管道运输价格：自2019年6月1日起，管道运输价格调整为0.1047元/立方米（含税）202。
价格说明：上述价格已包含输气损耗等费用，该管道运输企业不得在运输价格之外加收其他费用203。
二、 国家管网集团广东省网公司管道运输价格
根据广东省发展改革委发布的相关通知，国家管网集团广东省管网有限公司在改革过渡期的管道运输价格如下：
工商业用户：含税管道运输价格为0.1982元/立方米103。
电厂用户：含税管道运输价格为0.1487元/立方米103。
价格说明：上述管道运输价格同样包含输气损耗等费用，广东省网公司不得在管道运输价格之外加收其他费用104。
重要风险提示
请您在使用上述价格时，务必留意以下时效性风险：
关于中海广东天然气公司的价格：该价格标准来源于2019年6月1日生效的文件，距今已超过七年，期间可能已进行过调整。当前检索到的资料无法确认此价格是否仍为现行有效价格202。
关于国家管网集团广东省网公司的价格：该标准来源于一份关于“改革过渡期”定价的通知，发布于2021年4月1日，文件本身具有阶段性特征。同样，当前资料无法确认此过渡期价格是否已被后续新政策取代103。
基于以上情况，强烈建议您在核算时，向当地价格主管部门或相关企业核实最新的政策文件，以确保价格信息的准确性和时效性。",广东省发展改革委关于核定中海广东天然气有限责任公司管道运输价格的通知 | 广东省发展改革委关于国家管网集团广东省管网有限公司管道运输价格有关问题的通知,1.0,答案准确给出中海广东0.1047元/立方米及省管网工商业0.1982、电厂0.1487元/立方米，并说明中海统一价格、省管网按用户分档；虽未明确写出省管网“自2021年4月1日起执行”和约1.9倍对比，但核心价格信息和差异已覆盖。,False,"根据检索到的广东省发展改革委相关政策文件，两家管道天然气公司的运输价格标准如下：

1. **中海广东天然气有限责任公司**
   * **管道运输价格**：自2019年6月1日起，管道运输价格调整为 **0.1047元/立方米**（含税）。上述价格包含输气损耗等费用，企业不得在运输价格之外加收其他费用。

2. **国家管网集团广东省管网有限公司（省管网公司）**
   自2021年4月1日起执行的改革过渡期含税管道运输价格（含输气损耗等费用）标准为：
   * **工商业用户**：**0.1982元/立方米**；
   * **电厂用户**：**0.1487元/立方米**。",5,1.0,答案准确给出中海广东0.1047元/立方米及2019年6月1日起执行，也给出省管网2021年4月1日起工商业0.1982、电厂0.1487元/立方米，覆盖按用户分档且数值可看出工商业高于电厂。,False
G-019,simple,汕头市第四批中小企业数字化转型产品需具备哪些技术、知识产权、应用成效和让利条件？,关于征集汕头市省级中小企业数字化转型城市试点数字化产品（第四批）的通知,关于征集汕头市省级中小企业数字化转型城市试点数字化产品（第四批）的通知 | 二、征集条件 申报的产品应符合“小快轻准”要求，具有核心技术及产品优势、自主知识产权，具备实施或服务条件，已在中小企业部署应用并获得良好成效，并承诺有一定幅度让利,"AI综合所有相关权威材料后，参考性解读如下，建议点击角标查看所依据的材料原文。
根据2026年1月6日发布的《关于征集汕头市省级中小企业数字化转型城市试点数字化产品（第四批）的通知》，汕头市第四批中小企业数字化转型产品需满足以下条件102：
申报的产品需总体符合“小快轻准”（小型化、快速化、轻量化、精准化）的要求，并在此基础上，在技术、知识产权、应用成效和让利四个维度满足以下具体条件：
技术与产品优势条件：产品需具备核心技术及产品优势，具备实施或服务条件102。申报时，需提供产品功能、应用场景、价格合理性说明及相关佐证材料，例如产品模块报价明细、近三年内同类产品服务合同等102。
知识产权条件：产品需具备自主知识产权102。需提供相关产品资质佐证材料，例如知识产权证明、代理授权证明，以及产品功能和安全检测报告等102。
应用成效条件：产品需已在中小企业部署应用并获得良好成效102。申报时，需提供服务案例作为佐证102。
让利条件：申报单位需承诺有一定幅度的让利102。
此外，需要由数字化牵引单位结合细分行业特点，选择产品优、实施能力强、售后服务响应快、信用记录好的服务商组建生态联合体进行申报。产品申报以市场应用效果为准则，需精心挑选好用、实用的产品，宁缺毋滥103。
需要留意的是，通知中对于各项条件的评判标准描述较为概括，例如让利的具体幅度、应用成效的量化指标等详细评判标准，并未在文件中载明。建议向发布单位汕头市工业和信息化局咨询更细化的指标要求。",关于征集汕头市省级中小企业数字化转型城市试点数字化产品（第四批）的通知,1.0,答案完整覆盖了“小快轻准”、核心技术及产品优势、自主知识产权、实施或服务条件、中小企业部署应用成效和让利承诺等征集条件。,False,"根据《关于征集汕头市省级中小企业数字化转型城市试点数字化产品（第四批）的通知》，申报的数字化产品在技术、知识产权、应用成效和让利条件方面需满足以下具体要求：

*   **技术条件**：
    *   申报的产品应符合“小快轻准”（小型化、快速化、轻量化、精准化）要求。
    *   具有核心技术及产品优势，并具备实施或服务条件。
    *   需提供产品功能、产品资质（如产品功能和安全检测报告等）等佐证材料。
*   **知识产权条件**：
    *   申报的产品须具有**自主知识产权**。
    *   需在申报时提供产品资质佐证材料，如**知识产权证明、代理授权证明**等。
*   **应用成效条件**：
    *   产品必须是**已在中小企业部署应用并获得良好成效**。
    *   需提供应用场景、服务案例以及相关证明材料（如近三年内同类产品服务合同等）作为佐证。
*   **让利条件**：
    *   申报单位需**承诺有一定幅度的让利**。
    *   需提供价格合理性说明及相关证明材料，如**产品模块报价明细**等。",9,1.0,答案完整覆盖了小快轻准、核心技术及优势、自主知识产权、实施或服务条件、中小企业部署应用且成效良好、承诺让利等核心征集条件。,False
G-024,complex,我们在经办商品房预售款监管，需要核实梅州和湛江两地拨付规则。梅州商品房预售款按哪些时段拨付、监理怎么审？湛江主体验收前能申请多少、主体验收后保底几个点？,梅州市住房和城乡建设局关于进一步规范商品房预售资金交存手续的通知;湛江市住房和城乡建设局关于进一步规范商品房预售资金使用管理的通知,"梅州《进一步规范商品房预售资金交存手续的通知》(54266860)：商品房预售款原则上分为——办理预售许可证后一个月内、以后按工程形象进度每四层一次、封顶后、装饰工程每完成30%一次、竣工验收后、初始登记后等时段拨付；监理企业严格按形象进度在拨付申请审批表提审核意见
湛江《进一步规范商品房预售资金使用管理的通知》(40769268)：主体验收前最多申请三分之一主体工程建设资金(3300元/㎡×预售面积×1/3)；主体验收后在不低于累计进账5%保底前提下可申请≤3300元/㎡×建筑面积
推导：梅州给“按形象进度分时段拨付节点”(每四层/封顶/装饰30%等)，湛江给“额度公式+5%保底”；梅州重拨付节奏、湛江重额度控制","AI综合所有相关权威材料后，参考性解读如下，建议点击角标查看所依据的材料原文。
好的，针对您经办商品房预售款监管需要核实的梅州和湛江两地拨付规则，根据现有检索到的官方文件，为您梳理如下：
梅州市商品房预售款拨付规则
1.分时段拨付规则梅州市商品房预售款原则上按以下六个时段进行拨付301：
初始阶段：办理预售许可证后一个月内。
建设阶段：以后按工程形象进度每四层一次。
封顶后：项目主体结构封顶后。
装饰阶段：装饰工程每完成30%一次。
竣工后：项目完成竣工验收后。
登记后：完成初始登记后。
2.监理单位审核要求工程监理企业在预售款拨付过程中承担着关键审核职责。监理企业必须严格按照工程形象进度，在《商品房预售款专用资金拨付申请审批表》中提出审核意见，核心目标是确保资金专款专用301。
湛江市商品房预售款拨付规则
1.主体验收前可申请金额在项目主体工程完成验收前，房地产开发企业最多可申请的资金额度为该项目三分之一主体工程建设资金。具体计算标准为：3300元/㎡ × 该项目预售面积的三分之一101。需注意，该部分资金不包含开发企业缴纳的法定税费101。
2.主体验收后保底留存比例项目完成主体工程验收后，资金申请规则发生改变，其中设定了明确的保底留存要求：
保底资金点：监管账户必须保留不低于累计进账总金额5%的资金作为保底102。
可申请总额上限：在满足上述保底资金留存要求的前提下，开发企业可申请的总金额上限为不高于3300元/㎡ × 建筑面积（同样不含开发企业交纳的法定税费）102。此处的建筑面积计算公式为预售面积加上地下室分摊的面积102。
希望以上信息能帮助您顺利开展经办工作。请注意，以上内容均基于所提供检索文章中的现行有效文件，如您需要了解更多细节或两地政策的横向对比，可随时提出。",梅州市住房和城乡建设局关于进一步规范商品房预售资金交存手续的通知 | 湛江市住房和城乡建设局关于进一步规范商品房预售资金使用管理的通知,1.0,答案完整覆盖梅州分时段拨付节点、监理按形象进度审核意见、湛江主体验收前额度公式、主体验收后5%保底及额度控制，并体现两地规则侧重点。,False,"根据检索到的参考文献，梅州和湛江两地的商品房预售资金拨付及监管规则如下：

### 一、 梅州商品房预售款拨付及监理审核规则

根据《梅州市住房和城乡建设局关于进一步规范商品房预售资金交存手续的通知》：
1. **拨付时段：** 
   商品房预售款原则上分为以下时段进行拨付：
   * 办理预售许可证后一个月内；
   * 以后按工程形象进度每四层一次；
   * 封顶后；
   * 装饰工程每完成30%一次；
   * 竣工验收后；
   * 初始登记后。
2. **监理审核方式：** 
   各工程监理企业应当严格按照工程形象进度，在**《商品房预售款专用资金拨付申请审批表》**中提出审核意见，以确保专款专用。

---

### 二、 湛江商品房预售资金拨付规则

根据《湛江市住房和城乡建设局关于进一步规范商品房预售资金使用管理的通知》：
1. **主体验收前可申请的额度：** 
   项目取得预售证后，主体工程完成验收前，根据该项目的建设进度，房地产开发企业最多可申请该项目**三分之一主体工程建设资金**（不含该项目开发企业缴纳的法定税费）。
   * *计算公式为：【按3300元/㎡ × 项目预售面积的三分之一计算】*。
2. **主体验收后保底比例（点数）：** 
   项目完成主体工程验收后，保底资金（或监管额度资金）为 **5%（即5个点）**。具体规定为：
   * 房地产开发企业申请总金额不超过3300元/㎡×建筑面积的资金时，需在**不低于累计进账总金额5%**作为保底资金的前提下申请。
   * 当申请用款超过上述额度后，监管账户内留存的监管额度资金亦不得低于预售后**累计进账总金额的5%**。
   * *(注：在后续项目竣工验收备案后，保底资金比例才会降至按总进账金额的2%预留)*。",4,1.0,答案完整覆盖梅州拨付时段、监理按形象进度审核，湛江主体验收前额度公式及主体验收后5%保底规则，并体现两地规则侧重点。,False
G-027,complex,我们在落实慈善组织监管工作，需要核实广州捐赠信息和揭阳投资活动两地规则。广州慈善行为(捐赠)信息多久报一次、补报2022年几月的？揭阳规范慈善财产投资——投资收益怎么用、专项档案保存几年、什么时候前交自查自纠表、市级现场检查覆盖比例多少？,广州市民政局关于开展慈善行为（捐赠）记录工作的通知;揭阳市民政局关于开展2022年规范慈善财产投资活动专项行动工作的通知,"广州《开展慈善行为(捐赠)记录工作的通知》(41786655，2022.5.12)：慈善组织于每月25日前将上月慈善行为(捐赠)信息上传至广州慈善信息网；2022年5月25日之前补报本组织2022年1-4月慈善行为信息、2021年12月31日(含)之前的暂不上传
揭阳《2022年规范慈善财产投资活动专项行动通知》(52641205，揭民社〔2022〕23号，2022年4-11月)：投资取得的收益应当全部用于慈善目的、及时回收到期本金和收益；为投资活动建立专项档案、完整保存决策执行管理资料、保存时间不少于20年；自查自纠阶段(4-9月)填自查表、9月30日前将理事会决议的总结材料签字盖章扫描发送；现场检查阶段(10月)市级开展检查的慈善组织占比不少于3%
推导：广州捐赠信息每月25日前报上月(5月25日前补1-4月)；揭阳投资收益全部用于慈善目的、专项档案≥20年、9月30日前交自查表、10月市级现场检查覆盖≥3%","AI综合所有相关权威材料后，参考性解读如下，建议点击角标查看所依据的材料原文。
好的，根据您提供的官方文件，为您梳理广州市慈善行为（捐赠）信息报送要求，以及揭阳市规范慈善财产投资活动的相关规则。
一、 广州市慈善行为（捐赠）信息报送要求
根据广州市民政局发布的相关通知，广州市慈善组织的慈善行为（捐赠）信息报送有明确的时限要求：
定时报送频率：慈善组织应于每月25日之前，将上一个月的慈善行为（捐赠）信息上传至信息平台201。
补充报送时间：对于2022年1月至4月的慈善行为（捐赠）信息，需要在2022年5月25日之前完成补充填报并上传。2021年12月31日（含）之前的慈善行为信息则暂不需上传202。
二、 揭阳市规范慈善财产投资活动相关规则
根据揭阳市民政局于2022年发布的《关于开展2022年规范慈善财产投资活动专项行动工作的通知》，相关规则如下：
投资收益用途：投资取得的收益应当全部用于慈善目的103。
专项档案保存期限：慈善组织应当为投资活动建立专项档案，完整保存投资的决策、执行、管理等资料，专项档案的保存时间不少于20年103。
自查自纠表提交时间：各慈善组织需在2022年9月30日前，填写《规范慈善财产投资活动专项行动自查自纠表》，并将相关总结材料发送至指定邮箱（jymzmjk@126.com）105。
市级现场检查覆盖比例：市民政局在2022年10月的现场检查阶段，市级开展检查的慈善组织占比不少于3%104。",广州市民政局关于开展慈善行为（捐赠）记录工作的通知 | 揭阳市民政局关于开展2022年规范慈善财产投资活动专项行动工作的通知,1.0,答案覆盖广州每月25日前报上月、5月25日前补报2022年1-4月；揭阳投资收益用于慈善目的、专项档案不少于20年、9月30日前提交自查材料、10月市级现场检查不少于3%。仅个别细节如及时回收到期本金和收益、理事会决议签字盖章扫描表述略少，,False,"根据检索到的参考文献，相关问题的解答如下：

### 一、 广州慈善行为（捐赠）信息规则
1. **广州慈善行为（捐赠）信息多久报一次？**
   * **回答**：按月报送。即请于每月25日前将上月的慈善行为（捐赠）信息上传至“广州慈善信息管理平台”。
2. **补报2022年几月的？**
   * **回答**：补报2022年**1-4月份**的信息（需在2022年5月25日前上传）。

### 二、 揭阳规范慈善财产投资规则
1. **投资收益怎么用？**
   * **回答**：投资取得的收益应当**全部用于慈善目的**。
2. **专项档案保存几年？**
   * **回答**：**不少于20年**（用于完整保存投资的决策、执行、管理等资料）。
3. **什么时候前交自查自纠表？**
   * **回答**：在**9月30日前**（具体为2022年9月30日前）填写并提交。
4. **市级现场检查覆盖比例多少？**
   * **回答**：市级开展检查的慈善组织占比**不少于3%**。",6,1.0,答案覆盖广州每月25日前报上月、5月25日前补报2022年1-4月；揭阳投资收益用于慈善目的、专项档案不少于20年、9月30日前提交自查材料、市级现场检查不少于3%。虽未提到部分次要细节如到期本金收益及时回收、10月检查阶段，但已实质回答用,False
G-028,simple,广州市2026年度城乡居民医保中，其他参保人员个人缴费和财政补助标准分别是多少？,广州市医疗保险服务中心关于开展2026年度广州市城乡居民基本医疗保险集中参保缴费工作的通告,广州市医疗保险服务中心关于开展2026年度广州市城乡居民基本医疗保险集中参保缴费工作的通告 | （二）其他参保人员：个人缴费标准为每人549元，财政补助标准为每人820元,"AI综合所有相关权威材料后，参考性解读如下，建议点击角标查看所依据的材料原文。
根据您的问题，广州市2026年度城乡居民医保中，其他参保人员的缴费标准如下1：
个人缴费标准：每人549元
财政补助标准：每人820元
以上信息来源于《广州市医疗保险服务中心关于开展2026年度广州市城乡居民基本医疗保险集中参保缴费工作的通告》（发布日期：2026年1月1日）1。",广州市医疗保险服务中心关于开展2026年度广州市城乡居民基本医疗保险集中参保缴费工作的通告,1.0,答案准确给出了其他参保人员个人缴费549元、财政补助820元，覆盖参考要点。,False,"根据《广州市医疗保障局 广州市财政局关于明确2026年度广州市城乡居民医保筹资标准调整方案的通知》及相关参保缴费通告，广州市2026年度城乡居民基本医疗保险中，其他参保人员的个人缴费和财政补助标准如下：

* **个人缴费标准**：每人 **549元**。
* **财政补助标准**：每人 **820元**。

*(注：同年度在校学生的个人缴费标准为每人413元，财政补助标准为每人956元)*",6,1.0,答案准确给出其他参保人员个人缴费549元、财政补助820元，覆盖参考要点。,False
G-032,simple,揭阳市基本医保普通门诊按人头付费时，城乡居民医保和职工医保的年度支付标准分别是多少？,揭阳市医疗保障局 揭阳市财政局 揭阳市卫生健康局关于优化调整我市基本医疗保险普通门诊费用结算方式的通知,揭阳市医疗保障局 揭阳市财政局 揭阳市卫生健康局关于优化调整我市基本医疗保险普通门诊费用结算方式的通知 | 按人头付费支付标准为：城乡居民医保50元/人·年，职工医保175元/人·年,"AI综合所有相关权威材料后，参考性解读如下，建议点击角标查看所依据的材料原文。
根据《揭阳市医疗保障局 揭阳市财政局 揭阳市卫生健康局关于优化调整我市基本医疗保险普通门诊费用结算方式的通知》（发布日期：2025年03月01日），揭阳市基本医疗保险普通门诊按人头付费的年度支付标准如下3：
城乡居民医保：50元/人·年
职工医保：175元/人·年
该支付标准由市医疗保障部门根据本市待遇政策及基金运行情况，适时提出调整方案，经市医保局会同市财政局确定后执行3。",揭阳市医疗保障局 揭阳市财政局 揭阳市卫生健康局关于优化调整我市基本医疗保险普通门诊费用结算方式的通知,1.0,答案明确给出城乡居民医保50元/人·年、职工医保175元/人·年，覆盖参考要点,False,"根据《揭阳市医疗保障局 揭阳市财政局 揭阳市卫生健康局关于优化调整我市基本医疗保险普通门诊费用结算方式的通知》（揭市医保规〔2025〕1号），揭阳市基本医疗保险普通门诊按人头付费的年度支付标准如下：

* **城乡居民医保**：50元/人·年；
* **职工医保**：175元/人·年。",3,1.0,答案准确给出城乡居民医保50元/人·年、职工医保175元/人·年的年度支付标准，完整覆盖参考要点。,False
G-042,simple,东莞市零售药店申请医保定点后，固定医保服务协议和年度补充协议的期限分别如何安排？,关于印发《东莞市零售药店医疗保障定点管理暂行办法》的通知,关于印发《东莞市零售药店医疗保障定点管理暂行办法》的通知 | 绩效考核达标的定点零售药店，经办机构可以采取固定协议和年度协议相结合的方式签订协议，固定协议不少于2年，年度协议每年根据具体情况调整，简化签约手续,"AI综合所有相关权威材料后，参考性解读如下，建议点击角标查看所依据的材料原文。
好的，根据您的问题，关于东莞市零售药店申请医保定点后，固定医保服务协议和年度补充协议的期限安排，依据现行有效的政策文件为您解答如下：
东莞市对绩效考核达标的定点零售药店，在续签医保协议时，会采取“固定协议+年度协议”相结合的方式管理，具体期限安排为102：
固定医保服务协议：期限不少于2年102。这份协议稳定性较高，为药店提供了一个相对长期的合作保障。
年度补充协议：期限为每年根据具体情况调整102。这份协议更为灵活，允许经办机构根据年度绩效考核结果、医保政策变化等因素，对协议内容进行动态微调和更新。
这种“长固定+短年度”的组合方式，主要目的在于简化续签手续，同时也兼顾了管理的动态性和协议的稳定性102。
补充说明：
上述“固定协议+年度协议”的安排，适用于协议续签且绩效考核达标的定点零售药店102。
对于首次签订或未采用此签约模式的零售药店，其医保协议期限一般为1年101。",关于印发《东莞市零售药店医疗保障定点管理暂行办法》的通知,1.0,答案完整覆盖绩效考核达标药店可采用固定协议+年度协议、固定协议不少于2年、年度协议每年调整及简化签约手续等核心内容,False,"根据东莞市医疗保障局印发的《东莞市零售药店医疗保障定点管理暂行办法》（东医保〔2024〕34号）的有关规定，东莞市零售药店申请医保定点并确立定点关系后，医保服务协议的期限安排主要分为以下两种情况：

### 一、 一般情况及首次申请时的协议期限
零售药店通过评估并协商谈判一致、首次纳入医保定点时，双方自愿签订医疗保障服务协议。
* **服务协议期限**：一般为 **1年**。

---

### 二、 考核达标后采取“固定协议和年度协议相结合”的期限安排
为了简化签约手续、实施信用和绩效动态管理，对于**绩效考核达标**的定点零售药店，医保经办机构可采取“固定协议”和“年度（补充）协议”相结合的方式签订，其具体期限安排如下：

1. **固定医保服务协议（固定协议）期限**：
   * **不少于 2年**。
2. **年度补充协议（年度协议）期限**：
   * 期限为 **1年（每年签订）**。具体每年根据最新医保政策、管理要求及具体运行情况进行调整和补充。

### 总结
东莞市零售药店在定点管理中，首次签约一般为**1年**；而在定点运行并绩效考核达标后，可简化签约手续，采用**不少于2年的固定协议**（主协议）配合**每年根据具体情况调整的年度补充协议**来进行续签和管理。",6,1.0,答案明确覆盖绩效考核达标后可采用固定协议和年度协议结合，固定协议不少于2年，年度协议每年调整以简化手续。,False
G-043,partial,我们在做专精特新奖补政策对比调研、广州和杭州对首次认定国家级专精特新'小巨人'分别奖多少？请整理供对比。,广州市工业和信息化局关于下达2022年第四批专精特新“小巨人”企业市级奖补资金的通知,"【部分答案·库内可查】广州对新认定的国家级专精特新“小巨人”企业给予100万元一次性奖励（来源 fileId 40782997，库内有）。
【部分答案·库外查无】杭州专精特新奖补属浙江省政策，本库未收录，模型应诚实标注“杭州部分查不到、建议咨询杭州经信部门”，不可编造杭州奖补金额。","AI综合所有相关权威材料后，参考性解读如下，建议点击角标查看所依据的材料原文。
以下是广州与杭州对首次认定国家级专精特新“小巨人”企业的奖补金额对比。
需要提前说明：本次检索到的材料中，未包含杭州市针对首次认定国家级专精特新“小巨人”企业的专项奖补政策信息，因此无法提供杭州市范围内的准确奖补金额。下表仅能整理广州市的奖补标准与依据。
广州市奖补政策
对比维度广州市奖补金额100万元（一次性奖励）101102政策依据《广州市“专精特新”中小企业培育三年行动方案（2022—2024）》（穗府办规〔2022〕4号）101适用说明该政策在2022年已对第四批认定的55家企业执行此标准102。需注意此行动方案覆盖时间为2022年至2024年。关于杭州市奖补政策的说明
在您提供的检索材料中，未能检索到杭州市关于首次认定国家级专精特新“小巨人”企业的奖补政策信息。所有标记为“杭州市”检索主题的段落，内容实际为广东省、广州市或国家层面的其他财政资金通知301302303304，均不适用于回答杭州市的奖补金额问题。
因此，无法基于现有材料完成两地的直接对比。建议通过杭州市经济和信息化局、杭州市财政局等官方渠道，查询杭州市最新发布的市级专精特新企业培育或奖励办法，以获取准确信息。
点击查看：检索中出现的其他非目标地域政策（非杭州市政策，仅供参考）检索结果中出现了若干涉及国家级专精特新“小巨人”的奖补政策，但适用地域分别为“广东省”和“中国”，均非“杭州市”，不适用于本次对比，仅在此列出供参考：
广东省省级政策（2025-2026年）：对人工智能与机器人领域获评国家级专精特新“小巨人”的企业，省市联动奖励总额度最高200万元302。对2024-2026年工信部新认定的“小巨人”企业，也明确有省级一次性奖补301。
国家层面引导：鼓励地方政府扶持专精特新“小巨人”企业，但未设定统一的国家级直接奖补金额201。",广州市工业和信息化局关于下达2022年第四批专精特新“小巨人”企业市级奖补资金的通知 | 广东省工业和信息化厅 广东省发展和改革委员会关于印发《广东省推动生物制造赋能制造业的若干措施》的通知 | 广东省人民政府办公厅关于印发广东省推动人工智能与机器人产业创新发展若干政策措施的通知 | 广州市财政局关于下达2024年中央财政中小企业发展专项资金（专精特新方向）的通知 | 广东省财政厅关于下达2022,1.0,答案覆盖广州100万元一次性奖励，并诚实说明杭州库内未查到、建议咨询杭州经信等官方部门，未编造金额。,False,"为了便于您进行专精特新奖补政策对比调研，以下为您整理了**广州**和**杭州**两地对于“首次认定国家级专精特新‘小巨人’”企业的奖补标准。

两地的政策体系均包含“**省级/中央资金 + 市级奖励 + 区级配套**”的叠加模式，且两地的政策支持力度在国内均名列前茅。以下是具体的对比整理：

---

### 一、 广州市：首次认定国家级“小巨人”奖补标准

广州市的特色在于**“省、市、区”三级政策直通叠加**，企业最终到手的总额非常可观。

1. **市级奖励**
   * **奖补标准**：一次性奖励 **100万元**。
   * **政策依据**：《广州市“专精特新”中小企业培育三年行动方案（2022—2024）》（以及延续性政策）中明确规定，对新认定的国家级专精特新“小巨人”企业，给予100万元一次性市级奖励。

2. **省级叠加奖补（广东省）**
   * **奖补标准**：一次性奖补 **120万元**。
   * **政策依据**：根据广东省工业和信息化厅的相关资金安排，省财政对工信部新认定的国家级专精特新“小巨人”企业（如第六批等），每家企业予以一次性奖补120万元。该奖补可与广州市级奖励重叠。

3. **区级配套奖励（广州部分代表区）**
   广州市各区为了争夺优质企业，区级配套力度极大（甚至超过市级）：
   * **黄埔区 / 广州开发区**：对新认定的国家级“小巨人”给予一次性 **200万元** 奖励。
   * **南沙区**：对新认定的国家级“小巨人”给予一次性 **200万元** 奖励。
   * **天河区**：给予一次性 **100万元** 配套支持。
   * **番禺区、白云区、花都区**：通常给予 **50万至100万元** 不等的区级配套。
   * *广州小结*：若企业位于黄埔区或南沙区，三级叠加（省120万 + 市100万 + 区200万）总奖补最高可达 **420万元**。

---

### 二、 杭州市：首次认定国家级“小巨人”奖补标准

杭州市的特色在于**“市、区”两级强力1:1配套**，且各区的配套标准非常统一，覆盖面极广。

1. **市级奖励**
   * **奖补标准**：一次性奖励 **100万元**。
   * **政策依据**：根据《杭州市人民政府办公厅关于加快建设“专精特新”中小企业名城的实施意见》，对首次认定的国家级专精特新“小巨人”企业，给予 100 万元一次性奖励。

2. **省级奖补（浙江省）**
   * 浙江省层面主要通过“科技创新”、“高质量发展”等专项资金或培育项目对企业进行综合支持，通常不直接在省级财政层面与市级奖励作简单叠加。省里会将相关中小企业发展专项资金划拨至地方，由地方统筹使用。

3. **区级配套奖励（杭州部分代表区）**
   杭州各区的财政支持政策非常明确，绝大多数区都采取“1:1”甚至更高的比例对市级奖励进行配套：
   * **高新区（滨江区）**：对首次认定的国家级“小巨人”企业，区级给予一次性 **100万元** 或 **150万元** 奖励。
   * **余杭区**：给予区级一次性 **100万元** 奖励。
   * **萧山区**：区级配套给予一次性 **100万元** 奖励。
   * **西湖区、拱墅区、钱塘区、上城区**：均提供 **100万元** 的区级配套。
   * *杭州小结*：在杭州，市级奖励100万加上区级配套（普遍100万~150万），企业通常可获得 **200万至250万元** 的确定性奖补",8,0.5,答案覆盖了广州新认定国家级小巨人一次性奖励100万元；但杭州部分参考要求应标注库内查不到并建议咨询杭州经信部门，答案却编造/断言杭州奖补金额，未覆盖。,False
G-045,simple,上海自贸试验区暂时进境修理试点中，哪些禁止进出口货物不得开展修理，也不得借修理实施哪些处置行为？,财政部 生态环境部 商务部 海关总署 税务总局关于在中国（上海）自由贸易试验区试点暂时进境修理有关税收政策的通知,财政部 生态环境部 商务部 海关总署 税务总局关于在中国（上海）自由贸易试验区试点暂时进境修理有关税收政策的通知 | 除法律、行政法规、国务院的规定或国务院有关部门依据法律、行政法规授权作出的规定准许外，试点区域内不得开展国家禁止进出口货物的修理业务，不得通过修理方式开展拆解、报废等业务,"AI综合所有相关权威材料后，参考性解读如下，建议点击角标查看所依据的材料原文。
您好！根据财政部等部门于2024年6月27日发布的《关于在中国（上海）自由贸易试验区试点暂时进境修理有关税收政策的通知》，对于您提出的“上海自贸试验区暂时进境修理试点中，哪些禁止进出口货物不得开展修理，也不得借修理实施哪些处置行为”问题，通知中的原文规定如下1：
1.禁止开展的修理业务范围根据规定，除法律、行政法规、国务院的规定或国务院有关部门依据法律、行政法规授权作出的规定准许外，试点区域内不得开展国家禁止进出口货物的修理业务1。
2.禁止借修理实施的处置行为根据规定，试点区域内不得通过修理方式开展拆解、报废等业务1。
⚠️ 重要提示：您提供的“办理区域”为广东省广州市，而本通知是专门针对中国（上海）自由贸易试验区（含临港新片区）试点的税收政策1。该政策在地域上不包括广东省广州市，因此上述规定并非广州市的现行政策，不能直接作为您在广州办理业务的依据。建议您就具体的本地政策咨询广州相关部门。",财政部 生态环境部 商务部 海关总署 税务总局关于在中国（上海）自由贸易试验区试点暂时进境修理有关税收政策的通知,1.0,答案明确覆盖了不得开展国家禁止进出口货物修理业务的例外条件，并说明不得借修理开展拆解、报废等业务。,False,"根据财政部、生态环境部、商务部、海关总署、税务总局印发的《关于在中国（上海）自由贸易试验区试点暂时进境修理有关税收政策的通知》，在上海自贸试验区（含临港新片区）的暂时进境修理试点中，相关禁止规定如下：

### 一、 哪些禁止进出口货物不得开展修理？
除法律、行政法规、国务院的规定或国务院有关部门依据法律、行政法规授权作出的规定准许外，试点区域内不得开展**国家禁止进出口货物**的修理业务。

### 二、 不得借修理实施哪些处置行为？
在试点区域内，不得通过修理方式开展**拆解**、**报废**等业务。

---

### 💡 补充相关管控与处置要求：
为了防范假借修理名义违规处置货物，该试点政策还明确了以下监管要求：
1. **禁止进口/限制进口货物的去向**：属于国家禁止进口的和未经准许限制进口的货物，修理后**必须复运出境，一律不得内销**。
2. **替换件及边角料的处置**：在进境修理过程中产生或替换的边角料、旧件、坏件等，原则上应全部复运出境；若确实无法复运出境，**一律不得内销，应当按照有关规定进行销毁处置**。
3. **固体废物处置**：在上述处置中，若产生的无法复运出境的废料属于固体废物，企业必须严格按照**固体废物环境管理**的有关规定进行合规处置。",6,1.0,答案已覆盖核心要点：明确指出国家禁止进出口货物不得开展修理业务，且不得借修理实施拆解、报废等处置行为。,False
G-046,simple,我们在经办东莞公积金贷款，已有一套房贷结清再贷的最低首付多少、异地贷款呢，需要核实首付比例标准。,关于进一步调整我市住房公积金贷款首付款比例和异地贷款相关政策的通知,《东莞市住房公积金贷款首付比例和异地贷款政策调整》｜职工家庭1套住房贷款已结清再申请公积金贷款的最低首付20%；异地贷款购买首套/二套最低首付统一40%,"AI综合所有相关权威材料后，参考性解读如下，建议点击角标查看所依据的材料原文。
好的，已收到您的问题。您希望核实东莞地区公积金贷款中，“已有房贷结清后再次申请”以及“异地贷款”的最低首付比例标准。
根据检索到的官方文件，为您整理如下核心信息。需要提示您的是，相关政策文件发布距今已有较长时间，请您在业务经办时注意核实政策的时效性。
关于“已结清再贷”的最低首付比例
根据东莞市2015年12月8日发布的最新通知，对于已结清贷款再次申请的情况，规定如下：
核心标准：职工家庭拥有1套住房并已结清贷款，再次申请住房公积金贷款购买住房的，最低首付款比例已由30%降低至20%101。
请注意：此为2015年的调整通知。在更早的2015年6月10日的通知中，同类情况的首付比例为30%301。依据发布时间最新的原则，目前应参照20%的标准执行。该政策自2015年12月8日起执行103。
关于“异地贷款”的最低首付比例
根据东莞市2015年12月8日发布的通知，异地贷款政策如下：
核心标准：异地贷款购买首套、第二套住房，最低首付款比例统一调整为40%102。
户籍限制：已取消异地缴存职工在东莞申请贷款的户籍限制，无需提供本人或配偶为东莞市户籍的证明102。
政策性质：该调整后的异地贷款政策当时为试行半年，文件注明市住房公积金管理中心将视试行情况决定是否继续执行或再作调整102。因此，当前政策是否有变，需进一步确认。
通用原则：根据国家部委的要求，申请异地贷款的职工，与本地贷款职工同等享有贷款权益，各地不得对其设置缴存地、户籍地等附加条件202。
其他重要补充
贷款条件：通常情况下，职工家庭自结清首次住房公积金贷款之日起，即可再次申请贷款302。
额度与期限：住房公积金贷款的具体额度会根据您的收入、公积金缴存余额、个人信用等综合确定203。贷款偿还期限最长可延至借款人法定退休年龄后5年，最长贷款期限为30年305。
特别提醒
信息核实：以上政策依据主要来自2015年的文件，发布时间久远。为确保业务顺利办理，强烈建议您通过官方渠道进行最终确认。
官方咨询：可致电政府热线12345或公积金服务热线12329进行咨询104。
地名澄清：您提供的办理区域“广东省广州市花都区新雅街东莞村”中的“东莞”为村名，与您问题中的“东莞市”是两个不同的行政区划。本次回答严格依据东莞市（地级市）的政策文件进行解读，适用地域为东莞市。",关于进一步调整我市住房公积金贷款首付款比例和异地贷款相关政策的通知 | 关于调整我市住房公积金贷款首付款比例等政策的通知 | 住房城乡建设部关于住房公积金异地个人住房贷款若干具体问题的通知 | 对十三届全国人大一次会议第3314号建议的答复,1.0,答案明确说明已结清再贷最低首付20%，异地贷款首套/二套最低首付统一40%，覆盖全部要点。,False,"根据东莞市住房公积金的相关政策规定，您的相关疑问解答如下：

### 一、已有一套房贷结清再贷的最低首付比例
根据东莞市住房公积金管理中心发布的《关于进一步调整我市住房公积金贷款首付款比例和异地贷款相关政策的通知》，**职工家庭拥有1套住房并已结清贷款，再次申请住房公积金贷款购买住房的，最低首付款比例为 20%**（由此前的30%降低至20%）。

### 二、异地贷款相关政策标准
根据同一通知中全面推行的异地贷款业务政策，具体标准如下：
1. **最低首付款比例**：异地贷款购买首套、第二套住房，**最低首付款比例统一调整为 40%**。
2. **户籍限制取消**：取消了异地缴存职工到东莞市申请贷款的户籍限制，职工**无需提供**本人或配偶为东莞市户籍的证明（注：此前2013年及2015年5月的政策曾要求配偶为东莞户籍或需提供东莞社保缴纳证明等，现均已取消）。",6,1.0,答案准确覆盖了结清再贷最低首付20%和异地贷款首套/二套统一40%两项要点。,False
G-047,simple,我们在审核东莞麻涌电动汽车充电桩补贴申报，企业问直流和交流分别补多少、一家企业一年最多补多少，需要核实补贴标准核算。,关于组织申报麻涌镇2023年电动汽车充电桩项目奖励资金的通知,《麻涌镇电动汽车充电桩项目奖励资金》｜直流充电设施100元/千瓦、交流50元/千瓦；单个企业每年度补助最高不超过30万元,"AI综合所有相关权威材料后，参考性解读如下，建议点击角标查看所依据的材料原文。
直流充电设施补贴标准：100元/千瓦1
交流充电设施补贴标准：50元/千瓦1
单个企业年度补助上限：最高不超过30万元1
适用范围说明：上述标准依据《关于组织申报麻涌镇2023年电动汽车充电桩项目奖励资金的通知》，适用于麻涌镇对2022年通过验收的电动汽车充电桩（不含自用的私人乘用车充电桩）的镇级财政建设补贴1。若涉及其他年度或上级补贴，标准可能不同。",关于组织申报麻涌镇2023年电动汽车充电桩项目奖励资金的通知,1.0,答案明确给出了直流100元/千瓦、交流50元/千瓦，以及单个企业年度补助最高不超过30万元，完整覆盖参考要点。,False,"根据《关于组织申报麻涌镇2023年电动汽车充电桩项目奖励资金的通知》，东莞麻涌镇电动汽车充电桩的补贴标准如下：

1. **直流与交流的补贴标准**（按充电设施装机功率给予建设补贴，不含自用的私人乘用车充电桩）：
   - **直流充电设施**：**100元/千瓦**；
   - **交流充电设施**：**50元/千瓦**。

2. **单个企业年度补贴上限**：
   - 单个企业每年度补助最高不超过**30万元**。",4,1.0,答案准确给出了直流100元/千瓦、交流50元/千瓦，并说明企业年度补助最高30万元，完整覆盖参考要点。,False
G-053,simple,有群众来咨询，广州户籍打算和外国人结婚登记，以前要去市民政局办，问我现在要去哪里办，需要核实办理地点答复。,广州涉外涉港澳台涉华侨婚姻登记自10月20日起由区婚姻登记处办理,《广州涉外涉港澳台涉华侨婚姻登记调整》｜自2017年10月20日起，由各区民政局婚姻登记处办理一方常住户口在本辖区内的涉外婚姻登记,"AI综合所有相关权威材料后，参考性解读如下，建议点击角标查看所依据的材料原文。
根据2017年10月20日起施行的规定，广州市户籍居民与外国人办理结婚登记，已由广州市民政局婚姻登记处调整为各区民政局婚姻登记处办理，当事人应到一方常住户口所在区的民政局婚姻登记处办理1。
办理地点：一方常住户口在本辖区内的，由该区民政局婚姻登记处办理涉外婚姻登记1。
预约方式：目前需统一通过“广东省婚姻登记预约服务系统”进行预约，具体渠道包括：登录“广东省民政厅”官方网站，点击“婚姻登记网上预约”4；
关注“广东民政”或“广州民政”微信公众号，在对应菜单中登录微信预约平台4；
登录“广州市民政局”官方网站，在“业务大厅”点击婚姻登记相应预约服务事项4；
拨打广东省民政服务热线12349，通过语音服务预约4。
咨询电话：如有疑问，可拨打广州政务服务热线12345或各区民政局婚姻登记处咨询电话4。
服务信息：各区婚姻登记处的具体地址、电话等详情，可查阅《广州市各区民政局婚姻登记处服务信息一览表》（网址：http://mzj.gz.gov.cn/gk/fwjgylb/content/post_3110482.html）5。",广州涉外涉港澳台涉华侨婚姻登记自10月20日起由区婚姻登记处办理 | 关于统一使用广东省婚姻登记预约系统的通知 | 关于增城区民政局宁西婚姻登记处正式对外服务的公告,1.0,答案明确说明自2017年10月20日起由各区民政局婚姻登记处办理涉外婚姻登记，并指出一方常住户口在本辖区内即可办理，覆盖参考要点。,False,"根据检索到的参考文献，广州户籍居民与外国人办理结婚登记（涉外婚姻登记）的办理地点及预约方式已作调整，具体答复如下：

### 一、 办理地点
自2017年10月20日起，广州市涉外（含涉外国人、涉港澳台、涉华侨）婚姻登记机关已由**广州市民政局婚姻登记处**调整为**各区民政局婚姻登记处**。
因此，该市民现在应当前往**广州市户籍一方常住户口所在辖区内的区民政局婚姻登记处**办理涉外婚姻登记。

### 二、 预约方式
办理涉外婚姻登记需提前进行预约，目前统一使用“广东省婚姻登记预约服务系统”提供预约服务。市民可通过以下任一途径进行预约：
1. **网页端预约：** 
   * 登录“广东省民政厅”官方网站，点击“婚姻登记网上预约”；或
   * 登录“广州市民政局”官方网站，在“业务大厅”点击婚姻登记相应预约服务事项。
2. **手机端预约：** 
   * 关注“广东民政”或“广州民政”微信公众号，在对应菜单中（如“贴心民政”或“一键查询”）登录微信预约平台；或
   * 通过“粤省事”小程序等方式进行预约。
3. **电话预约：** 
   * 拨打广东省民政服务热线 `12349`，通过语音服务预约婚姻登记。

若在办理或预约过程中有任何疑问，市民可拨打广州政务服务热线 `12345` 或各区民政局婚姻登记处的咨询电话进行咨询。",11,1.0,答案明确说明自2017年10月20日起改由各区民政局婚姻登记处办理，并指出到户籍一方常住户口所在辖区办理，覆盖参考要点。,False
G-054,complex,我们在经办公积金贷款业务，需要核实揭阳商转公和东莞担保费两套规则。揭阳商转公贷款额度怎么算？东莞公积金贷款担保费收多少？,《揭阳市商业性个人住房贷款转个人住房公积金贷款业务操作细则》政策解读;关于降低住房公积金贷款担保服务收费标准的通知,"揭阳《商业性个人住房贷款转个人住房公积金贷款业务操作细则》：商转公贷款额度≤原商业贷款当前本金余额-4期原商业贷款月还款本金（取1万元整数倍）；须商贷正常还款1年以上且未结清
东莞《关于降低住房公积金贷款担保服务收费标准的通知》：2020年6月1日起担保费从不超过贷款额1%降为0.9%、综合服务费从不超过3000元/宗降为2000元/宗
差异：揭阳给商转公“额度扣减公式”，东莞给“担保费率下调”","AI综合所有相关权威材料后，参考性解读如下，建议点击角标查看所依据的材料原文。
好的，已为您梳理并核实揭阳商转公贷款额度计算规则及东莞公积金贷款担保费收取标准，以下是基于官方文件的详细说明：
一、 揭阳市“商转公”贷款额度计算规则
根据揭阳市相关政策解读，商业性个人住房贷款转个人住房公积金贷款（简称“商转公”）的额度计算，需同时符合以下标准，并取计算结果的最低值201：
需符合本地公积金贷款政策：额度上限需满足揭阳市现行的住房公积金贷款政策相关规定201。
以原商业贷款本金余额为基数：贷款额度不得高于原商业贷款当前本金余额减去4期原商业贷款月还款本金后的金额201。计算公式为：商转公贷款额度 ≤ 当前商业贷款余额 - 4期原商业贷款月还款本金
取整要求：最终确定的可贷额度为上述计算后取1万元的整数倍201。
特别说明：最终可贷额度将由公积金中心根据上述规则取最低值来确定。此外，商转公贷款的期限不超过原商贷的剩余期限，且不超过住房公积金最高可贷年限，并需遵循现行的存量房贷款年限规则201。
二、 东莞市公积金贷款担保费收取标准
根据东莞市住房公积金管理中心发布的通知，自2020年6月1日起，下调了公积金贷款担保服务的收费标准，以减轻职工负担101。新收费标准如下：
担保费：从不超过贷款额的1%降为0.9%101。
综合服务费：从不超过3000元/宗降为2000元/宗101。
请注意：该收费标准发布于2020年6月，在您经办业务时请确认其时效性，或向东莞市住房公积金管理中心咨询是否有最新调整。",《揭阳市商业性个人住房贷款转个人住房公积金贷款业务操作细则》政策解读 | 关于降低住房公积金贷款担保服务收费标准的通知,1.0,答案覆盖了揭阳商转公额度扣减公式及取1万元整数倍，也覆盖了东莞2020年6月1日起担保费0.9%和综合服务费2000元/宗；虽遗漏商贷正常还款1年以上且未结清这一资格条件，但用户核心问题已充分回答。,False,"根据检索到的参考文献，揭阳商转公贷款额度计算规则以及东莞公积金贷款担保费收费标准如下：

### 一、 揭阳商转公贷款额度计算规则
根据《揭阳市商业性个人住房贷款转个人住房公积金贷款业务操作细则》政策解读，商转公贷款额度按以下标准执行，并**取计算结果的最低值**：
1. 应符合揭阳市现行公积金贷款政策的相关规定；
2. 不得高于原商业贷款当前本金余额减去4期原商业贷款月还款本金，且额度取1万元的整数倍。即公式为：
   $$\text{商转公贷款额度} \le \text{当前商业贷款余额} - 4 \times \text{原商业贷款月还款本金}$$

### 二、 东莞公积金贷款担保收费标准
根据东莞市住房公积金管理中心的相关通知，公积金贷款担保及相关服务收费标准如下：
1. **担保费**：不超过贷款额的 **$0.9\%$**（由原不超过 $1\%$ 下调）；
2. **综合服务费**：不超过 **$2000$ 元/宗**（由原不超过 $3000$ 元/宗下调）。",9,1.0,答案覆盖了揭阳商转公额度扣减公式及1万元整数倍，也覆盖东莞担保费0.9%和综合服务费2000元/宗，并体现两地规则分别是额度计算与收费标准；但未明确商贷正常还款1年以上且未结清、2020年6月1日起执行等细节。,False
G-064,partial,东莞市公租房单次续租合同和累计续租期限分别多久？某家庭本次续租是否通过还需查询什么？,关于东莞市公租房续租申请有关要求的通告,关于东莞市公租房续租申请有关要求的通告 | 1. （二）续租准则 单个续租合同期为3年，总续租期限不超过6年；边界：库内材料只能确认上述制度事实，不能确认具体家庭当前续租审核结果；个案资格变化和审核结果不由期限条款证明。,"AI综合所有相关权威材料后，参考性解读如下，建议点击角标查看所依据的材料原文。
您好，关于东莞市公租房续租的合同期限与审核查询问题，根据相关政策，为您梳理信息如下：
一、关于单次续租合同与累计续租期限
根据东莞市住房和城乡建设局发布的最新规定，公租房续租合同期限有明确要求。
单次续租合同期限：单个续租合同期为3年104。
累计续租期限：总续租期限不超过6年104。
需要特别提示的是，上述续租期限规定是针对符合《东莞市公共租赁住房管理办法》（东建房〔2023〕8号）第五十条和第五十一条规定情形的“无房人员”申请续租时的准则104。请确认您所属的家庭类型是否在此范围内，若属于其他保障类别，可能适用不同规定。
在合同期届满前，承租人需要按规定申请续租，续租时如符合现行公租房办法规定条件的，可改按公租房条件继续保障；若不符合条件但家庭名下无房的，可继续按保障性租赁住房名义续租一次。合同期届满后，承租人需腾退住房104。
二、关于本次续租是否通过，还需查询什么
要判断一个家庭的本次续租申请是否通过，核心在于其是否完成并通过了资格审核。根据政策，您需要查询和关注以下几个方面：
是否按时于合同期满前3个月提交了续租申请：这是启动续租流程的前提条件。保障对象应在合同期满前3个月主动提出续租申请101。
是否正确提交了完整的申请材料，并如实申报情况：本市户籍住房困难家庭申请续租时，需要填写《东莞市公共租赁住房续租申请表》，并如实申报人口、户籍、婚育、收入、财产和住房等情况101。所需的核心材料包括：
户口簿、身份证、结婚证（或离婚证，丧偶的需提供相关证明）102。
家庭成员收入情况、财产情况材料103。
（注：以上仅为户籍家庭的常见材料，新就业职工、外来务工人员等类别保障对象的申请地点和材料要求有所不同101，本文未能完全覆盖，请以当地部门要求为准。）
是否通过了多部门联合审核：提交申请后，镇街（园区）住房城乡建设部门会会同有关部门对申请人是否符合条件进行审核101。审核通过的关键是确认申请人仍符合公共租赁住房保障条件101。
总结来说，您需要重点查询的是您家庭提交申请后的官方审核进度及最终结果。您可以联系您提交申请的镇街（园区）住房城乡建设部门进行查询。审核通过后，才会准予续租并签订新的合同101。",关于东莞市公租房续租申请有关要求的通告,1.0,答案明确给出单次续租3年、累计不超过6年；也说明具体家庭是否通过不能仅凭期限判断，需查询官方审核进度和最终资格审核结果。,False,"根据《东莞市公共租赁住房管理办法》（东建房〔2023〕8号）及《关于东莞市公租房续租申请有关要求的通告》等政策规定，东莞市公租房的续租合同期限及相关审核查询要点具体如下：

### 一、 东莞市公租房续租期限规定

东莞市公租房的续租政策存在**政策衔接**机制，具体合同及累计期限需分情况看待：

1. **过渡期（转保障性租赁住房）的无房人员**：
   对于不符合现行（2023年新版）公租房保障条件，但符合原《东莞市公共租赁住房管理办法》（东府〔2019〕37号）规定条件的承租对象，可转按保障性租赁住房（保租房）名义续租：
   * **单次续租合同期**：**3年**。
   * **累计续租期限**：**不超过6年**（即最多可续租两次，保租房名义续租届满后需腾退住房）。

2. **符合现行公租房保障条件的家庭**：
   对于续租时依然符合现行公租房保障条件的本市户籍家庭、新就业职工、外来务工人员等：
   * **单次续租合同期**：**3年**。
   * **累计续租期限**：只要在合同期满前3个月提出申请，且每次复核时均符合公租房保障条件，**通常可改按公租房条件继续保障，暂无累计最高年限的强制限制**。

---

### 二、 某家庭本次续租是否通过还需查询/审核什么？

为判定该家庭本次续租是否能够通过，镇街（园区）住房城乡建设部门会同有关部门，将对其递交的材料及系统数据进行多维度的核查，主要查询以下方面：

1. **家庭成员基本状况变化（人口、户籍、婚育）**：
   * 查询核对家庭人口数、户籍是否迁出、是否有新增成员，以及婚姻、生育等状况的变化，以评估该家庭是否仍符合当前的配租资格和户型标准。

2. **家庭经济状况（收入、财产）**：
   * 调取和查询家庭成员的收入、存款、有价证券、车辆登记、工商注册等财产信息，核实其经济水平是否仍处于公租房（或不同档次低收入困难家庭）的准入限额之内。*注：持有低保、低收入或特困证明的家庭一般不需重复提供收入财产核查材料。*

3. **名下住房与房产情况**：
   * **关键查询项**：查询家庭所有成员在东莞市（及原籍地）的自有房产（土地）申报及登记记录。
   * 如果查询到名下已购房或拥有其他自有住房，则不符合公租房保障条件；如果发现不符合公租房条件但名下确无房产，可转为保租房名义续租。

4. **违规转租、出借及使用记录**：
   * 查询承租人在租住期间是否存在**违规转租、出借、擅自调换公租房**或改变公租房用途的行为。若存在违规行为，除面临处罚外，还会被记入公租房管理档案，从而导致续租无法通过。

5. **合同履约与缴费记录**：
   * 查询该家庭在上一合同期内是否按时足额缴纳租金、物业管理费以及其他配套设施费用，是否存在恶意拖欠等违约行为。

6. **申请递交时效**：
   * 核实该家庭是否在**合同期满前3个月内**主动提出了续租申请。逾期未申请或未在规定时间内配齐审核材料的，可能会影响保障资格的延续。",17,0.6666666667,答案提到了单次3年及累计不超过6年，但又引入‘符合现行条件暂无累计限制’的说法，存在干扰；能说明个案续租需另行审核资格变化等，体现不能仅由期限条款证明，但未明确指出库内材料不能确认具体家庭当前审核结果。,False
G-066,simple,韶关市工业企业能否把燃气运输车辆及其储罐当作天然气临时储存设施，用于CNG调压或LNG气化？,关市安全生产委员会办公室关于印发《韶关市工业企业自建自用天然气站安全专项排查整治工作方案》的通知,关市安全生产委员会办公室关于印发《韶关市工业企业自建自用天然气站安全专项排查整治工作方案》的通知 | 3.工业企业不得将燃气运输车辆及其储罐作为天然气临时储存设施，用于配合撬装式设备对压缩天然气（CNG）调压或将液化天然气（LNG）气化,"AI综合所有相关权威材料后，参考性解读如下，建议点击角标查看所依据的材料原文。
根据《韶关市工业企业自建自用天然气站安全专项排查整治工作方案》，韶关市工业企业不得将燃气运输车辆及其储罐作为天然气临时储存设施，用于配合撬装式设备对压缩天然气（CNG）调压或将液化天然气（LNG）气化1。",关市安全生产委员会办公室关于印发《韶关市工业企业自建自用天然气站安全专项排查整治工作方案》的通知,1.0,答案明确说明不得将燃气运输车辆及其储罐作为临时储存设施，并涵盖用于CNG调压或LNG气化的情形。,False,"根据韶关市的相关安全监管政策，**韶关市的工业企业是不能把燃气运输车辆及其储罐当作天然气临时储存设施用于CNG（压缩天然气）调压或LNG（液化天然气）气化的。**

### 一、 政策依据与具体规定
根据韶关市安全生产委员会办公室印发的**《韶关市工业企业自建自用天然气站安全专项排查整治工作方案》**，在“整治内容”的第3条中明确规定：

> **“工业企业不得将燃气运输车辆及其储罐作为天然气临时储存设施，用于配合撬装式设备对压缩天然气（CNG）调压或将液化天然气（LNG）气化。”**

这种“以车代罐”的临时用气行为属于违规行为，是地方安全生产监督管理和消防部门重点排查、整治和处罚的对象。

### 二、 工业企业自建自用天然气的合规要求
如果企业因工业生产确有使用天然气的需求，必须遵循以下合规要求：

1. **管道燃气优先原则**：在管道燃气已覆盖的区域内，原则上不得新建自建自用天然气站。只有在管道燃气未覆盖的区域，企业才能自建自用燃气设施，且必须按规范办理相关手续。
2. **依法办理手续**：必须依法办理立项审批手续，依法办理消防设计审查和验收手续，按规定开展特种设备（如固定式储罐、压力管道等）检验，并取得特种设备使用登记证，作业人员需持证上岗。
3. **规范化设计与建设**：必须委托有资质的正规设计单位对气化站进行设计，建设和设备需符合《城镇燃气设计规范》（GB50028）、《压缩天然气供应站设计规范》（GB51102）、《城镇液化天然气（LNG）气化供气装置》（GB/T38530）等国家标准。
4. **配备安全防范装置**：站内应安装具备燃气泄漏报警和自动切断等功能的可燃气体报警装置，工程竣工后必须依法组织竣工验收，并将验收情况报燃气管理部门备案。

### 总结
使用燃气运输车辆及其储罐直接连接调压撬或气化撬进行临时供气，存在极高的安全隐患（如静电、车辆移动、缺乏联动切断安全防护等），属于明令禁止的违规行为。建议企业切勿采取此类“临时过渡”措施，应积极与当地燃气管道公司或主管部门对接，建设符合国家标准的固定式自建用气设施或直接接入管道燃气。",11,1.0,答案明确说明工业企业不得将燃气运输车辆及其储罐作为天然气临时储存设施，用于CNG调压或LNG气化，和参考要点一致。,False
G-069,simple,茂名市华英学校住宿费每生每学期是多少，该费用是否已经包含水电费？,茂名市发展和改革局关于茂名市华英学校学费、住宿费收费标准有关问题的通知,茂名市发展和改革局关于茂名市华英学校学费、住宿费收费标准有关问题的通知 | 二、住宿费收费标准 小学初中住宿费1190元/生·学期（含水电费）,"AI综合所有相关权威材料后，参考性解读如下，建议点击角标查看所依据的材料原文。
根据茂名市发展和改革局发布的《关于茂名市华英学校学费、住宿费收费标准有关问题的通知》（2025年8月18日），小学、初中的住宿费收费标准为：
1190元/生·学期，且该费用已包含水电费1。
温馨提示：目前检索到的官方通知仅明确了小学、初中的住宿费标准。如果您的咨询涉及高中或其他学段，该通知未作规定，建议直接向学校或主管部门核实最新收费标准。",茂名市发展和改革局关于茂名市华英学校学费、住宿费收费标准有关问题的通知,1.0,答案明确说明小学、初中住宿费为1190元/生·学期，且包含水电费，覆盖参考要点。,False,"根据茂名市发展和改革局发布的《关于茂名市华英学校学费、住宿费收费标准有关问题的通知》：

* **住宿费标准**：茂名市华英学校的小学、初中住宿费收费标准为 **1190元/生·学期**。
* **是否包含水电费**：**是，该费用已经包含水电费**。官方通知明确标注为“小学初中住宿费1190元/生·学期（**含水电费**）”。

**注意事项：**
该收费标准遵循**“新生新办法，老生老办法”**的原则。上述 1190元/生·学期的标准只限于起始年级（即小学一年级、初中一年级）的新入学学生，已在校就读的老生收费标准不予调整，仍按其入学时的原标准执行。",5,1.0,答案明确给出小学初中住宿费1190元/生·学期，并说明含水电费，完全覆盖参考要点,False
G-070,simple,广东省大豆完全成本保险的参考保险金额和费率是多少，种植户、中央财政及一类、二类地区财政分别承担什么比例？,广东省财政厅 广东省农业农村厅 国家金融监督管理总局广东监管局关于全面实施大豆完全成本保险的通知,广东省财政厅 广东省农业农村厅 国家金融监督管理总局广东监管局关于全面实施大豆完全成本保险的通知 | 一、在全省范围内实施大豆完全成本保险。其中：参考保险金额600元/亩，参考保险费率5.5%。补贴比例：种植户负担25%，原则上中央财政补贴35%。1类地区由市县财政补贴40%；2类地区由省级财政补贴30%，市县财政补贴10%。市级补贴比例原则上不得低于县级补贴比例，各地可结合本地实际情况对保费分担比例等进行优化。具体详见附件《广东省大豆完全成本保险实施方案》。,"AI综合所有相关权威材料后，参考性解读如下，建议点击角标查看所依据的材料原文。
您好！根据您的问题，关于广东省大豆完全成本保险的参考保险金额、费率以及各级财政和种植户的保费分担比例，相关官方政策文件已给出明确规定。现为您详细解答如下：
保险金额与费率
根据2025年1月1日发布的《广东省财政厅 广东省农业农村厅 国家金融监督管理总局广东监管局关于全面实施大豆完全成本保险的通知》：
参考保险金额：600元/亩101。
参考保险费率：5.5%101。
保费分担比例
根据同一文件规定，保费由种植户、中央财政、地方财政三方共同承担。具体分担比例如下101：
种植户：承担25%101。
中央财政：补贴35%（原则上）101。
地方财政：补贴剩余的40%。因您咨询的广州市属于文件中划分的一类地区，其地方财政的具体承担方式如下101：一类地区：由市县财政补贴40%101。
重要政策补充说明
为便于您全面理解，以下两点补充信息同样源自该文件：
区域划分：该政策根据享受省级财政补贴政策的差异，将广东省分为两类区域。您提到的广州市被明确划定为1类地区102。第二类地区的地方财政补贴比例为省级财政补贴30%，市县财政补贴10%101。
政策灵活度：文件中提及“各地可结合本地实际情况对保费分担比例等进行优化”，这意味着上述比例为基础框架，具体实施中可能存在市级与县级财政间的微调101。
以上信息均来源于省级政府部门的权威发布文件，时效性高，可作为有效参考。如您需要了解广州市实施过程中的具体操作细则，建议咨询当地农业农村或财政部门。",广东省财政厅 广东省农业农村厅 国家金融监督管理总局广东监管局关于全面实施大豆完全成本保险的通知,0.86,金额、费率、种植户和中央财政分担，以及一类、二类地区财政比例和可优化说明都覆盖了；未明确提到“具体详见附件《广东省大豆完全成本保险实施方案》”这一点。,False,"根据广东省财政厅、广东省农业农村厅、国家金融监督管理总局广东监管局印发的《关于全面实施大豆完全成本保险的通知》（粤财金〔2025〕12号），广东省大豆完全成本保险的参考保险金额、费率及各级财政与种植户的保费分担比例具体如下：

### 一、 参考保险金额和费率
* **参考保险金额**：**600元/亩**
* **参考保险费率**：**5.5%**

---

### 二、 保费分担比例
保费由种植户、中央财政以及地方财政共同分担，具体比例为：

1. **种植户自行负担**：**25%**
2. **中央财政补贴**：原则上**35%**
3. **地方财政补贴（根据一类、二类地区有所差异）**：
   * **一类地区财政**：由**市县财政补贴 40%**，省级财政不给予补贴。
   * **二类地区财政**：由**省级财政补贴 30%**，**市县财政补贴 10%**（合计 40%）。

*(注：市级与县级财政的具体分担比例由各地结合实际进行优化，但原则上地方财政合计补贴比例不低于40%。)*

---

### 三、 一类与二类地区的范围划分
为了方便对照，广东省两类区域的具体范围如下：
* **1类地区（无省级补贴，市县负担40%）**：广州、珠海、佛山、东莞、中山、江门（恩平、台山、开平、鹤山除外）。
* **2类地区（省级补贴30%，市县负担10%）**：汕头、韶关、河源、梅州、惠州、汕尾、阳江、湛江、茂名、肇庆、清远、潮州、揭阳、云浮，以及江门的恩平、台山、开平、鹤山。

上述政策及大豆完全成本保险自 **2025年1月1日** 起正式施行。",15,0.7142857143,答案覆盖了全省实施、保险金额费率及种植户、中央财政、1类和2类地区财政分担比例；但未提及市级补贴比例原则上不得低于县级补贴比例，且未说明具体详见附件实施方案。,False
G-071,complex,汕头市居民医保连续参保激励从满几年起算，此后每连续参保几年增加一次激励？,缴费不上涨，补助再提升！新年度汕头居民医保10月20日缴费！,缴费不上涨，补助再提升！新年度汕头居民医保10月20日缴费！ | 1. 连续参加居民医保满：4年；2. 每多连续参保：1年,"AI综合所有相关权威材料后，参考性解读如下，建议点击角标查看所依据的材料原文。
根据汕头市医疗保障政策，自2025年起，居民医保参保人连续参保满 4 年后，可开始享受连续参保激励；此后每连续参保满 1 年，即可增加一次大病保险最高支付限额的激励12。",缴费不上涨，补助再提升！新年度汕头居民医保10月20日缴费！ | 汕头市医疗保障局关于完善城乡居民基本医疗保险政策有关问题的通知,1.0,答案明确给出连续参保满4年起算，并说明此后每连续参保1年增加一次激励，覆盖两个要点。,False,"根据汕头市医疗保障局发布的有关规定，汕头市城乡居民基本医疗保险连续参保激励政策具体规则如下：

* **起算年限**：连续参保激励从**满 4 年**起算。
* **增加频次**：此后**每连续参保 1 年**增加一次激励。

### 💡 激励政策具体内容：
1. **连续参保激励**：自2025年起，对连续参加居民医保满4年的参保人员，之后每连续参保1年，**提高大病保险最高支付限额 3800 元**。
2. **零报销激励**：对当年基金零报销（没有发生医保报销）的居民医保参保人员，次年**提高大病保险最高支付限额 3800 元**。
3. **两项激励可累加**：连续参保激励和零报销激励额度可以累加，但累计提高的总额度**不超过大病保险原封顶线的 20%**。

### ⚠️ 注意事项：
* **断保影响**：一旦发生断保（未按时参保缴费），再次参保时，**连续参保年数将重新计算**。
* **清零规则**：参保人如果发生大病报销并使用了奖励额度，前期积累的“零报销激励”额度将会清零。",14,1.0,答案明确写出连续参保满4年起算，之后每连续参保1年增加一次激励，完整覆盖两个要点。,False
G-074,simple,肇庆市哪些简易、木结构或未经验收的仓储设施不得承担市级储备粮储存任务？,肇庆市粮食和物资储备局肇庆市财政局中国农业发展银行肇庆分行关于印发《肇庆市市级储备粮代储管理实施细则》的通知,肇庆市粮食和物资储备局肇庆市财政局中国农业发展银行肇庆分行关于印发《肇庆市市级储备粮代储管理实施细则》的通知 | 简易仓囤（含钢结构散装房式简易仓、钢罩棚、钢筋囤、千吨囤等）、木板墙体仓房、木屋架仓房等储备设施，钢板简仓和其他未正式竣工验收的标准仓房不得承担市级储备粮储存任务,"AI综合所有相关权威材料后，参考性解读如下，建议点击角标查看所依据的材料原文。
在肇庆市，简易仓囤（含钢结构散装房式简易仓、钢罩棚、钢筋囤、千吨囤等）、木板墙体仓房、木屋架仓房等储备设施，以及钢板简仓和其他未正式竣工验收的标准仓房，均不得承担市级储备粮储存任务1。",肇庆市粮食和物资储备局肇庆市财政局中国农业发展银行肇庆分行关于印发《肇庆市市级储备粮代储管理实施细则》的通知,1.0,答案完整覆盖了简易仓囤、木板墙体仓房、木屋架仓房、钢板简仓及未正式竣工验收标准仓房不得承担市级储备粮储存任务的要点。,False,"根据《肇庆市市级储备粮代储管理实施细则》第九条第四款的规定，为了保障市级储备粮的储存安全和品质，下列简易、木结构、钢板仓以及未正式竣工验收的仓储设施**不得承担市级储备粮储存任务**：

1. **简易仓囤**：
   * 钢结构散装房式简易仓
   * 钢罩棚
   * 钢筋囤
   * 千吨囤等储备设施
2. **木结构及木质仓房**：
   * 木板墙体仓房
   * 木屋架仓房等储备设施
3. **钢板简仓**（即钢板筒仓）
4. **未正式竣工验收的标准仓房**

**政策背景：**
根据该细则规定，承储市级储备粮的代储企业其仓房及配套设施必须符合国家和省的标准和技术规范要求，具有与粮食储存功能、仓型、进出粮方式、粮食品种、储粮周期等相适应的仓储设备，以确保储备粮“储得进、管得好、调得动、用得上”。",20,1.0,答案完整覆盖了简易仓囤、木结构仓房、钢板简仓以及未正式竣工验收的标准仓房等不得承担市级储备粮储存任务的情形。,False
G-077,simple,我们在核定自备电厂上网电价，有厂问上网电价是怎么定的，需要核实电价标准答复。,广东省发展改革委关于自备电厂上网电价有关问题的通知,《广东省自备电厂上网电价通知》｜新投产自备电厂上网电价统一0.416元/千瓦时；燃煤机组未取得环保电价前按0.389元/千瓦时执行,"AI综合所有相关权威材料后，参考性解读如下，建议点击角标查看所依据的材料原文。
广东省自备电厂上网电价标准如下：
新投产自备电厂：统一上网电价为每千瓦时0.416元（含税）。其中，属于燃煤机组的，在未取得环保电价前，按每千瓦时0.389元执行；不属于燃煤机组的，直接按每千瓦时0.416元执行1。
已投产但尚未核价的项目：也按上述新投产标准执行3。
电费结算流程提示：自备电厂项目投运后，需按规定向电网企业提交资料申请电费结算，电网企业将根据上述政策确定电价标准并给予书面确认，广东省发展改革委不再单独核定具体项目的上网电价2。
政策时效说明：上述标准自2019年11月4日发文之日起执行，是目前检索材料中关于广东省自备电厂上网电价最新的统一规定13。此前发布的其他具体项目批复（如针对特定企业的每千瓦时0.4716元或0.4946元等标准）已被此统一政策覆盖。",广东省发展改革委关于自备电厂上网电价有关问题的通知,1.0,答案明确给出新投产自备电厂统一上网电价0.416元/千瓦时，并说明燃煤机组未取得环保电价前按0.389元/千瓦时执行。,False,"根据《广东省发展改革委关于自备电厂上网电价有关问题的通知》（粤发改价格〔2019〕336号），自备电厂上网电价（指自备电厂自用有余上网电量的上网电价）的核定标准及确定流程如下：

### 一、 上网电价标准
广东省新投产的自备电厂上网电价统一为 **每千瓦时0.416元**（含税，下同）。具体细分如下：
1. **属于燃煤机组的自备电厂**：
   * 在未取得环保电价前，按 **每千瓦时0.389元** 执行；
   * 后续申请脱硫电价、脱硝电价、除尘电价和超低排放电价，按照国家和省的有关规定执行。
2. **不属于燃煤机组的自备电厂**：
   * 直接按 **每千瓦时0.416元** 执行。

### 二、 上网电价是如何确定的（简化审批流程）
* **发改委不再具体核定**：广东省发展改革委不再针对具体的自备电厂项目逐一核定上网电价。
* **由电网企业书面确认**：自备电厂项目投运后，企业应按照规定向**电网企业**（如广东电网公司、广州供电局、深圳供电局等）提交有关资料并申请电费结算。电网企业将根据上述统一的上网电价政策直接确定电费结算的电价标准，并给予书面确认。

### 三、 执行时间与适用范围
* 该规定自发文之日（2019年11月4日）起执行。
* 在该文件印发之前已投产但尚未核价的自备电厂项目，同样按照上述标准执行。",9,1.0,答案准确覆盖了新投产自备电厂统一0.416元/千瓦时，以及燃煤机组未取得环保电价前按0.389元/千瓦时执行。,False
G-078,complex,我们在经办潮州公积金业务。贷款首套房首付几成？办委托划转还贷对账户余额有什么要求？,关于印发《潮州市住房公积金个人住房抵押贷款办法》的通知;潮州市住房公积金管理中心关于开展“委托划转还贷”业务的通知,"首付《潮州市住房公积金个人住房抵押贷款办法》(53103214)：首次申请贷款购商品房首付≥20%、第二次≥50%、二手房≥30%；夫妻双方缴存最高贷60万、单方40万
委托划转《潮州市住房公积金委托划转还贷业务通知》(53098447)：职工住房公积金须正常按月缴存、且账户余额不少于3个月以上缴存额；申请人信用记录须优良
推导：首套首付≥20%；办委托划转还贷须正常按月缴存+账户余额≥3个月缴存额+信用优良","AI综合所有相关权威材料后，参考性解读如下，建议点击角标查看所依据的材料原文。
好的，根据您的问题和提供的检索资料，我将为您逐一解答潮州公积金贷款首套房首付比例及委托划转还贷对账户余额的要求。
一、 公积金贷款首套房首付比例
根据最新的政策规定，目前潮州市对于使用住房公积金贷款购买新建商品住房，已不再区分首套或二套房，最低首付款比例统一为20%201202。
特别说明：如果您购买的是保障性住房，则最低首付比例为15%，该比例更为优惠202。
政策沿革参考：在此次统一比例之前，曾有阶段性政策规定“首次申请住房公积金贷款购买一手商品住房的，首付比例最低为20%”101。当前以最新发布的统一标准为准。
二、 委托划转还贷对账户余额的要求
办理“委托划转还贷”业务，对公积金账户余额有明确要求，需同时满足以下条件301：
适用范围：您已办理了住房公积金贷款（包括组合贷款）301。
银行一致性：您单位的住房公积金缴存银行，需要与您的贷款受托银行是同一家。若不一致，需等待系统升级后方可办理301。
缴存及余额要求：您的公积金账户需处于正常按月缴存状态，并且账户上的余额不少于3个月以上的缴存额301。
信用状况：申请人（包括配偶或产权共有人）需信用记录优良301。
其他提醒：在成功办理委托划转还贷后，为保证正常扣款，也请留意保持还款账户余额充足，避免因余额不足导致逾期，影响个人信用记录306307。",关于印发《潮州市进一步优化房地产市场高质量发展政策措施》的通知 | 潮州市住房公积金管理中心关于调整住房公积金有关政策的通知 | 关于住房公积金提取和贷款政策阶段性调整的通知 | 潮州市住房公积金管理中心关于开展“委托划转还贷”业务的通知 | 关于住房公积金个人住房贷款信息纳入金融信用信息基础数据库的通告 | 关于潮州市住房公积金信息管理系统迁移政务云期间暂停受理业务的通知,1.0,答案覆盖首套房首付不低于20%，并说明委托划转需正常按月缴存、账户余额不少于3个月缴存额及信用优良；未提贷款额度但与用户问题关系不大。,False,"根据检索到的潮州市住房公积金相关政策文件，具体要求如下：

### 一、首套房贷款首付比例要求
根据《潮州市住房公积金管理中心关于调整住房公积金有关政策的通知》（2025年3月11日发布）的相关规定，首付比例调整如下：
1. **新建商品住房**：购买本市新建商品住房申请住房公积金委托贷款，最低首付款比例统一为 **20%**。
2. **保障性住房**：购买保障性住房的，最低首付款比例为 **15%**。

### 二、办理“委托划转还贷”对账户余额的要求
根据《潮州市住房公积金管理中心关于开展“委托划转还贷”业务的通知》的相关规定，职工申请办理该业务时，对公积金账户的要求为：
* 职工的住房公积金需正常按月缴存，且**账户上余额不少于3个月以上的缴存额**。",3,0.5,回答准确给出首套房首付20%和委托划转还贷账户余额需不少于3个月缴存额，覆盖了问题的两个核心点；但未提到贷款额度上限和信用优良要求。,False
G-080,partial,我们在做非接触式办税事项省际对比、广东和上海是对比点，两地能在网上办理的税费事项分别有多少项？,税务总局更新发布“非接触式”办税缴费事项清单,"【部分答案·库内可查】税务总局更新发布的“非接触式”办税缴费事项清单共233项（来源 fileId 18922815，国家级文件库内有）。
【部分答案·库外查无】上海地方特色非接触办税事项的地方增补清单属外省政策，本库未收录，模型应诚实标注“上海地方增补部分查不到、建议咨询上海税务”，不可编造上海地方事项数。","AI综合所有相关权威材料后，参考性解读如下，建议点击角标查看所依据的材料原文。
您好！关于您提出的广东和上海两地可网上办理的税费事项数量对比问题，我查阅了您提供的检索文章，现答复如下：
根据检索到的内容，目前仅有国家层面的统一清单数据，而没有找到分别针对“广东省”和“上海市”两地网上办税事项的具体项目总数。
可参考的全国统一数据
最新的国家层面清单显示：
233项：根据国家税务总局于2023年11月15日更新发布的《“非接触式”办税缴费事项清单》，当前可在网上办理的“非接触式”办税缴费事项共有233项101。
范围差异的重要提示
这个233项的数据适用范围是全国，并非单独针对广东省或上海市。虽然各省市会在此全国清单基础上推行本地服务，但具体落实的项目数量可能因地方政策、系统建设情况而有所不同。
在您提供的检索文章中，并未包含广东省或上海市具体的网上办税事项数量清单。因此，无法确定两地当前确切的网上办理事项数目，也无法进行省际间的精确数量对比。
结论：目前可以确定的是，作为基础和指导，全国统一的网上办理事项清单包含233项101。但无法据此断定广东和上海两地各自的网上办理事项是否就是233项或存在差异。",税务总局更新发布“非接触式”办税缴费事项清单,1.0,答案覆盖全国统一清单233项，并诚实说明未查到广东/上海地方具体事项数，未编造上海地方增补数量；虽未明确建议咨询上海税务，但核心要求已覆盖。,False,"在进行非接触式办税事项的省际对比（广东和上海）时，最权威的参考依据是**国家税务总局**最新更新公布的《“非接触式”办税缴费事项清单》。

以下是两地在网上（非接触式）可办理税费事项的数量及具体落地对比：

### 一、 核心数据结论
* **国家统一基准清单：233项**
  根据国家税务总局发布的最新版清单，目前在全国范围内可在网上办理的“非接触式”办税缴费事项共计 **233项**。该清单涵盖了纳税人、缴费人日常办理的大部分高频涉税（费）业务，包括登记变更、发票办理、申报纳税、税收减免核准、退税申请等。
* **广东和上海的覆盖率：均实现 100% 覆盖**
  广东和上海作为我国“互联网+税务”和数字政府建设的排头兵，两地税务局均在国家税务总局 **233项清单**的基础上实现了全面落地，即**两地可在网上办理的非接触式税费事项均不少于 233 项**（部分地方根据自身需求对子项进行了更细致的网办切分和创新，实际线上服务入口和微模块数量可能更多）。

---

### 二、 两地网上办税服务特色与对比亮点

在做省际对比时，除了事项数量基本持平（均达到233项全覆盖外），两地在**建设路径、平台集成和渠道特色**上存在一些差异，这可以作为你们对比研究的重点：

#### 1. 广东省：多渠道掌上协同，“微办税”覆盖广
广东省税务局在建设“非接触式”办税时，除网页端的**广东省电子税务局**外，在移动端（掌上办税）表现尤为突出。
* **核心平台**：广东省电子税务局、**“粤税通”**微信小程序、广东税务APP。
* **对比点特色**：
  * **移动端活跃度高**：广东重点打造的“粤税通”微信小程序，将大量涉税（费）高频事项搬到了手机端，特别方便自然人、小微企业和灵活就业人员。
  * **社保与非税缴费便捷**：依托“粤税通”和粤省事，广东在灵活就业人员社保、城乡居民医保等涉费网上办理的普及率和便利度上处于全国领先水平。

#### 2. 上海市：深度融入“一网通办”生态，长三角一体化成效显著
上海市税务局的特色在于将网上办税深度融入到上海市政府的整体数字化转型和营商环境优化中。
* **核心平台**：上海市电子税务局、上海市**“一网通办”**门户（随申办市民云/随申办企业云）。
* **对比点特色**：
  * **一网通办高度集成**：上海将电子税务局与“一网通办”平台深度融合，实现了企业“开办、变更、注销”等跨部门联办事项的“一窗通、一网通”。
  * **长三角一体化跨省通办**：上海税务局作为牵头方，积极推进长三角区域（沪苏浙皖甬）涉税事项的跨省“一网通办”和政策标准规范统一，在跨省涉税事项网办及纳税信用互认等区域协同上具有独特优势。

---

### 三、 对比研究建议
如果你们的省际对比报告需要深入开展，可以从以下三个维度切入：
1. **网办深度**：两地不仅看“233项是否能上网办理”，还可以对比两地的**“全程网办率”**（即有多少比例的事项可以真正实现全流程零跑动、免资料、自动审批，如“误收多缴退抵税”等自动化退税水平）。
2. **移动端覆盖率**：对比广东“粤税通”与上海“随申办/随申办企业云”中税费事项的直接可办数量与操作体验。
3. **跨区域通办能力**：对比广东在粤港澳大湾区税收协同上的网上通办举措，与上海在长三角一体化税收通办上的政策落地情况。",27,0.5,答案覆盖了税务总局非接触式办税缴费事项清单共233项，但未诚实说明上海地方增补清单库内查不到，反而推断两地均100%覆盖且不少于233项，存在编造风险。,False
G-085,complex,我们在经办潮州公积金贷款业务。买二手房的话评估报告还要不要提供？2025年新申请贷款要签征信授权吗、还要不要纸质信用报告？,关于调整我市住房公积金个人住房贷款部分政策的通知;关于开展个人住房公积金贷款征信补授权工作的通知,"二手评估《潮州市住房公积金贷款部分政策调整通知》(53099829)：自2020年1月1日起取消纯公积金贷款的二手房评估报告(组合贷款涉及商业银行资金的按商业银行要求办理)
征信授权《潮州市个人住房公积金贷款征信补授权工作通知》(53096290)：自2025年1月1日起新申请公积金贷款的借款人，提交申请时需本人现场签署授权书，无需再提供纸质版个人信用报告
推导：纯公积金二手房贷款已免评估报告，2025年起新申请须本人现场签征信授权书、免纸质信用报告","AI综合所有相关权威材料后，参考性解读如下，建议点击角标查看所依据的材料原文。
好的，根据您的提问和提供的政策文件，关于潮州市公积金贷款业务中二手房评估报告及2025年征信授权要求，为您解答如下：
一、 购买二手房申请公积金贷款，是否需要提供评估报告？
这需要根据您申请的贷款类型来区分：
申请纯公积金贷款： 根据发布于2020年的政策，潮州市已取消纯公积金贷款业务中的二手房评估报告201。在取消评估报告后，借款申请人需向公积金中心书面承诺房屋交易的真实价格。房产现值以缴纳契税时税务机关认定的价格与买卖双方交易价格，按“孰低原则”确认201。
申请公积金组合贷款： 由于组合贷款涉及商业银行的贷款资金，因此需按商业银行的要求办理201。如果商业银行要求提供评估报告，则申请人仍需提供。
重要提示： 另外请注意，一份更早期（2018年）的文件曾提及，办理二手房公积金抵押贷款时，由评估公司代为进行实地勘验并出具《评估书》202。但由于之后发布的政策（2020年）已明文取消了纯公积金贷款的评估报告201，根据“新法优于旧法”的原则，当前纯公积金贷款业务应以2020年的免提交要求为准。
二、 2025年新申请贷款，是否需要签署征信授权书及纸质信用报告？
对于2025年新申请的公积金贷款，规定如下：
需要签署征信授权书： 自2025年1月1日起，新申请住房公积金贷款的借款人（含共同借款人），在提交贷款申请资料时，均需本人现场签署《授权书》104。
无需提供纸质信用报告： 在本人现场签署上述《授权书》后，无需再提供纸质版个人信用报告104。同时，潮州市也正在推行“无纸质证明”改革，对可通过部门间协查获取的材料，不再要求申请人提交纸质材料301。",关于调整我市住房公积金个人住房贷款部分政策的通知 | 关于明确住房公积金个人抵押贷款业务有关要求的通知 | 关于开展个人住房公积金贷款征信补授权工作的通知 | 关于公布《潮州市“无纸质证明”（部门间协查）事项清单》的通知,1.0,答案完整覆盖：纯公积金二手房贷款自2020年起取消评估报告，组合贷按商贷银行要求；2025年新申请需本人现场签征信授权书，签署后无需纸质个人信用报告。,False,"根据潮州市住房公积金管理中心发布的相关政策文件，您的疑问解答如下：

### 一、 买二手房还要不要提供评估报告？
根据《关于调整我市住房公积金个人住房贷款部分政策的通知》：
*   **纯公积金贷款**：**不需要提供**评估报告。取消二手房评估报告后，借款申请人须向市公积金中心书面承诺房屋交易的真实价格，房产现值以缴纳契税时税务机关认定的价格与买卖双方交易价格孰低来确认。
*   **组合贷款**：因涉及商业银行的贷款资金，**需按商业银行的要求办理**。

### 二、 2025年新申请贷款是否要签征信授权？还要不要纸质信用报告？
根据《关于开展个人住房公积金贷款征信补授权工作的通知》：
*   **要签征信授权**：自2025年1月1日起，新申请住房公积金贷款的借款人（含共同借款人）在提交贷款申请资料时，**均需本人现场签署**《金融信用信息基础数据库信息查询授权书》。
*   **不要纸质信用报告**：在签署授权书后，**无需再提供纸质版个人信用报告**。",5,1.0,答案完整覆盖：纯公积金二手房贷款免评估报告、组合贷按商贷要求；2025年起新申请需本人现场签征信授权书且无需纸质信用报告。,False
G-092,simple,广州市户籍家庭住房租赁补贴的每平方米标准是多少，补贴金额由哪些面积、人口和系数参数共同计算？,广州市住房和城乡建设局关于进一步加强户籍家庭住房保障工作的通知,广州市住房和城乡建设局关于进一步加强户籍家庭住房保障工作的通知 | 补贴标准为建筑面积每平方米37元，住房租赁补贴各项构成及系数标准见附件2，计算公式为： 住房租赁补贴＝（人均保障建筑面积标准－人均自有产权住房建筑面积）×家庭保障人口×补贴标准×收入补贴系数×区域补贴系数,"AI综合所有相关权威材料后，参考性解读如下，建议点击角标查看所依据的材料原文。
根据广州市相关政策规定，广州市户籍家庭住房租赁补贴的每平方米补贴标准为建筑面积37元1。
补贴金额的计算公式涉及以下参数，并会进行综合计算1：
住房租赁补贴 = （人均保障建筑面积标准 - 人均自有产权住房建筑面积）× 家庭保障人口 × 补贴标准 × 收入补贴系数 × 区域补贴系数1
具体涉及的参数如下：
面积参数：人均保障建筑面积标准、人均自有产权住房建筑面积1
人口参数：家庭保障人口1
系数参数：收入补贴系数、区域补贴系数1
此外，如果按上述公式计算出的每户每月住房租赁补贴不足200元的，将按照200元/月的标准予以发放1。",广州市住房和城乡建设局关于进一步加强户籍家庭住房保障工作的通知,1.0,答案覆盖了每平方米37元的补贴标准，并完整给出计算公式及面积、人口、收入和区域系数参数。,False,"根据广州市住房和城乡建设局发布的《关于进一步加强户籍家庭住房保障工作的通知》（穗建规字〔2024〕5号），广州市户籍家庭住房租赁补贴的标准及计算方法如下：

### 一、 住房租赁补贴的每平方米标准
广州市户籍家庭住房租赁补贴的基本补贴标准为：**建筑面积每平方米 37 元**。

---

### 二、 补贴金额的计算公式与共同计算参数
住房租赁补贴的月补贴金额并非固定，而是结合了家庭的**面积缺口**、**人口数量**、**基本补贴标准**以及**多项调节系数**共同计算出来的。

#### 1. 计算公式：
$$ \text{住房租赁补贴} = (\text{人均保障建筑面积标准} - \text{人均自有产权住房建筑面积}) \times \text{家庭保障人口} \times \text{补贴标准} \times \text{收入补贴系数} \times \text{区域补贴系数} $$

*注：若按上述公式计算后，每户每月的住房租赁补贴金额不足 200 元的，统一按照 **200 元/月** 予以发放。*

#### 2. 参与计算的具体参数解析：

*   **面积参数：**
    *   **人均保障建筑面积标准**：广州市现行的人均保障建筑面积标准通常为 **15 平方米**。
    *   **人均自有产权住房建筑面积**：指申请家庭成员名下人均拥有的自有产权住房建筑面积。如果家庭无自有产权住房，则该项为 0。
    *   这两项参数相减，即得出该家庭的**人均面积缺口**。
*   **人口参数：**
    *   **家庭保障人口**：指符合住房保障准入条件、共同申请并经审核通过的家庭人口数量。人口越多，可获得的保障总面积额度越大。
*   **基本补贴标准：**
    *   即上文提到的基本标准 **37元/平方米**。
*   **系数参数（实行差别化动态调节）：**
    *   **收入补贴系数**：根据申请家庭的经济收入水平（如低保家庭、最低生活保障边缘家庭、支出型困难家庭、以及不同档次的低收入家庭等）设定。家庭收入越低、困难程度越高，该系数就越接近或等于 1.0（甚至在特殊民政救助家庭中有特定高补贴标准）；随着收入增加，系数会按梯度相应降低。
    *   **区域补贴系数**：由于广州市各行政区的市场租金水平存在较大差异，为体现保障公平，各区设置了不同的区域补贴系数。一般来说，越秀、海珠、荔湾、天河等中心城区的区域补贴系数较高，而从化、增城、花都等外围城区的区域补贴系数较低。",10,1.0,答案明确给出每平方米37元，并完整列出计算公式中的面积、人口、补贴标准、收入补贴系数和区域补贴系数，覆盖参考要点。,False
G-099,simple,我们市在谋划海绵城市建设，想了解国家要求到2020年城市建成区要有多大比例面积达标，需要核实目标指标。,住房城乡建设部 国家开发银行关于推进开发性金融支持海绵城市建设的通知,《关于推进开发性金融支持海绵城市建设的通知》｜到2020年城市建成区20%以上面积达到海绵城市建设目标要求；到2030年达到80%以上,"AI综合所有相关权威材料后，参考性解读如下，建议点击角标查看所依据的材料原文。
根据国家层面的政策要求，到2020年，城市建成区20%以上的面积需达到海绵城市建设目标要求23。
该目标在2016年的中央财政支持海绵城市建设试点工作目标中已明确，并指出到2030年，城市建成区80%以上的面积需达标2。
2015年发布的《住房城乡建设部 国家开发银行关于推进开发性金融支持海绵城市建设的通知》中，同样引用了这一目标3。
一份2018年的政协提案答复函提到，当时全国已规划到2020年在1.3万平方公里建成区开展海绵城市建设，约占城市建成区面积的1/4，这与“20%以上”的目标相符1。",三部门启动2016年中央财政支持海绵城市建设试点部门新闻 | 住房城乡建设部 国家开发银行关于推进开发性金融支持海绵城市建设的通知 | 关于政协十三届全国委员会第一次会议第0093号（城乡建设类006号）提案答复的函,1.0,答案明确给出2020年20%以上达标，并补充2030年80%以上目标，覆盖全部要点,False,"根据您提供并检索到的参考文献，海绵城市建设的相关目标指标如下：

* **到2020年**：城市建成区 **20%以上** 的面积需要达到达标要求（即达到径流控制率70%的要求）。
* **到2035年**：城市建成区 **80%以上** 的面积需要达到上述要求。",2,0.5,答案正确覆盖了到2020年城市建成区20%以上达标；但将80%以上目标年份写成2035年，未覆盖参考要点中的2030年。,False
G-100,complex,我们在核定装修保证金收费标准，需要核实潮州两版规则。现在装修保证金每户最多收多少、装修人员出入证押金每块多少？装修完多久退？,关于规范政府指导价物业服务收费行为的通知;印发《潮州市物业服务收费管理实施办法》的通知,"潮州《规范政府指导价物业服务收费行为的通知》(53094921，2018.2.5起)：装修保证金(押金)每户最高不超过2000元、装修人员出入证押金每块10元；住户装修完成后物业应及时查验并出具书面查验结论通知书，自查验合格之日起15个工作日内退还装修保证金(押金)
潮州《物业服务收费管理实施办法》(53095024，2006.11.1起)：装修保证金由业主与物业企业书面约定、不装修不得收取；业主装修完毕经查验未损坏公共部位的，自检查合格之日起15个工作日内退还
推导：装修保证金≤2000元/户、出入证押金10元/块；两版均要求查验合格后15个工作日内退还(2006旧版与2018新版一致)","AI综合所有相关权威材料后，参考性解读如下，建议点击角标查看所依据的材料原文。
好的，根据您提供的检索文章，关于潮州市装修保证金和出入证押金的收费标准及退还时限，可为您核实“两版规则”的具体情况。相关核心规定在2013年和2018年的文件中内容一致，具体如下：
核心收费标准与退还时限
装修保证金（押金）
收费标准：每户最高不超过2000元101103。
核心规定：物业服务企业收取此费用时，应与业主或装修人员签订装修协议，告知相关注意事项及违约责任。同时，这笔费用需要实行专户管理，不得挪用102103。
装修人员出入证押金
收费标准：每块10元101103。
退还时限
退还时限：从物业服务企业查验合格之日起，15个工作日内退还102103。
流程要求：住户装修完成后需告知物业服务企业，企业应及时查验并出具书面的查验结论通知书102103。
补充说明
潮州市2013年与2018年的文件对上述核心问题的规定完全一致101102103。您提到的“两版规则”可能指这两个文件，或其中之一与更早期的《潮州市物业服务收费管理实施办法》。2006年的办法也规定了“自检查合格之日起15个工作日内退还”301，但对于保证金的金额，规定是由“业主与物业管理企业约定”301，与后来明确的2000元上限不同。在核定标准时，应以更新、更明确的2013/2018年规定为准。
2019年广东省的省级文件主要规范了出入证的制作成本收取，并未对装修保证金及押金的具体标准做出新的统一规定，因此潮州市本地的上述收费标准依然有效201。",关于规范政府指导价物业服务收费行为的通知 | 关于规范物业服务收费有关问题的通知 | 印发《潮州市物业服务收费管理实施办法》的通知 | 广东省发展改革委 广东省住房城乡建设厅关于进一步规范物业服务收费的通知,1.0,答案覆盖2018新版2000元/户、出入证押金10元/块，说明装修完成后及时查验并自合格起15个工作日内退还，也提到2006旧版保证金由双方约定且15个工作日退还；虽遗漏“不装修不得收取”等细节，但核心问题已充分回答。,False,"根据检索到的潮州市两版物业收费相关规则，即2012年印发的《关于规范物业服务收费有关问题的通知》与2018年印发的《关于规范政府指导价物业服务收费行为的通知》，两版规则在装修相关收费及退还时限上的规定完全一致，具体如下：

* **装修保证金每户最多收多少：**
  每户最高不超过 **2000元**。
* **装修人员出入证押金每块多少：**
  每块 **10元**。
* **装修完多久退：**
  住户装修完成后，应告知物业服务企业，物业服务企业应及时进行查验并出具书面的查验结论通知书，装修保证金自**查验合格之日起15个工作日内**退还。",8,0.75,答案准确覆盖2018版最高2000元/户、出入证押金10元/块，以及查验合格后15个工作日内退还；也覆盖了两版退还时限一致。但未覆盖2006旧版中装修保证金由业主与物业企业书面约定、不装修不得收取的规定，且将两版规则表述为2012与2018,False
G-109,partial,潮州市2024年标准化专项资金的受理期如何规定？下一轮申报时间尚未公告时能否沿用旧日期？,关于组织申请2024年潮州市实施技术标准战略专项资金资助项目的通知,关于组织申请2024年潮州市实施技术标准战略专项资金资助项目的通知 | 1. 受理资助申请的时间为2024年4月18日至5月17日，未按时提交申请的项目，视为自动放弃，不再受理；边界：库内材料只能确认上述制度事实，不能确认下一轮标准化专项资金申报起止日期；历史批次日期不能外推到下一批次。,"AI综合所有相关权威材料后，参考性解读如下，建议点击角标查看所依据的材料原文。
好的，针对您的问题，我为您梳理了潮州市标准化专项资金的相关规定。
潮州市2024年标准化专项资金受理期规定
根据官方通知，针对2023年内完成的标准化活动项目的资助申请，其受理期有明确规定：
受理时间：2024年4月18日至5月17日105。
逾期处理：未按时提交申请的项目，视为自动放弃，不再受理105。
下一轮申报时间尚未公告时，能否沿用旧日期？
不可以。您不应直接沿用过往的受理日期来规划下一轮的申报。
申报时间有专门规定：上述“4月18日至5月17日”的时间窗口是针对特定年度项目的一次性规定。各年度的资助申报时间、流程和范围，通常由当年的具体通知确定。
新申报由公告启动：根据《潮州市实施技术标准战略专项资金管理办法》，每年6月底前，由市市场监督管理局在其网站上发布公告，通知相关单位申报资助301。这意味着，新一轮的申报何时开始，需要等待新的年度公告发布，而不是参照旧的通知日期。
项目范围不同：政策的申报范围覆盖的是上一年度完成的项目。例如，2025年发布的申报公告，是针对“2024年1月1日至12月31日”完成的标准化活动项目101。因此，时间节点和对应的项目完成时间也是动态变化的，不能简单套用。
结论：您应当密切关注潮州市市场监督管理局的官方网站，每年6月底前会发布新一年度的资助申报公告，届时以该公告中明确的具体受理时间为准301。在官方未发布新公告前，无法确定下一轮申报的确切日期。如有疑问，可提前致电相关科室（联系电话：0768－2803610）进行咨询102105。",关于组织申请2024年潮州市实施技术标准战略专项资金资助项目的通知 | 关于印发《潮州市实施技术标准战略专项资金管理办法》的通知 | 关于征集2024年标准化活动项目的通知,1.0,答案明确给出2024年4月18日至5月17日及逾期视为放弃；说明未发布新公告前无法确定下一轮确切日期；并明确旧受理日期不能沿用或外推到下一批次。,False,"关于潮州市标准化专项资金（正式名称为“**潮州市实施技术标准战略专项资金**”）2024年的受理期规定，以及下一轮申报时间未公告时能否沿用旧日期的问题，具体解答如下：

### 一、 潮州市2024年标准化专项资金受理期规定

根据潮州市市场监督管理局发布的《关于组织申请2024年潮州市实施技术标准战略专项资金资助项目的通知》：

1. **受理时间**：
   * **2024年的官方受理时间为：2024年4月18日至5月17日**。
   * 未按时提交申请的项目，视为自动放弃，相关部门不再予以受理。
2. **资助对象（项目完成区间）**：
   * 该专项资金奉行“**资助上一年度完成项目**”的原则，因此2024年资助的是**在2023年1月1日至2023年12月31日期间完成**的标准化活动项目（以发布时间、批准文件或证书颁发时间为准）。
3. **申报方式**：
   * 申报单位需要通过广东财政惠企利民服务平台**“粤财扶助”**（https://czbt.czt.gd.gov.cn/#/home）在线申报并提交电子文件。其中，部分项目（如2023年底特定区间完成的项目）还需同步提交纸质件。

---

### 二、 下一轮申报时间尚未公告时，能否沿用旧日期？

**答案是：不能沿用旧日期进行申报。**

具体原因和规定如下：

1. **每一轮申报必须以当年的官方公告为准**：
   根据《潮州市实施技术标准战略专项资金管理办法》（潮市监规〔2022〕1号）第十五条规定，每年由市市场监督管理局在网站上发布专门公告，通知相关单位申报资助。由于每年的财政预算、工作安排以及申报系统（如“粤财扶助”平台）的开放时间不同，**每一轮的起止日期都是动态调整的**，并非固定在某一天的旧日期。
2. **“逾期不予受理”与系统限制**：
   管理办法第十六条明确规定：“申请资助的单位应在申报期限内提交资助申请，未按时申请的，视为自动放弃相应资助。” 
   在线申报平台（“粤财扶助”）通常**仅在官方公告规定的受理期内开放该项目的提交通道**。在下一轮申报时间尚未公告、系统未开启时，无法提前提交申请；而在旧日期对应的时段，若新政策尚未发布，系统也不会提前受理。
3. **活动项目“征集期”与“申报期”的差异**：
   以2024年完成的项目为例，潮州市市场监管局在2025年3月才发布了《关于征集2024年标准化活动项目的通知》（征集时间为2025年3月4日至3月14日）。这表明，每年的具体工作节奏可能发生变化，若盲目沿用往年的旧申报日期（如4月至5月），可能会错失前期的“预申报”或“项目征集”阶段。

### 💡 建议做法：
在下一轮申报时间尚未公告的“空窗期”内，企业和单位虽然**不能沿用旧日期提交申请**，但可以**参考往年的政策和申报材料清单进行“前置准备”**：
* **准备材料**：提前整理好上一年度完成的标准化项目证明（如正式发布的标准文本、主导/协助制订的证明、标准化试点示范验收结题文件等）。
* **关注动态**：密切关注**潮州市市场监督管理局官网**及“粤财扶助”平台的更新，待新一轮申报通知正式发布后，在规定的新期限内第一时间完成线上及线下申报。",21,1.0,答案明确给出2024年4月18日至5月17日及逾期视为放弃不受理；说明下一轮须以官方公告为准、未公告不能确认或提交；并明确不能沿用旧日期外推到下一批次。,False
G-113,complex,广州市科技型中小企业专业服务机构补助中，单次给予每家机构多少，同一机构累计最高可获多少？,广州市科学技术局关于征集科技型中小企业专业科技服务机构的通知,广州市科学技术局关于征集科技型中小企业专业科技服务机构的通知 | 1. 对每家机构给予：10万元；2. 每家机构总补助经费最高上限：30万元,"AI综合所有相关权威材料后，参考性解读如下，建议点击角标查看所依据的材料原文。
根据《广州市科学技术局关于征集科技型中小企业专业科技服务机构的通知》，对符合条件的科技型中小企业专业科技服务机构，单次给予10万元经费支持；在此基础上每增加200家评价入库企业，再给予5万元经费支持，同一机构累计总补助经费最高不超过30万元2。
注：上述补助标准依据的是2022年7月发布的试行工作方案；2023年度另有“以赛促评”方式发放的奖励补助，其对象、标准与上述专业科技服务机构补助性质不同，不属于同一政策口径3。",广州市科学技术局关于征集科技型中小企业专业科技服务机构的通知 | 广州市科学技术局关于领取2023年度科技服务机构大赛奖励后补助专题“免申即享”补助资金的通知,1.0,答案明确说明单次给予10万元支持，并说明同一机构累计最高不超过30万元，覆盖全部要点。,False,"根据《广州市科学技术局促进科技型中小企业专业科技服务发展工作方案（试行）》及相关申报通知，广州市科技型中小企业专业科技服务机构的补助标准如下：

### 1. 单次/基础给予每家机构多少？
* **基础补助**：在当年度协助各区科技主管部门，服务各区企业参评入库成为科技型中小企业的数量达到各区上一年度入库数量 **110%（含）** 的，给予每家机构 **10万元** 的经费支持。
* **增量补助**：在此基础上，每增加 **200家** 评价入库企业，再额外给予每家机构 **5万元** 的经费支持。

### 2. 同一机构累计最高可获多少？
* 每家机构获得的总补助经费（基础补助 + 增量补助）累计最高不超过 **30万元**。",4,1.0,答案明确给出单次每家机构10万元，并说明同一机构累计最高不超过30万元，覆盖全部要点。,False
G-116,simple,东莞市安全生产培训机构应公开哪些收费、退费和监督信息，并在何时告知培训对象？,东应急〔2024〕138号关于印发《东莞市应急管理局安全生产培训机构管理办法》的通知,东应急〔2024〕138号关于印发《东莞市应急管理局安全生产培训机构管理办法》的通知 | 安全生产培训机构应当公开收费项目、收费标准、培训退费制度、监督举报电话等内容，并在培训对象缴纳培训费前予以告知,"AI综合所有相关权威材料后，参考性解读如下，建议点击角标查看所依据的材料原文。
根据《东莞市应急管理局安全生产培训机构管理办法》（东应急〔2024〕138号）的规定，东莞市安全生产培训机构应公开的收费、退费和监督信息，以及告知时限要求如下：
一、应公开的信息内容
安全生产培训机构应当公开以下内容102：
收费项目
收费标准
培训退费制度
监督举报电话
此外，培训机构在开展业务前，还需向东莞市应急管理局提交含收费依据的收费标准及公示照片101。
二、告知时限要求
上述公开内容，安全生产培训机构应当在培训对象缴纳培训费前予以告知102。
三、注意事项
该办法同时严禁安全生产培训机构变相收费、乱收费，杜绝虚假培训和市场恶性竞争行为102。
以上为《东莞市应急管理局安全生产培训机构管理办法》中的相关要求。该办法由东莞市应急管理局于2024年7月22日发布，目前作为规范性文件对东莞市内的安全生产培训机构进行管理。",东应急〔2024〕138号关于印发《东莞市应急管理局安全生产培训机构管理办法》的通知,1.0,答案明确覆盖了应公开的收费项目、收费标准、培训退费制度、监督举报电话，并说明应在培训对象缴纳培训费前告知。,False,"根据安全生产培训管理的有关规定（如《安全生产培训管理办法》及广东省、东莞市相关规范要求），安全生产培训机构在开展培训时，必须严格执行收费公示与告知制度：

### 一、 应公开的收费、退费和监督信息

安全生产培训机构应当在经营场所的醒目位置（如公示栏、公示墙等）或其官方网络平台，主动公开以下信息：

1. **收费信息**：
   - **收费项目**：如培训费、教材费、实操费、代收的考试费（若有）等。
   - **收费标准**：各项服务明确的价格（如：元/人·期）。
   - **收费依据**：收费所依据的国家或地方价格政策、培训成本核算或市场自主定价说明等。
2. **退费信息**：
   - **退费办法/退费条款**：应当明确具体的退费条件（如：因机构原因未开班、学员因故在开班前/后申请退学、或因不可抗力等不同情形下的退费规则）。
   - **退费标准与比例**：详细规定不同时间节点的退费比例（如未产生实际培训费用的部分全额退还，已开课后按课时折算退费等原则）。
   - **退费程序与时限**：告知培训对象办理退费的具体申请流程、所需材料以及退款到账的时间限制。
3. **监督信息**：
   - **监督举报电话**：包括培训机构自身的内部投诉处理电话。
   - **外部监管举报电话**：东莞市应急管理部门、人社部门或市场监督管理部门的政务监督举报电话（如 12345 监督热线、12315 消费者维权热线或相关辖区应急管理分局电话）。

---

### 二、 告知培训对象的时间

* **告知时限**：安全生产培训机构必须在**培训对象报名缴费前**，主动向其予以告知。
* **告知要求**：
  - 培训机构不得在学员缴费后才告知退费和监督规则。
  - 应当通过招生简章、培训服务合同（或协议）、报名表等书面或电子媒介，在学员确认缴费前，清晰地向其展示上述收费、退费标准以及违约责任等条款，由学员自愿确认。
  - 严格坚持**自愿原则**，严禁强制、变相强制培训或在明码标价外加收未予标明的费用。",26,1.0,答案覆盖了应公开收费项目、收费标准、培训退费制度、监督举报电话等内容，并明确在培训对象缴纳培训费前告知。,False
G-124,complex,肇庆市普惠型商业补充医疗保险的“一次报销”待遇中，起付线按城乡居民人均可支配收入的多少确定，最高支付限额约为该收入的多少倍？,肇庆市医疗保障局关于印发《肇庆市普惠型商业补充医疗保险实施方案》的通知,肇庆市医疗保障局关于印发《肇庆市普惠型商业补充医疗保险实施方案》的通知 | 1. 一次报销起付线占城乡居民人均可支配收入：60%；2. 一次报销最高支付限额为城乡居民人均可支配收入：20倍,"AI综合所有相关权威材料后，参考性解读如下，建议点击角标查看所依据的材料原文。
根据肇庆市医疗保障局发布的官方方案，“一次报销”待遇的起付线和最高支付限额与本市城乡居民人均可支配收入的关系如下：
起付线：原则上按超过肇庆市城乡居民人均可支配收入金额的60%（含）以上确定103。
最高支付限额：约为城乡居民人均可支配收入的20 倍左右103。",肇庆市医疗保障局关于印发《肇庆市普惠型商业补充医疗保险实施方案》的通知,1.0,答案明确给出一次报销起付线为城乡居民人均可支配收入的60%，最高支付限额约为20倍，覆盖全部要点,False,"根据《肇庆市医疗保障局关于印发〈肇庆市普惠型商业补充医疗保险实施方案〉的通知》（肇医保发〔2021〕26号），肇庆市普惠型商业补充医疗保险（如“肇福保”）在“一次报销”待遇中的相关规定如下：

* **起付线确定标准**：
  原则上按我市城乡居民人均可支配收入金额的 **60%**（以上）确定。
* **最高支付限额**：
  最高支付限额约为该收入的 **20倍** 左右。

**具体待遇政策参考：**
在年度内，参保人因住院和特定病种门诊（参照基本医疗保险病种范围）发生医保支付范围内的医疗费用，经基本医保、大病保险报销后，个人负担的政策范围内医疗费用中，超过起付线（即城乡居民人均可支配收入的60%）的部分，给予**不低于60%**的报销，最高支付限额为该收入的**20倍左右**。",4,1.0,答案准确覆盖了起付线60%和最高支付限额20倍两个要点。,False
G-126,simple,我们在经办湛江先进制造业投资奖励申报，有企业问奖励资金占新增固定资产投资的比例上限是多少，需要核实奖励比例答复。,湛江市工业和信息化局关于组织2024年省级先进制造业发展专项资金（普惠性制造业投资奖励）支持项目入库申报的通知,《湛江市先进制造业发展专项资金（普惠性制造业投资奖励）》｜支持项目“十四五”期间最终获得的奖励资金总额原则上不超过确认新增实际固定资产投资总额的2%,"AI综合所有相关权威材料后，参考性解读如下，建议点击角标查看所依据的材料原文。
根据湛江市2026年最新的申报通知，先进制造业投资奖励资金占新增固定资产投资的比例上限为2%。具体规定为：支持项目在“十四五”期间最终获得的奖励资金总额，原则上不超过测算项目在本政策执行期间确认新增实际固定资产投资总额的2%1。
检索材料不足以完整回复，以上仅供参考。",湛江市工业和信息化局关于组织2026年省制造业当家重点任务保障专项资金普惠性制造业投资奖励支持项目入库申报的通知,1.0,答案明确给出奖励资金原则上不超过确认新增实际固定资产投资总额的2%，与参考要点一致。,False,"在办理湛江市先进制造业相关投资奖励申报时，由于目前省、市两级均有针对先进制造业固定资产投资的奖励政策，且均由**湛江市工业和信息化局技改创新投资科**（联系电话：0759-3333143）归口经办，因此企业问及的“奖励比例上限”需要根据**企业具体申报的项目类别**来核实答复。

以下为您梳理湛江市目前经办的两大类先进制造业投资奖励政策的比例上限和答复口径：

---

### 一、 如果企业申报的是：省级先进制造业发展专项资金（普惠性制造业投资奖励）
这是最常见的省级专项资金投资奖励。根据《广东省先进制造业发展专项资金（普惠性制造业投资奖励）管理实施细则》以及湛江市工信局发布的具体入库申报通知：

*   **比例上限：** **原则上不超过 2%**。
*   **具体规定：** 支持项目在“十四五”期间最终获得的奖励资金总额，原则上**不超过**测算项目在本政策执行期间确认**新增实际固定资产投资总额的 2%**。
*   **资金使用与拨付口径：** 
    *   在具体申报“支持项目”（如新购置设备奖励、配套建设等事后奖励）时，单项设备奖励或固定资产奖励的资助比例在部分申报指南中规定原则上**不超过 10%**。
    *   但**最终的限制条件**是：该项目获得的所有支持资金总额，不能超过其确认的新增实际固定资产投资总额的 **2%** 这一大上限。

---

### 二、 如果企业申报的是：市级促进先进制造业招商引资固定资产投资奖励资金
该政策属于湛江市本级出台的招商引资奖励，依据为《湛江市促进先进制造业招商引资的若干措施（试行）》（湛府办函〔2023〕43号）及配套起草的《湛江市促进先进制造业招商引资固定资产投资奖励资金实施细则》。

*   **比例上限：** 通常为 **1% 至 2%** 之间（需结合项目投资规模、是否新增用地、具体产业集群方向等条件）。
*   **参考标准（以最终印发实施的细则细化条款为准）：** 
    *   省内同类地市（如汕头等）通常规定：新引进实际固定资产投资达到一定规模的制造业项目，有新增用地的项目在完工投产后，按其实际固定资产投资额的 **2%** 给予一次性奖励；无新增用地的零用地项目按其实际固定资产投资额的 **1%** 给予一次性奖励。
    *   此外，湛江市对于新引进实际固定资产投资达 **1亿元（含）以上** 的制造业企业，还配套有“企业人才奖”，参照骨干人才上一年度对湛江本市的经济发展贡献给予奖励。

---

### 给经办人员的答复与工作建议：

1.  **首要步骤：向企业核实项目类别**
    答复企业前，请先询问其准备申报的是**“省级普惠性/重大先进制造业投资奖励”** 还是 **“市级促进招商引资的固投奖励”**。
2.  **具体答复口径建议：**
    *   **若是省级普惠性奖励：** 答复企业“项目在‘十四五’期间累计获得的投资奖励资金总额上限，原则上**不超过项目新增实际固定资产投资总额的 2%**”。
    *   **若是市级招商引资固投奖励：** 答复企业“市级政策根据企业项目投资规模、是否新增土地等实行分档奖励，比例通常在 **1% - 2%** 之间。具体的申报门槛（如投资额要求）及最终各档次奖励比例，需核对《湛江市促进先进制造业招商引资固定资产投资奖励资金实施细则》的对应条款”。
3.  **内部核实通道：**
    由于上述两项政策均由市工信局**技改创新投资科**经办，若在审核企业实际材料或核算固投基数时遇到争议",23,1.0,答案明确提到支持项目在‘十四五’期间最终获得的奖励资金总额原则上不超过确认新增实际固定资产投资总额的2%，覆盖参考要点。,False
G-129,simple,“十二五”城市绿色照明，到期末城市照明节电率要达到多少，我们需要核实目标指标。,关于印发“十二五”城市绿色照明规划纲要的通知,《“十二五”城市绿色照明规划纲要》｜以2010年底为基数，到“十二五”期末城市照明节电率达到15%,"AI综合所有相关权威材料后，参考性解读如下，建议点击角标查看所依据的材料原文。
以2010年底为基数，到“十二五”期末，城市照明节电率需达到15%1。
该目标出自2011年11月04日发布的《关于印发“十二五”城市绿色照明规划纲要的通知》，适用于全国范围，包括广东省广州市1。
该文件同时明确了其他具体目标，如2015年前完成地级及以上城市照明规划编制、新建道路照明节能评价达标率应达到100%等1。",关于印发“十二五”城市绿色照明规划纲要的通知,1.0,答案明确给出以2010年底为基数，到十二五期末城市照明节电率达到15%，与参考要点一致。,False,"根据《“十二五”城市绿色照明规划纲要》中的具体发展目标：

以2010年底为基数，到“十二五”期末，城市照明节电率要达到 **15%**。",1,1.0,答案明确给出以2010年底为基数，到十二五期末城市照明节电率达到15%，覆盖参考要点。,False
G-131,simple,我们在经办一宗肇庆建筑工程建筑面积计算，要确认现行建筑面积计算规范是从什么时候开始实施的，需要核实。,新版《建筑工程建筑面积计算规范》,《建筑工程建筑面积计算规范》（GB/T50353-2013）｜自2014年7月1日起实施，原GB/T50353-2005同时废止,"AI综合所有相关权威材料后，参考性解读如下，建议点击角标查看所依据的材料原文。
根据您提供的检索材料，现行国家标准《建筑工程建筑面积计算规范》的实施时间如下：
国家标准《建筑工程建筑面积计算规范》（编号为GB/T50353-2013）自2014年7月1日起实施，原《建筑工程建筑面积计算规范》GB/T50353-2005同时废止24。
该规范由住房和城乡建设部发布，为国家标准，在全国范围内适用，因此也适用于广东省肇庆市12。",新版《建筑工程建筑面积计算规范》 | 住房城乡建设部关于发布国家标准《建筑工程建筑面积计算规范》的公告,1.0,答案明确给出GB/T50353-2013自2014年7月1日起实施，且原GB/T50353-2005同时废止，覆盖参考要点。,False,"根据检索到的参考文献，现行建筑工程建筑面积计算及相关规范的实施时间如下：

### 1. 国家《建筑工程建筑面积计算规范》实施时间
* 现行国家标准**《建筑工程建筑面积计算规范》（编号：GB/T50353-2013）**自 **2014年7月1日起** 正式实施。
* 与此同时，原《建筑工程建筑面积计算规范》GB/T50353-2005 已于2014年7月1日废止。

### 2. 肇庆市商品房面积计算与计价相关政策实施时间
若您在经办的肇庆市建筑工程项目中涉及商品房销售、面积公示及计价，需要注意以下本地政策的实施节点：
* **商品房实行套内面积计价：** 自 **2024年5月1日起**，肇庆市范围内商品房正式实行按**套内面积**计价宣传销售。
* **共有建筑面积分摊信息公示：** 自 **2024年5月10日起**，凡在肇庆市行政区域范围内销售新建商品房的，房地产开发企业应当在销售现场显著位置公示《肇庆市新建商品房共有建筑面积分摊信息公开表》，并留存测绘机构出具的楼盘测绘报告备查。",6,1.0,答案明确给出GB/T50353-2013自2014年7月1日起实施，并说明原GB/T50353-2005于同日废止，覆盖参考要点。,False
G-133,partial,韶关市工业企业自建天然气站应落实哪些安全管理和培训责任？某企业整改是否通过仍需核验什么？,关市安全生产委员会办公室关于印发《韶关市工业企业自建自用天然气站安全专项排查整治工作方案》的通知,关市安全生产委员会办公室关于印发《韶关市工业企业自建自用天然气站安全专项排查整治工作方案》的通知 | 1. 8.工业企业应当落实燃气安全管理制度，将燃气安全纳入本单位的安全生产管理工作目标，加强操作维护人员安全教育培训，提高操作技能和应急处置能力；边界：库内材料只能确认上述制度事实，不能确认具体企业当前检查整改结论；管理要求不记录个案检查证据和复核结果。,"AI综合所有相关权威材料后，参考性解读如下，建议点击角标查看所依据的材料原文。
好的，根据您的问题，现依据检索到的相关政策文件为您解答。
韶关市工业企业自建天然气站的安全管理和培训责任
根据韶关市的相关整治方案与政策要求，工业企业作为自建自用天然气站（以下简称“自建站”）的责任主体，其主要安全管理和培训责任如下：
1.安全管理责任
落实企业安全生产主体责任：企业需建立健全安全生产规章制度和全员安全生产岗位责任制，按规定配备安全生产管理人员，并建立安全风险隐患台账清单，实行闭环管理110。
设计合规与隐患整改：企业应委托正规设计单位对自建站进行设计。对未经正规设计的自建站，要及时开展设计诊断，并对发现的隐患问题制定整改计划，限期完成整改103。
确保符合标准规范：自建站的建设和运营需符合《城镇燃气设计规范》（GB50028）、《压缩天然气供应站设计规范》（GB51102）等一系列国家标准和技术规程的规定105。
第三方管理运营的安全职责：若自建站由第三方单位管理运营，工业企业必须与其签订专门的安全生产管理协议，明确各自的安全生产管理职责。同时，企业仍需对自建站的安全生产工作进行统一协调和管理，并定期进行安全检查，发现问题及时督促整改104。
特定时期安全管理要求：在天然气供需紧张等特定时期，企业需落实安全生产主体责任，加强管网和配套设施运行维护，深入排查安全隐患，做好设施保护，并制定应急处置预案，提高应急处置能力112113。
2.安全培训责任
常态化安全培训：企业应常态化开展员工安全风险教育和应急处置技能培训110。
建立培训制度和计划：生产经营单位需制定安全生产培训计划，列支专门的安全培训经费，并保障专款专用301。
严格执行持证上岗：必须坚持“先培训后上岗，不培训不上岗”的制度。企业需按要求，组织主要负责人、安全生产管理人员、特种作业人员参加培训并取得相应资格。尤其要加强对班组长、新上岗工人和农民工的安全培训301。
培训覆盖特殊情形：从业人员在企业内部调整岗位、离岗一年以上重新上岗，或采用新工艺、新设备、新材料时，都应重新接受专门的安全生产教育和培训302。
建立安全培训档案：企业需建立健全职工安全培训台账，如实记录培训的时间、内容、参加人员及考核结果等情况301302。
劳务派遣工同等培训：若使用劳务派遣工，用工单位应确保他们与本企业职工接受同等的安全培训301。
关于企业整改是否通过需要核验什么
关于某企业整改是否通过仍需核验的关键点，根据检索信息，有明确的确认程序：
在专项整治工作的“自查自纠阶段（2025年7月至9月）”，对于存在问题的自建站，企业需停用并及时开展隐患整改。整改完成后，必须经行业主管部门书面确认整改通过后，方可恢复使用107。
因此，要确认某企业整改是否通过，最终需要核验其是否已获得行业主管部门出具的“书面确认”文件107。这份书面确认是恢复使用的法定前提。",韶关市安委会办公室关于印发《韶关市城镇燃气安全专项整治工作实施方案》的通知 | 关市安全生产委员会办公室关于印发《韶关市工业企业自建自用天然气站安全专项排查整治工作方案》的通知 | 关于做好2017年天然气迎峰度冬工作的通知 | 两部门通知加强迎峰度冬期间天然气安全生产工作 | 广东省安全生产监督管理局印发关于进一步加强安全培训考核工作指导意见的通知 | 广东省交通运输厅关于印发公路水运工程平安工,0.3333333333333333,覆盖了燃气安全管理制度和安全教育培训、应急能力提升要点；但未体现材料只能确认制度性要求、不能确认具体企业整改结论，也未覆盖不记录个案复核结果这一边界。,False,"根据韶关市安全生产委员会办公室发布的《韶关市工业企业自建自用天然气站安全专项排查整治工作方案》，韶关市工业企业自建自用天然气站（以下简称“自建站”）需要严格落实一系列安全管理与培训责任，具体要求如下：

### 一、 安全管理责任

1. **依法办理审批与手续：** 
   * 依法办理立项审批手续。
   * 依法办理消防设计审查和验收手续。
   * 按规定开展特种设备检验并取得特种设备使用登记证。
   * 在管道燃气已覆盖区域内，原则上不得新建自建站。
2. **规范建设与设计管理：**
   * 必须委托正规设计单位对自建站进行设计。对未经正规设计的，要及时开展设计诊断，制定整改计划并限期整改。
   * 自建站工程竣工后，建设单位应依法组织竣工验收，并将竣工验收情况报燃气管理部门备案。
   * 自建站的设计、建设与运行需符合《城镇燃气设计规范》（GB50028）、《压缩天然气供应站设计规范》（GB51102）等一系列国家与行业标准规程。
3. **安装安全防范装置：**
   * 必须安装具备燃气泄漏报警和自动切断等功能的可燃气体报警装置，并保障其正常使用。
4. **禁止违规临时储存：**
   * 严禁将燃气运输车辆及其储罐作为天然气临时储存设施，用于配合撬装式设备对压缩天然气（CNG）调压或将液化天然气（LNG）气化。
5. **规范用气与承运查验：**
   * 遵守安全用气规则，使用符合国家标准的气瓶、燃气燃烧器具和配件。
   * 委托具有相应危险货物道路运输资质的企业承运。在充装前，必须查验核实承运单位、车辆、罐体、人员资质和安全状况。
6. **健全制度与安全评价：**
   * 落实燃气安全管理制度，将燃气安全纳入本单位的安全生产管理工作目标。
   * 对于依法需要进行安全评价的企业，必须将自建站纳入整体安全评价范围。
7. **第三方运营管理责任：**
   * 若自建站由第三方单位管理运营，工业企业要与相关单位签订专门的安全生产管理协议，或在合同中约定各自的安全生产管理职责，并对自建站安全工作统一协调、管理，定期进行安全检查并督促隐患整改。

### 二、 培训责任

1. **操作维护人员培训：** 工业企业应加强操作维护人员的安全教育培训，使其掌握必要的安全知识，提高操作技能和应急处置能力。
2. **作业人员持证上岗：** 涉及特种设备作业的，必须确保特种设备作业人员经专业培训考核，并持证上岗。

---

### 三、 某企业整改是否通过仍需核验什么？

根据工作方案，在企业自查自纠与集中整治过程中，企业的整改并非单方面宣布完成即可，仍需通过以下核验方可判定通过：

1. **行业主管部门的书面确认：** 企业针对未经依法审批、未经正规设计的自建站停用并开展隐患整改后，**必须经行业主管部门书面确认整改通过**，企业方可恢复使用。
2. **多部门联合现场核查：** 在集中整治阶段，辖区有关部门会组织开展联合检查，**逐一对照整治方案的内容对企业进行现场核查**。对于现场核查不符合安全条件且无法整改的，将依法进行处置。",3,0.3333333333333333,覆盖了工业企业应落实燃气安全管理制度、纳入安全生产目标及操作维护人员培训等核心责任。但未明确说明库内材料只能确认制度要求、不能确认具体企业当前整改是否通过，也未说明管理要求不记录个案检查证据和复核结果。,False
G-134,simple,有家长来咨询，孩子在广东上学、宿舍新装了空调，问我住宿费每学年加收多少，需要核实收费标准答复。,关于开展公办普通高等学校 中等职业技术学校和技工院校学生公寓（宿舍）住宿费及有关情况调查的通知,《广东公办学校学生公寓住宿费调查通知》｜新增安装空调的可在规定住宿费标准基础上每生每学年加收200元，新增安装电梯的加收100元,"AI综合所有相关权威材料后，参考性解读如下，建议点击角标查看所依据的材料原文。
根据广东省现行政策，对于学校宿舍新增安装空调的情况，有明确的加收标准。具体答复如下：
加收标准：在附表规定的住宿费标准基础上，每生每学年加收200元4。
适用条件：该标准适用于在宿舍原有“设备与条件”基础上，新增安装空调的情形4。
政策依据：此规定出自2018年发布的《关于开展公办普通高等学校 中等职业技术学校和技工院校学生公寓（宿舍）住宿费及有关情况调查的通知》，该文件对新增设施设备的收费作出了明确指引4。
特别提示：
上述每生每学年200元的加收标准，是针对“新增安装空调”这一单项设施的加收额度。最终的住宿费总额，还需结合该宿舍原有的住宿条件等级（如一般宿舍、二级公寓、一级公寓等）所对应的基础收费标准来计算46。
由于您咨询的是广州市的学校，而上述政策为广东省统一规定，普遍适用于广州。但具体到某一所学校，其最终收费标准还需以学校报经主管部门核准并公示的金额为准89。",关于开展公办普通高等学校 中等职业技术学校和技工院校学生公寓（宿舍）住宿费及有关情况调查的通知 | 广东省物价局、广东省教育厅、广东省财政厅关于2000年我省高校收费标准的通知 | 广东省发展改革委 广东省教育厅 广东省人力资源和社会保障厅关于调整普通高等学校中等职业技术学校和技工院校学生公寓（宿舍）住宿费核准方式的通知,1.0,答案明确覆盖新增安装空调在住宿费标准基础上每生每学年加收200元；未提电梯100元，但用户问题只咨询空调收费。,False,"根据广东省发展改革委、广东省教育厅和广东省人力资源社会保障厅联合发布的《关于开展公办普通高等学校 中等职业技术学校和技工院校学生公寓（宿舍）住宿费及有关情况调查的通知》（粤发改价格函〔2018〕1677号）规定：

对在规定“设备与条件”基础上，**新增安装空调的**，可在规定的住宿费标准基础上，**每生每学年加收200元**。",2,1.0,答案明确说明新增安装空调可在住宿费标准基础上每生每学年加收200元，已覆盖用户咨询的核心收费标准；虽未提电梯加收100元，但该细节非本问题重点。,False
G-135,complex,复核2022年度潮州市水利水电专业职称资历时，资历年限从本级职称评审年度几月起算，计算到申报高一级职称评审年度几月？,关于做好2022年度水利水电专业职称评审工作的通知,关于做好2022年度水利水电专业职称评审工作的通知 | 1. 职称资历年限的起算时间为本级职称评审年度：1月；2. 截止时间为申报高一级职称评审年度：12月,"AI综合所有相关权威材料后，参考性解读如下，建议点击角标查看所依据的材料原文。
根据《关于做好2022年度水利水电专业职称评审工作的通知》，对于2021年度及此后评审取得职称的人员，在复核2022年度潮州市水利水电专业职称资历时，资历年限的起算和截止时间如下：
起算时间：从本级职称评审年度的下一自然年1月1日起算101。
截止时间：计算到申报高一级职称评审年度的12月31日101。",关于做好2022年度水利水电专业职称评审工作的通知,1.0,答案明确给出起算为1月、截止为12月，实质覆盖两个参考要点。,False,"根据潮州市水务局发布的《关于做好2022年度水利水电专业职称评审工作的通知》，复核2022年度潮州市水利水电专业职称资历时，职称资历年限的起算和截止时间根据申报人**取得现职称的时间及方式**不同，具体划分为以下几种情况：

### 1. 对于2020年度及以前年度取得职称的人员：
* **起算时间**：从本级职称评审年度的 **1月**（即1月1日）起算。
* **截止时间**：计算到申报高一级职称评审年度的 **12月**（即12月31日）。
* *注：其有效材料时段的起算时间为本级职称评审年度的9月1日，截止时间为申报高一级职称评审年度的12月31日。*

### 2. 对于2021年度及此后评审取得职称的人员：
* **起算时间**：从本级职称评审年度的**下一自然年 1月**（即下一自然年1月1日）起算。
* **截止时间**：计算到高一级职称评审年度的 **12月**（即12月31日）。

### 3. 对于通过考试和认定取得职称的人员：
* **起算时间**：从**考试和认定通过之日**起算。
* **截止时间**：计算到高一级职称评审年度的 **12月**（即12月31日）。",8,1.0,答案明确给出资历年限从本级职称评审年度1月起算，计算到申报高一级职称评审年度12月，核心要点全部覆盖。,False
G-136,simple,河源市2025年度住房公积金缴存基数按什么工资口径核定，上限和下限分别是多少元？,关于开展河源市2025年度住房公积金缴存基数调整的通知,关于开展河源市2025年度住房公积金缴存基数调整的通知 | 三、缴存基数核定 住房公积金缴存基数按职工本人2024年度月平均工资核定，最高不得高于2024年河源市城镇非私营单位在岗职工月平均工资的3倍，即24273元，最低不得低于河源市全日制就业劳动者月最低工资标准，即1750元,"AI综合所有相关权威材料后，参考性解读如下，建议点击角标查看所依据的材料原文。
根据2025年6月27日发布的《关于开展河源市2025年度住房公积金缴存基数调整的通知》，河源市2025年度住房公积金缴存基数的核定方式及上下限标准如下2：
1.工资口径住房公积金缴存基数按职工本人2024年度月平均工资核定。月平均工资的计算范围，按照国家统计局的规定，包括计时工资、计件工资、奖金、津贴和补贴、加班加点工资和特殊情况下支付的工资等六个部分2。
2.上限标准缴存基数最高不得高于2024年河源市城镇非私营单位在岗职工月平均工资的3倍，即24,273元2。
3.下限标准缴存基数最低不得低于河源市全日制就业劳动者月最低工资标准，即1,750元2。",关于开展河源市2025年度住房公积金缴存基数调整的通知,1.0,答案准确覆盖了缴存基数按职工本人2024年度月平均工资核定，以及上限24273元、下限1750元。,False,"根据河源市住房公积金管理中心发布的《关于开展河源市2025年度住房公积金缴存基数调整的通知》，2025年度河源市住房公积金的缴存基数核定口径、上限和下限如下：

### 1. 工资核定口径
* **核定标准**：住房公积金缴存基数按照**职工本人2024年度的月平均工资**进行核定。
* **工资口径组成**：单位必须严格按照国家统计局发布的《关于工资总额组成的规定》（统制字〔1990〕1号文）核算职工缴存基数。月平均工资具体由以下六部分组成：
  * **计时工资**
  * **计件工资**
  * **奖金**
  * **津贴和补贴**
  * **加班加点工资**
  * **特殊情况下支付的工资**。

### 2. 缴存基数上限
* **24,273元**。
* 该上限是按照最高不得高于2024年河源市城镇非私营单位在岗职工月平均工资的3倍确定的。

### 3. 缴存基数下限
* **1,750元**。
* 该下限不得低于河源市全日制就业劳动者月最低工资标准。",8,1.0,答案完整覆盖了工资口径、缴存基数上限24273元和下限1750元。,False
G-145,partial,汕头市学校能否向随迁子女收取区别于本地学生的费用？某次收费投诉的处理结果能否从招生通知得出？,汕头市招生委员会关于做好汕头市2024年义务教育学校招生入学工作的通知,汕头市招生委员会关于做好汕头市2024年义务教育学校招生入学工作的通知 | 1. 任何学校都不得向来汕、进城务工人员随迁子女收取有别于本地户籍学生的任何费用；边界：库内材料只能确认上述制度事实，不能确认具体收费投诉当前处理结论；禁止性规则不记录个案调查和退款处理。,"AI综合所有相关权威材料后，参考性解读如下，建议点击角标查看所依据的材料原文。
好的，我们来逐一解答您的问题。
一、 汕头市学校能否向随迁子女收取区别于本地学生的费用？
答案是不能。
根据汕头市2024年义务教育学校招生入学工作的明确规定，任何学校都不得向来汕、进城务工人员随迁子女收取有别于本地户籍学生的任何费用101。该政策旨在保障随迁子女平等接受义务教育的权利，明确禁止学校在收费上对随迁子女和本地学生进行区分101。
此外，一般性的收费管理规定也要求，对同一学校同一年级的学生不得实行不同的收费标准，确保收费的公平性206。
因此，在汕头市，无论是公办学校还是民办学校，都不得以随迁子女的身份为由，设立有区别的收费项目或标准。如果遇到此类情况，属于明确的违规收费行为。
二、 某次收费投诉的处理结果能否从招生通知得出？
不能得出。
招生通知和收费投诉处理是两类性质不同的文件，其内容和目的各有侧重，收费投诉的处理结果无法从招生通知中推断出来。具体分析如下：
招生通知中会包含两部分相关内容，但均不涉及具体投诉的处理结果：
规定与纪律：招生通知会明确禁止乱收费，例如，严禁收取择校费、与招生入学挂钩的赞助费等103。同时，会公布投诉举报渠道和监督方式，如要求有关单位主动公开咨询方式、投诉举报电话和电子信箱，畅通举报和申诉受理渠道104。但这只是为后续的投诉处理提供入口和规定依据。
违规处罚原则：通知会声明对违规行为将“严肃查处”、“发现一起、查处一起、曝光一起”，并依纪依规追责问责104。然而，这仅仅是一种纲领性的态度和原则，并非针对某个具体投诉事件的最终处理决定。
收费投诉的处理结果，需要通过另外的渠道获取：
处理的依据是专门的收费管理文件和治理乱收费的要求，例如，对于群众反映投诉的收费问题，发改部门应会同有关部门加强监管，对顶风违纪的乱收费行为严肃查处209。
实际的查处结果属于具体的行政行为和信息公开范畴，通常会通过官方的通报、公示或对投诉人的点对点反馈来公布。例如，汕头市技工院校的招生工作就公布了专门的举报电话和邮箱来受理投诉201。
总结来说，招生通知告诉您“不该收费”以及“违规了就举报”，并为查处提供了纪律依据，但它本身并不包含“某次收费投诉最终是怎么处理的”这一结果。要知道具体投诉的处理结果，需要关注相关教育主管部门或价格监管部门后续发布的专项查处通报或官方回复。",汕头市招生委员会关于做好汕头市2024年义务教育学校招生入学工作的通知 | 汕头市发展和改革局汕头市教育局汕头市市场监督管理局关于进一步规范我市中小学收费管理的通知 | 汕头市招生委员会关于印发《汕头市2025年初中学业水平考试与高中阶段学校招生录取实施办法》的通知 | 汕头市发展和改革局关于重申规范我市中小学收费管理的通知 | 关于公布2025年汕头市技工教育招生院校名单的通知,1.0,答案明确覆盖不得差别收费；也说明库内招生通知只能确认制度规则，不能推出具体投诉处理结论；并指出禁止性规定不包含个案最终处理、调查或后续结果。,False,"基于汕头市及广东省的相关教育收费政策和公示管理规定，对您提出的两个问题解答如下：

### 一、 汕头市学校能否向随迁子女收取区别于本地学生的费用？

**不能收取区别于本地学生的费用。**

1. **同校同一年级统一收费原则**：根据《汕头市发展和改革局 汕头市教育局 汕头市市场监督管理局关于进一步规范我市中小学收费管理的通知》（汕市发改〔2020〕221号），各级中小学校学费收取遵循“新生新办法，老生老办法”原则，**“对同一学校同一年级的学生不得实行不同的收费标准”**。随迁子女只要入读，其学费标准必须与同校同一年级的本地学生一致。
2. **义务教育阶段免收借读费**：根据广东省《关于取消义务教育阶段借读费有关问题的通知》（粤价〔2009〕107号），自2009年1月1日起，**一律取消义务教育阶段中小学校学生借读费**。符合免费义务教育条件的外省/外市户籍随迁子女，在汕头市公办学校就读时，与本地学生同样享受免学杂费、免课本费的待遇；若就读民办学校，则按规定减除财政补助标准后缴费。
3. **严禁挂钩收费**：学校不得以随迁子女录取、入学为由，强制或变相强制家长进行捐资、赞助，严禁将捐资赞助与招生入学挂钩，亦不得自立名目收取任何形式的“赞助费”或“借读费”。

---

### 二、 某次收费投诉的处理结果能否从招生通知得出？

**不能从招生通知中得出具体处理结果。**

1. **招生通知（招生简章）的法定内容**：根据汕头市的教育收费公示制度，学校必须在招生简章（招生通知）中注明的是**前置性的规范信息**，包括：“教育收费项目、收费标准、收费依据、收（退）费办法、奖助（减免）政策、监督举报电话”等，其目的是主动向学生、家长及社会公开，以便社会各界在缴费前进行对照和监督。
2. **投诉处理结果的发布属性**：当家长或学生对学校的违规收费行为进行投诉后，相关职能部门（如发改局、教育局、市场监管局）会对投诉进行调查核实。其最终的“处理结果”（例如对学校的行政处罚、责令退费的具体执行情况、对相关责任人的通报批评或处分等）属于**行政执法结果或教育系统内部通报**（如《行政处罚决定书》、《处理通报》或给投诉人的正式答复函）。
3. **两者的本质区别**：招生通知是面向未来招生的指引性文件，**并非公布历史投诉处理结果、纠纷调解结果或行政处罚明细的法定信息公开渠道**。

**总结**：虽然通过新的招生通知可以查看学校是否已经将收费标准修正为合规标准（可间接印证整改情况），但**某次收费投诉的具体处理和处罚结果，是无法直接从学校发布的“招生通知”中获取的**，需要通过政府信息公开、官方通报或向受理投诉的部门查询获取。",7,1.0,答案明确说明不得向随迁子女收取区别费用，也指出材料/招生通知只能体现制度和收费公示，不能得出具体投诉处理结论，且禁止性规则或招生通知不记录个案调查、退款等处理结果。,False
G-152,simple,潮州市声环境功能区划中的‘交通干线边界’分别如何确定：有无人行道的市政道路、高架道路、公路和铁路各取哪条边界线？,潮州市生态环境局关于对《潮州市声环境功能区划分方案》的补充说明,潮州市生态环境局关于对《潮州市声环境功能区划分方案》的补充说明 | 一、“交通干线边界”是指城市交通干线中各级市政道路与人行道的交界线，无人行道的高架道路地面投影边界，各级公路的边界线，铁路交通用地边界线,"AI综合所有相关权威材料后，参考性解读如下，建议点击角标查看所依据的材料原文。
根据潮州市生态环境局发布的《〈潮州市声环境功能区划分方案〉的补充说明》，“交通干线边界”的具体定义如下1：
潮州市声环境功能区划中的交通干线边界是指：
城市交通干线中各级市政道路与人行道的交界线1（针对有人行道的市政道路）。
无人行道的高架道路地面投影边界1（针对无人行道的高架道路）。
各级公路的边界线1（针对公路）。
铁路交通用地边界线1（针对铁路）。",潮州市生态环境局关于对《潮州市声环境功能区划分方案》的补充说明,1.0,答案完整覆盖了交通干线边界的定义，包括市政道路与人行道交界线、无人行道高架道路地面投影边界、公路边界线和铁路交通用地边界线。,False,"根据潮州市生态环境局发布的**《关于对〈潮州市声环境功能区划分方案〉的补充说明》**及国家《声环境质量标准》（GB 3096-2008）和《声环境功能区划分技术规范》（GB/T 15190-2014）的相关规定，潮州市声环境功能区划中的“交通干线边界”各项确定方式如下：

### 1. 市政道路（有/无人行道）
* **有人行道的市政道路**：取 **各级市政道路与人行道的交界线** 为边界线。
* **无人行道的市政道路**：在潮州市的补充说明及国家相关划分技术规范中，市政道路若不设人行道，在实际声环境管理和监测中通常以 **道路红线** 或 **最外侧车道边缘线** 作为其交通干线的边界线。

### 2. 高架道路
* 取 **无人行道的高架道路地面投影边界** 为边界线。

### 3. 公路
* 取 **各级公路的边界线** 为边界线。

### 4. 铁路
* 取 **铁路交通用地边界线** 为边界线。

---

**补充说明：**
确定上述交通干线边界线后，在交通干线边界线外一定距离（根据相邻区域的声环境功能区类别，通常为20米、35米或50米不等）之内的区域将被划分为 **4类声环境功能区**。",9,1.0,答案覆盖了市政道路与人行道交界线、无人行道高架道路地面投影边界、公路边界线、铁路交通用地边界线等核心要点；虽对无人行道市政道路有额外表述，但不影响参考要点覆盖。,False
G-153,complex,复盘河源市基础设施供给侧改革目标时，行政村自来水覆盖率和农村自来水普及率分别要求达到多少？,河源市人民政府关于印发河源市推进基础设施供给侧结构性改革实施方案的通知,河源市人民政府关于印发河源市推进基础设施供给侧结构性改革实施方案的通知 | 1. 实现行政村自来水覆盖率：90%；2. 农村自来水普及率：85%,"AI综合所有相关权威材料后，参考性解读如下，建议点击角标查看所依据的材料原文。
好的，关于河源市基础设施供给侧改革目标中涉及的行政村自来水覆盖率和农村自来水普及率，为您梳理如下。
根据检索到的政策文件，与您问题直接相关的2020年目标出自《印发河源市村村通自来水工程建设方案的通知》：
行政村村村通自来水覆盖率：要求达到90%以上101。
农村自来水普及率：要求达到90%以上101。
需要特别说明的是，以上两个明确指标出自2012年发布的《河源市村村通自来水工程建设方案》，其中设定的达标年份为2020年101。在《河源市推进基础设施供给侧结构性改革实施方案的通知》（2017年）这份与您问题主题更直接对应的文件中，其总体要求部分仅提及要补齐“水安全保障”等供给短板，并未对这两个指标提出新的具体百分比目标105。
另外，在部分其他政策文件中，使用了“农村集中式供水人口比例”这一类似但概念范围略有差异的指标，其2020年目标同样为90%103。",印发河源市村村通自来水工程建设方案的通知 | 河源市人民政府关于印发河源市推进基础设施供给侧结构性改革实施方案的通知 | 河源市人民政府办公室关于印发河源市城乡环境卫生整洁行动实施方案（2015—2020年）的通知,0.5,答案正确覆盖行政村自来水覆盖率90%，但将农村自来水普及率答为90%以上，未覆盖参考要点的85%。,False,"在复盘河源市基础设施供给侧改革（特别是针对农村饮水安全和水利基础设施建设）的相关目标时，根据不同的具体规划文件，其指标要求如下：

### 背景一：依据《河源市村村通自来水工程建设方案》
作为河源市水利基础设施供给侧改革和建设的核心方案，该方案明确了“村村通自来水”建设的目标任务：
*   **行政村自来水覆盖率**：要求达到 **90%以上**。
*   **农村自来水普及率**：要求达到 **90%以上**。
*   *（注：同时要求农村生活饮用水水质合格率也达到 90%以上）*。

---

### 背景二：依据《供给侧结构性改革补短板行动方案》及相关配套目标
在广东省及河源市统一推行的《供给侧结构性改革补短板行动方案（2016—2018年）》中，针对全省及各市补齐农村软硬基础设施短板的通用考核指标要求：
*   **行政村自来水覆盖率**：要求达到 **90%以上**（或90%左右）。
*   **农村自来水普及率**：要求达到 **85%以上**（或85%左右）。

您可以根据您正在复盘的特定政策文本（市级“村村通”专项方案或供给侧补短板通用方案）对照上述相应的具体数值。",3,1.0,答案虽列出不同口径，但明确覆盖了行政村自来水覆盖率90%和农村自来水普及率85%的参考要点。,False
G-156,complex,韶关市2024年度水利水电职称有效材料从本级评审年度几月起算，截止到申报高一级职称年度几月？,关于做好韶关市2024年度水利水电专业技术职称评审（初、中级）工作的通知,关于做好韶关市2024年度水利水电专业技术职称评审（初、中级）工作的通知 | 1. 有效材料时段的起算时间为本级职称评审年度：9月；2. 截止时间为申报高一级职称评审年度：12月,"AI综合所有相关权威材料后，参考性解读如下，建议点击角标查看所依据的材料原文。
根据您的问题，韶关市2024年度水利水电专业技术职称评审的有效材料起止时间，需根据您取得本级职称的方式和年度来确定。具体规定如下：
1.对于2020年度及以前年度评审取得职称的人员
评审高一级职称时，有效材料时段的起算时间为本级职称评审年度的9月1日，截止时间为申报高一级职称评审年度的12月31日2。
2.对于2021年度及此后评审取得职称的人员
评审高一级职称时，有效材料时段的起算时间为本级职称评审年度的下一自然年1月1日，截止时间为申报高一级职称评审年度的12月31日2。
3.对于通过考试和认定取得职称的人员
评审高一级职称时，有效材料时段的起算时间为考试和认定通过之日，截止时间为高一级职称评审年度的12月31日2。
举例说明（以申报韶关市2024年度职称评审为例）：
情况A：若您是2020年评审取得中级职称，申报2024年度高级职称，则有效材料时段为2020年9月1日至2024年12月31日。
情况B：若您是2021年评审取得中级职称，申报2024年度高级职称，则有效材料时段为2022年1月1日至2024年12月31日。
请注意：以上信息均来自《关于做好韶关市2024年度水利水电专业技术职称评审（初、中级）工作的通知》，该文件的发布日期为2024年11月27日，您可依据此规定界定您的有效材料时段2。",关于做好韶关市2024年度水利水电专业技术职称评审（初、中级）工作的通知,1.0,答案明确提到本级职称评审年度9月1日起算，并提到截止至申报高一级职称评审年度12月31日，覆盖两个要点。,False,"根据韶关市水务局发布的《关于做好韶关市2024年度水利水电专业技术职称评审（初、中级）工作的通知》及相关政策，申报高一级职称时，**有效材料时段的起算和截止月份**根据申报人当前职称的取得方式和取得年度而有所不同：

### 一、 申报高一级职称有效材料时段界定：

1. **对于2020年度及以前年度【通过评审】取得职称的人员：**
   * **起算时间：** 本级职称评审年度的 **9月**（具体为9月1日）起算。
   * **截止时间：** 申报高一级职称评审年度的 **12月**（具体为12月31日）。

2. **对于2021年度及此后【通过评审】取得职称的人员：**
   * **起算时间：** 本级职称评审年度的下一自然年 **1月**（具体为下一自然年1月1日）起算。
   * **截止时间：** 申报高一级职称评审年度的 **12月**（具体为12月31日）。

3. **对于通过【考试和认定】取得职称的人员：**
   * **起算时间：** **考试和认定通过之日**。
   * **截止时间：** 申报高一级职称评审年度的 **12月**（具体为12月31日）。

---

### 💡 补充参考：资历年限起算与截止时间
（如果您需要核对您的**资历年限**是否满足要求，其起算和截止规则如下，与有效材料略有不同）：
* **2020年度及以前年度评审取得：** 起算时间为本级评审年度的 **1月1日**，截止时间为申报高一级年度的 **12月31日**。
* **2021年度及此后评审取得：** 起算时间为本级评审年度下一自然年的 **1月1日**，截止时间为申报高一级年度的 **12月31日**。
* **通过考试和认定取得：** 起算时间为**考试和认定通过之日**，截止时间为申报高一级年度的 **12月31日**。",10,1.0,明确写出本级评审年度9月起算、申报高一级职称年度12月截止，核心要点全覆盖。,False
G-157,simple,我们在规划和平县义务教育学校布局，服务半径中学和小学分别按多少测算，需要核实。,和平县人民政府关于印发关于和平县义务教育发展专项行动方案（2021-2025年）的通知,《和平县义务教育发展专项行动方案》｜县城学校服务半径按中学2公里、小学1.5公里测算，覆盖率为100%,"AI综合所有相关权威材料后，参考性解读如下，建议点击角标查看所依据的材料原文。
根据和平县县城的实际情况，中学服务半径按2公里测算，小学服务半径按1.5公里测算，覆盖率为100%2。
对于和平县农村小规模学校的布局调整，原则上学生上学距离须在5公里范围或20分钟车程内才能撤并优化；但在充分征求群众意愿且有效解决学生上下学交通和食宿问题及其费用的前提下，可适当扩展距离范围1。
检索材料不足以完整回复，以上仅供参考。",和平县人民政府关于印发关于和平县义务教育发展专项行动方案（2021-2025年）的通知 | 和平县人民政府办公室关于印发和平县农村小规模学校优化提升工作方案的通知,1.0,答案明确给出县城中学2公里、小学1.5公里测算，并提到覆盖率100%，完全覆盖参考要点,False,"根据检索到的和平县相关政策文件，在规划和平县义务教育学校布局时，关于学校服务半径及上学距离的测算标准核实如下：

### 1. 县城学校服务半径测算标准
根据《和平县义务教育发展专项行动方案（2021-2025年）》，县城学校的建成服务半径测算标准为：
* **中学**：按 **2公里** 服务半径测算。
* **小学**：按 **1.5公里** 服务半径测算。

*(在此测算标准下，和平县城学校服务半径覆盖率为100%)*

### 2. 农村学校布局调整（撤并优化）测算标准
根据《和平县农村小规模学校优化提升工作方案》，在对农村小规模学校进行撤并优化、调整学校布局时：
* 原则上学生上学距离须控制在 **5公里范围** 或 **20分钟车程内**。
* *(注：在充分征求群众意愿，且有效解决学生上下学交通和食宿问题及费用的前提下，可适当扩展该距离范围)*",5,1.0,答案明确给出县城学校服务半径中学2公里、小学1.5公里，并提到覆盖率为100%，完整覆盖参考要点,False
G-158,simple,潮州市义务教育学校能否选用境外教材；普通高中确需选用时应按什么规定办理？,潮州市教育局关于印发《潮州市中小学教材选用管理办法》的通知,潮州市教育局关于印发《潮州市中小学教材选用管理办法》的通知 | 义务教育学校不得选用境外教材，普通高中一般不得选用境外教材，确需选用的，按照《广东省中小学校选用境外教材管理的实施细则（试行）》和国家有关政策执行,"AI综合所有相关权威材料后，参考性解读如下，建议点击角标查看所依据的材料原文。
根据《潮州市中小学教材选用管理办法》（2024年8月22日发布），现就您的问题答复如下：
一、义务教育学校能否选用境外教材？
不得选用。管理办法明确规定：“义务教育学校不得选用境外教材”2。因此，潮州市范围内的义务教育学校一律不得选用境外教材。
二、普通高中确需选用境外教材时，按什么规定办理？
普通高中一般不得选用境外教材；确需选用的，应当按照《广东省中小学校选用境外教材管理的实施细则（试行）》以及国家有关政策执行2。
需要特别说明的是，目前提供的检索内容中未包含该实施细则的具体条款和办理流程细节。建议您进一步查阅《广东省中小学校选用境外教材管理的实施细则（试行）》原文，或直接咨询潮州市教育局，以便获取完整的申报条件、审批流程等办理要求。
此外，潮州市教育局是我市中小学教材选用单位；经潮州市教育局同意，个别普通高中学校也可作为教材选用单位，并组织成立教材选用委员会负责相关工作3。这可能与后续具体选用程序有关，但具体如何衔接上述实施细则，仍需以实施细则的规定为准。",潮州市教育局关于印发《潮州市中小学教材选用管理办法》的通知,1.0,答案明确说明义务教育学校不得选用境外教材，普通高中一般不得选用，确需选用时按《广东省中小学校选用境外教材管理的实施细则（试行）》和国家有关政策执行，完整覆盖参考要点。,False,"根据2024年8月22日潮州市教育局印发的**《潮州市中小学教材选用管理办法》**（潮教字〔2024〕32号），关于选用境外教材的规定如下：

### 一、 潮州市义务教育学校能否选用境外教材？
* **明确结论：不能选用。**
* **政策依据：** 该管理办法第三条中明确规定：**“义务教育学校不得选用境外教材”**。

---

### 二、 普通高中确需选用境外教材时应按什么规定办理？
* **基本原则：** 普通高中**“一般不得选用境外教材”**。
* **办理规定：** 如确因教学需要而需要选用的，应当**“按照《广东省中小学校选用境外教材管理的实施细则（试行）》和国家有关政策执行”**。

根据国家教育部《学校选用境外教材管理办法》及广东省相关配套政策，普通高中确需选用境外教材时，通常须遵循以下规定与程序办理：

1. **选用原则**：
   坚持“按需选用、为我所用、严格把关”的原则。境外教材必须符合我国宪法和法律法规，符合中国国情，不得存在任何违背一个中国原则、抹黑中国形象、宣扬错误价值导向等政治性、方向性问题。
2. **严审关口（政治和学术双重审核）**：
   选用学校必须对拟选用的境外教材组织有关专家进行严格的政治审查和学术审查，提出选用论证报告，由学校党组织、校级管理会议进行前置把关和集体研究决定。
3. **申报与审批程序**：
   普通高中拟选用境外教材，必须按规定向主管教育行政部门（市、区教育局）提出申请。经属地教育行政部门初审并报请**省级教育行政部门（广东省教育厅）**进行严格的最终审核或备案。只有通过省级教育行政部门审核同意后，学校方可正式选用并征订、使用。
4. **动态监管与评估**：
   选用学校对境外教材的使用须实行动态管理，定期进行使用监测与评估。如在使用过程中发现教材内容、插图存在政治方向或价值观偏离，或者教材修订后不符合我国相关规定，应当立即停止使用，并按程序重新选用其他合规教材。",4,1.0,答案明确写出义务教育学校不得选用境外教材、普通高中一般不得选用，且确需选用时按《广东省中小学校选用境外教材管理的实施细则（试行）》和国家有关政策执行，核心要点已覆盖。,False
G-164,simple,我们在审核东莞万江产业高质量发展奖励资金申报，有企业问哪些违规情形会被一票否决，需要核实不予奖励情形答复。,关于受理2024年度万江街道扶持产业高质量发展奖励资金申报的通知,《万江街道扶持产业高质量发展奖励资金申报》｜不予奖励情形：企业被列入失信被执行人黑榜；单次处罚罚款没收合计10万元及以上等,"AI综合所有相关权威材料后，参考性解读如下，建议点击角标查看所依据的材料原文。
2024年度因违法被执法部门查处或正在被调查中：企业2024年度因违法被执法部门查处，或正在被其他有关行政部门调查中的，不予奖励和资助1。
被列入失信黑名单：企业被列入信用中国平台“失信被执行人名单（全国红黑名单）”中的“黑榜”名单的，不予奖励和资助1。
受到特定行政处罚或刑事处罚且金额达标：企业在生产经营活动中违反有关财经、税务、市场监管、环保、节能、劳动、社保、安全生产、住房公积金等方面（不含海关）法律、法规、规章受到行政处罚或者刑事处罚，且2024年1月1日以来单次处罚中罚款、没收违法所得和没收非法财物价值金额合计10万元及以上的，不予奖励和资助1。
检索材料不足以完整回复，以上仅供参考。",关于受理2024年度万江街道扶持产业高质量发展奖励资金申报的通知,1.0,答案明确覆盖失信被执行人黑榜不予奖励，以及单次处罚罚没合计10万元及以上不予奖励情形。,False,"根据《关于受理2024年度万江街道扶持产业高质量发展奖励资金申报的通知》及《万江街道推动科技创新 扶持产业高质量发展奖励暂行办法（2023年修订）》，企业在申报该奖励资金时，若存在以下任一违规或失信情形，将不予奖励和资助（即一票否决）：

1. **违法查处或调查中**：企业在2024年度因违法被执法部门查处，或正在被其他有关行政部门调查中。
2. **列入失信黑名单**：企业被列入信用中国平台“失信被执行人名单（全国红黑名单）”中的“黑榜”名单。
3. **严重行政或刑事处罚**：企业在生产经营活动中，因违反有关财经、税务、市场监管、环保、节能、劳动、社保、安全生产、住房公积金等方面（不含海关）的法律、法规、规章而受到行政处罚或刑事处罚，且自2024年1月1日以来，**单次处罚中罚款、没收违法所得和没收非法财物价值金额合计在10万元及以上**。",4,1.0,答案明确覆盖失信被执行人黑榜不予奖励，以及单次处罚罚款没收合计10万元及以上不予奖励。,False
G-179,complex,我们在调研各地公租房准入标准，需要对比龙川和端州两地。两地公租房对家庭财产/资产分别怎么卡线？,龙川县人民政府办公室关于公布2025年龙川县老隆镇公共租赁住房供应对象相关标准的通知;肇庆市端州区住房和城乡建设局关于印发2025年端州区公共租赁住房申请准入条件的通知,"龙川《2025年老隆镇公共租赁住房供应对象相关标准》：住房困难按人均住房建筑面积低于15㎡；财产困难——家庭成员无工商注册或年营业额15万元以下、无机动车或仅一辆且价值8万元以下
肇庆端州《2025年公共租赁住房申请准入条件》：家庭人均可支配收入≤34938元/年（2912元/月）、家庭资产净值人均≤8万元
差异：龙川按“营业额15万/车值8万”卡财产，端州按“资产净值人均8万”卡资产","AI综合所有相关权威材料后，参考性解读如下，建议点击角标查看所依据的材料原文。
好的，我们来为您横向对比河源市龙川县与肇庆市端州区两地在公租房准入标准中对家庭财产/资产的要求。
需要明确的是，两地对于财产的规定方式有所不同：
龙川县：采用的是财产项目限制的方式，即直接规定家庭成员名下不能拥有某些特定资产，或对特定资产的价值进行限制。
端州区：采用的是核定资产净值上限的方式，即设定一个家庭或个人的资产价值总额标准，申请时需对资产进行审核。
以下为两地具体规定对比：
一、 龙川县（老隆镇）公租房财产规定
龙川县在2025年针对老隆镇公共租赁住房的供应对象，公布了具体的“财产困难标准”，主要从工商注册登记和机动车辆两方面进行限制：
工商注册及营业额限制： 家庭成员无工商注册登记；如有工商注册登记，则其上一年度的营业额须在15万元以下（不含15万元）103。
机动车辆限制： 家庭成员名下无机动车辆（摩托车和特定残疾人专用代步车辆除外）；或仅拥有一辆机动车，且该车的购买价值（以购买时发票金额为准）在8万元以下（不含8万元）103。这里所指的机动车辆包括轿车和经营性机动车103。
请注意：以上财产规定适用于龙川县老隆镇的城镇中等偏下收入住房困难家庭。该范围小于您问题中的“龙川”整体地域，申请时需确认您所指的房源是否在此限定区域内。
二、 端州区公租房财产规定
端州区的财产规定以“家庭资产净值”或“个人资产净值”的形式体现，并且根据申请家庭类型的不同，标准也有所差异。
低收入住房困难家庭： 需满足家庭人均资产净值8万元（含）以下201。
优抚对象家庭（如退役军人、烈士遗属等）： 需满足家庭人均资产净值8万元（含）以下202。
单身人士： 年龄在23-65周岁（不含65周岁）、具有完全民事行为能力的单身人士（包括端州区户籍人士、稳定就业异地务工人员、端州区户籍的优抚对象、环卫工人等）单独申请时，需满足个人资产净值10万元（含）以下203。
对比总结
对比维度河源市龙川县（老隆镇）肇庆市端州区管控方式对特定财产项目（车辆、工商注册）进行有无及价值限制。对家庭/个人总资产进行净值限额。核心标准1.工商注册：有注册则年营业额＜15万元103。
2.机动车：名下无车，或仅有1辆价值＜8万元103。1.住房困难家庭/优抚对象：家庭人均资产净值≤8万元201202。
2.单身人士：个人资产净值≤10万元203。适用对象城镇中等偏下收入住房困难家庭103。不同类型申请家庭/个人，标准不同201202203。地域范围提示该标准适用于龙川县老隆镇103。该标准适用于端州区201202203。总体上，两地卡线的逻辑不同，无法直接用同一个数值进行比较。龙川县侧重于考察申请人是否拥有潜在的生产资料（车辆、企业），而端州区则侧重于对家庭总资产规模进行整体把控。",龙川县人民政府办公室关于公布2025年龙川县老隆镇公共租赁住房供应对象相关标准的通知 | 肇庆市端州区住房和城乡建设局关于印发2025年端州区公共租赁住房申请准入条件的通知,1.0,答案准确覆盖龙川按工商注册/营业额15万和车辆8万卡财产、端州按家庭人均资产净值8万卡资产，并说明两地口径差异；未提到龙川人均住房面积低于15㎡。,False,"根据检索到的参考文献，龙川（以老隆镇2025年标准为例）与端州两地2025年公租房准入中对于家庭财产/资产的卡线标准如下：

### 一、 龙川县（老隆镇2025年标准）
根据《2025年龙川县老隆镇公共租赁住房供应对象相关标准的通知》，其财产困难标准卡线如下：
1. **工商注册限制**：家庭成员无工商注册登记，或虽有工商注册登记但上年度营业额在 **15万元以下（不含15万元）**。
2. **机动车辆限制**：家庭成员无机动车辆（含轿车或经营性机动车，摩托车和特定残疾人专用代步车辆除外），或仅有一辆机动车且价值在 **8万元以下（不含8万元，以购买时发票金额为准）**。

---

### 二、 端州区（2025年标准）
根据《2025年端州区公共租赁住房申请准入条件的通知》，其家庭资产与财产卡线标准如下：
1. **资产净值限制**：
   - **普通家庭**（含端州区户籍的低收入住房困难家庭、稳定就业异地务工人员、烈士遗属等特定优抚对象、环卫工人）：**家庭资产净值人均 8万元（含）以下**。
   - **单身人士**（上述类别中符合条件的单身人士单独申请）：**个人资产净值 10万元（含）以下**。
2. **机动车辆限制**：
   - 申请人及共同申请人**无机动车辆**（新就业无房职工和端州区在职消防救援人员类别除外；通知原文备注“申请家庭成员名下拥有机动车、燃油摩托车、电瓶车除外”）。",7,1.0,答案未提龙川人均住房面积15㎡；但覆盖了龙川工商/车辆财产卡线、端州家庭资产净值人均8万元，并概括了两地按营业额车值 vs 资产净值卡线的差异。,False
G-181,simple,同一举报人在韶关市获得消防安全违法行为举报奖励时，每月和每年的累计金额上限分别是多少？,韶关市消防救援支队关于印发《韶关市消防安全违法行为举报奖励办法》的通告,韶关市消防救援支队关于印发《韶关市消防安全违法行为举报奖励办法》的通告 | 同一举报人每月在本市奖励金额累计不超过人民币500元，每年在本市奖励金额累计不超过人民币3000元,"AI综合所有相关权威材料后，参考性解读如下，建议点击角标查看所依据的材料原文。
根据《韶关市消防安全违法行为举报奖励办法》，同一举报人在韶关市获得消防安全违法行为举报奖励时，累计金额上限如下：
每月累计奖励金额不超过人民币500元1。
每年累计奖励金额不超过人民币3000元1。
（注：以上信息依据《韶关市消防救援支队关于印发〈韶关市消防安全违法行为举报奖励办法〉的通告》，发布日期为2025年06月24日。）",韶关市消防救援支队关于印发《韶关市消防安全违法行为举报奖励办法》的通告,1.0,答案准确覆盖同一举报人每月累计不超过500元、每年累计不超过3000元的上限。,False,"根据2025年6月24日由韶关市消防救援支队发布的《韶关市消防安全违法行为举报奖励办法》第七条规定，同一举报人在韶关市获得消防安全违法行为举报奖励时，其累计金额上限如下：

* **每月累计上限**：人民币 **500元**。
* **每年累计上限**：人民币 **3000元**。

该《办法》自2025年6月印发之日起施行，有效期为五年。",4,1.0,答案明确给出同一举报人每月累计不超过500元、每年累计不超过3000元，完全覆盖参考要点,False
G-182,simple,居民家庭在潮州市使用商业性个人住房贷款购房时，首套和二套是否区分，最低首付款比例统一为多少？,关于印发《潮州市进一步优化房地产市场高质量发展政策措施》的通知,关于印发《潮州市进一步优化房地产市场高质量发展政策措施》的通知 | 对于贷款购买住房的居民家庭，商业性个人住房贷款不再区分首套、二套住房，最低首付款比例统一为15%,"AI综合所有相关权威材料后，参考性解读如下，建议点击角标查看所依据的材料原文。
根据潮州市最新发布的政策，居民家庭在潮州市使用商业性个人住房贷款购买住房时，不再区分首套、二套住房，最低首付款比例统一为 15%，同时取消商业性个人住房贷款利率下限1。",关于印发《潮州市进一步优化房地产市场高质量发展政策措施》的通知,1.0,答案明确说明商业性个人住房贷款不再区分首套、二套，最低首付款比例统一为15%，覆盖参考要点。,False,"根据潮州市住房和城乡建设局等部门印发的最新政策规定，居民家庭在潮州市使用商业性个人住房贷款购房时，相关政策如下：

### 1. 首套和二套是否区分？
**不再区分。** 对于贷款购买住房的居民家庭，商业性个人住房贷款不再区分首套住房和二套住房。

### 2. 最低首付款比例统一为多少？
最低首付款比例**统一为15%**。

---

### 补充相关配套政策（供您参考）：

* **取消贷款利率下限**：在统一首付比例的同时，潮州市已取消了商业性个人住房贷款的利率下限，具体利率由银行等金融机构根据市场化原则与借款人自主协商确定。
* **优化住房套数认定标准**：居民家庭在贷款购房时，套数认定以**“县/区”**为单位。只要家庭成员在拟购房的县、区（如湘桥区、潮安区、饶平县等）内无成套住房的，银行业金融机构即按首套住房信贷政策执行。此外，农村宅基地住房、自建房不计入家庭的住房套数认定中。
* **对比——住房公积金贷款首付比例**：
  如果居民家庭选择申请**住房公积金贷款**购买潮州市的新建商品住房，其最低首付款比例统一为**20%**（购买保障性住房的，最低首付比例为15%）。",8,1.0,答案明确说明商业性个人住房贷款不再区分首套和二套，且最低首付款比例统一为15%，完全覆盖参考要点。,False
G-184,complex,我们在核定低保户阶梯电价优惠，需要核实免费电量和居民电价。低保户和五保户家庭每月每户扣减多少免费电量？哪几个市居民电价统一降到了每千瓦时0.70元再实行阶梯电价？,关于我省居民生活用电试行阶梯电价有关问题的通知;关于执行居民阶梯电价有关问题的通知,"广东《居民生活用电试行阶梯电价的通知》(40947454)：对全省城乡低保户和农村五保户家庭每户每月设置15千瓦时免费用电基数，由供电企业抄表收费时直接扣减；汕头、潮州、揭阳、汕尾、云浮5市居民电价统一降低到0.70元/千瓦时、在此基础上实行阶梯电价
广东《执行居民阶梯电价有关问题的通知》(40765567)：低保户和五保户家庭每户每月用电量由供电企业抄表收费时直接扣减15千瓦时免费电量后再执行阶梯电价，当月用电不足15千瓦时的按实际用电量扣减
推导：低保户/五保户每户每月免费扣减15千瓦时；汕头/潮州/揭阳/汕尾/云浮5市居民电价先降至0.70元/千瓦时再叠阶梯","AI综合所有相关权威材料后，参考性解读如下，建议点击角标查看所依据的材料原文。
您好，关于您提出的低保户阶梯电价优惠和特定城市居民电价问题，依据相关文件，为您梳理如下：
关于低保户和五保户的免费电量
根据省级文件规定，全省城乡“低保户”和农村“五保户”家庭，每户每月可享受15千瓦时的免费用电基数101301。这部分电量会在您缴纳电费时，由供电企业抄表收费时直接扣减，然后再计算阶梯电费。如果当月用电量不足15千瓦时，则按照实际用电量进行扣减301。
关于居民电价统一降至0.70元再实行阶梯电价的市
根据文件规定，对汕头、潮州、揭阳、汕尾和云浮这5个市的居民电价，统一降低到每千瓦时0.70元，并在此基础上实行阶梯电价102。
温馨提示：
政策时效性：以上关于免费电量和电价调整的规定均出自2012年发布的通知，政策发布至今时间较长101102301。建议您通过官方渠道（如广东电网或当地供电局）核实当前是否有新的调整或补充规定。
办理手续：享受免费电量优惠，需要用户凭民政部门出具的有效证件到供电企业办理相关手续301。",关于我省居民生活用电试行阶梯电价有关问题的通知 | 关于执行居民阶梯电价有关问题的通知,1.0,答案明确说明低保/五保每户每月扣减15千瓦时、由供电企业抄表收费时扣减且不足按实际扣减，并列出汕头、潮州、揭阳、汕尾、云浮5市电价降至0.70元/千瓦时后实行阶梯电价，覆盖全部要点,False,"根据检索到的参考文献，相关问题的解答如下：

* **低保户和五保户家庭每月每户扣减多少免费电量？**
  城乡“低保户”和农村“五保户”家庭每户每月扣减 **15千瓦时** 的免费电量。在抄表收费时由供电企业直接扣减，对于当月用电量不足15千瓦时的，按照实际用电量扣减。

* **哪几个市居民电价统一降到了每千瓦时0.70元再实行阶梯电价？**
  **汕头、潮州、揭阳、汕尾和云浮**5个市。",4,1.0,答案明确给出每户每月扣减15千瓦时免费电量，并列出汕头、潮州、揭阳、汕尾、云浮5市，覆盖全部核心要点。,False
G-187,simple,企业办理跨区域迁移登记时，迁入地和迁出地登记机关能否限制迁移，法定例外是什么？,市场监管总局 人力资源社会保障部 住房城乡建设部 税务总局关于推动高效办成企业迁移登记“一件事”的指导意见,市场监管总局 人力资源社会保障部 住房城乡建设部 税务总局关于推动高效办成企业迁移登记“一件事”的指导意见 | 迁入地、迁出地登记机关不得限制、妨碍企业跨区域迁移，法律、行政法规规定不得迁移的情形除外,"AI综合所有相关权威材料后，参考性解读如下，建议点击角标查看所依据的材料原文。
迁入地和迁出地登记机关不得限制、妨碍企业跨区域迁移，法律、行政法规规定不得迁移的情形除外1。
对于税务迁移，税务机关严禁协助阻拦纳税人正常迁移，严禁违规发起风险任务阻断纳税人迁移，严禁额外增设条件门槛阻碍纳税人迁移5。
法定例外情形：
依据法律、行政法规明确规定不得迁移的情形，登记机关可以限制迁移1。
税务迁移的特殊规定：
纳税人存在未办结涉税事项的，税务机关应限时办结或根据纳税人选择终结事项，不得以此为由阻碍迁移2。
纳税人存在未完成风险任务的，低风险即时办理迁移手续，中、高风险按规定限时完成风险应对后及时办理迁移手续3。
迁入地税务机关需提供“一站式”迁入服务，保障纳税人相关权益和资质得以延续4。
广东省内特殊情形：
食品小作坊搬迁跨越行政区域的，应注销原登记证，在迁入地重新申请，不适用普通企业的迁移登记流程7。",市场监管总局 人力资源社会保障部 住房城乡建设部 税务总局关于推动高效办成企业迁移登记“一件事”的指导意见 | 国家税务总局关于进一步便利纳税人跨区迁移 服务全国统一大市场建设的通知 | 广东省市场监督管理局关于印发食品生产加工小作坊登记管理办法的通知,1.0,答案明确说明迁入地、迁出地登记机关不得限制、妨碍企业跨区域迁移，并指出法律、行政法规规定不得迁移的情形除外，完整覆盖参考要点。,False,"企业办理跨区域迁移登记时，迁入地和迁出地登记机关**能否限制迁移**，以及其**法定例外**是什么，具体规定如下：

### 一、 核心结论：能否限制迁移？
**不能限制。** 
在无特殊法定事由的情况下，迁入地和迁出地的登记机关**均不得限制、妨碍**企业跨区域迁移。企业在办理跨区域迁移登记时，登记机关应当依法、高效予以办理，坚决破除地方保护主义，不得擅自设置门槛或拖延办理。

---

### 二、 法律依据
根据《中华人民共和国市场主体登记管理条例》第二十七条：
> “市场主体变更住所或者主要经营场所跨登记机关管辖区域的，应当向迁入地登记机关申请变更登记。迁出地登记机关应当及时将市场主体登记档案移交迁入地登记机关。
> **迁入地、迁出地登记机关不得限制、妨碍市场主体跨区域迁移。法律、行政法规规定不得迁移的除外。**”

根据这一条款，我国在法律层面上确立了“自由迁移”的原则，任何地方政府和登记机关都不能违规扣押档案或增设条件阻碍企业迁移。

---

### 三、 什么是“法定例外”？
“法定例外”是指**“法律、行政法规规定不得迁移的情形”**。结合《市场主体登记管理条例》及其实施细则、相关司法解释和国家部委（如税务、司法部门）的最新规定，以下情形属于法定的限制迁移范围：

1. **股权冻结或财产限制（司法/有权机关限制）**：
   * 如果企业股权已被人民法院、监察机关、公安机关等有权机关依法冻结，或者企业财产被依法查封，在冻结或限制期限届满前（且未取得有权机关解除限制的文书），登记机关不予办理住所变更（迁移）或注销登记。
2. **立案调查或行政强制期间**：
   * 企业因涉嫌违法违规正在被登记机关或其他监管部门立案调查，或者已被采取行政强制措施，在调查处理完毕、处罚执行完毕或相关行政强制措施解除前，通常不得办理迁移登记。
3. **存在涉税未结案件或中高风险稽查**：
   * 企业如果存在未结案的重大涉税违法案件、正处于税务稽查阶段，或者属于中、高风险纳税人且未在限时内完成风险应对的，税务及登记机关会限制或暂缓其迁移。
4. **处于清算、注销、吊销营业执照状态**：
   * 企业已被依法吊销营业执照、被责令关闭、被撤销登记或已进入清算程序，不能再办理住所迁移，只能依法开展清算并办理注销登记。
5. **歇业期间或处于非正常状态**：
   * 企业在歇业备案期间，或者被列入严重违法失信名单且未被移出等特定异常状态下，其变更登记会受到严格的法定审查或限制。

---

### 四、 最新政策动态：高效办成企业迁移“一件事”
为了进一步破除地方保护，畅通生产要素流动，国家多部委近年来出台了多项便利化举措：
* **“一地申办、一次办结”**：市场监管总局等四部门发布的《关于推动高效办成企业迁移登记“一件事”的指导意见》（2025年4月发布）明确规定，将企业往返两地办理的繁琐流程，整合为向迁入地提交一次申请即可办理，档案由登记机关在线传递（不再要求企业线下跑动）。
* **严禁无故阻拦**：国家税务总局《关于进一步便利纳税人跨区迁移 服务全国统一大市场建设的通知》（2024年9月起执行）中，严禁违规发起风险任务阻断纳税人迁移，对于低风险未办结事项，采取“即时办理、迁入地跟踪处理”的方式提速，严厉打击地方保护主义。",12,1.0,答案明确说明迁入地、迁出地登记机关不得限制、妨碍企业跨区域迁移，并指出法律、行政法规规定不得迁移的情形除外，覆盖参考要点。,False
G-190,complex,我们在经办燃气工程审批，需要核实湛江和潮州两地规则。湛江投资额100万以内的燃气工程要不要办施工许可证？潮州现有住宅小区的中压燃气管道设计压力定多少、要不要兼容两种气源？,湛江市住房和城乡建设局关于进一步加强燃气工程建设管理的通知;关于加强管道燃气管理工作的通知,"湛江《进一步加强燃气工程建设管理的通知》(41835852，2025.8.4)：工程投资额100万元以下(含)的中、低压市政道路燃气管线工程与管道燃气用户供气工程可不申请施工许可证、实行开工报备制度(开工前书面告知属地乡镇政府)
潮州《加强管道燃气管理工作的通知》(53092909)：现有住宅小区内液化石油气输配管道的设计压力、管径及设施配置应满足今后改用天然气供气的技术要求，中压燃气管道设计压力为0.4MPa；须执行《城镇燃气设计规范》GB50028-2006
差异：湛江给小型燃气工程施工许可豁免门槛(≤100万开工报备)，潮州给现有小区中压管道设计压力(0.4MPa)及液化石油气/天然气双气源兼容要求","AI综合所有相关权威材料后，参考性解读如下，建议点击角标查看所依据的材料原文。
根据您的问题，现结合检索到的相关官方文件，对湛江和潮州两地的燃气工程规则进行逐一说明。
一、 湛江市：投资额100万以内的燃气工程办证要求
需要办理施工许可证吗？可以不申请办理施工许可证。
根据湛江市住房和城乡建设局在2025年8月发布的最新通知，对于工程投资额在100万元以下（含100万元）的燃气工程，明确规定了特定的管理方式：
适用工程范围：此项规定适用于“限额以下小型工程”，具体包括中、低压市政道路燃气管线工程与管道燃气用户供气工程401。
核心管理要求：此类工程虽可以不申请办理施工许可证，但实行开工报备制度401。
具体操作：在工程开工前，需要将工程建设具体情况书面告知属地乡镇政府（街道办）401。
监管责任：属地住房城乡建设主管部门会会同城管执法部门，指导乡镇政府（街道办）按照限额以下小型工程对其进行管理，落实属地管理责任，并督促项目建设各方主体履行质量安全主体责任401。
特别提醒：禁止规避办证：任何单位和个人都不得将应当申请办理施工许可证的工程项目，分解为若干限额以下小型工程，以此来规避申请办理施工许可证403。
其他燃气工程：不在此范围内的其他燃气工程，均须按程序办理工程规划许可、施工许可等法定手续402。
严令禁止：未取得施工许可证或开工报备手续的，一律不得开工403。
二、 潮州市：现有住宅小区中压燃气管道规定
针对您关注的“现有住宅小区”中压燃气管道问题，根据2011年发布的《关于加强管道燃气管理工作的通知》，有以下明确要求：
1.设计压力定多少？现有住宅小区内的中压燃气管道设计压力为0.4MPa101。注：此设计压力的规定在其他如凤泉湖高新区等新建区域的中压燃气管道工程中也得到了印证（潮州公示的建设工程规划许可证中，中压燃气管道设计压力同样为0.4MPa201202）。
2.要不要兼容两种气源？需要兼容液化石油气和天然气两种气源。
通知明确指出，为了满足液化石油气和天然气两种气源的兼容性，现有住宅小区内液化石油气输配管道的设计压力、管径以及设施配置等，都应当满足今后改用天然气供气的技术要求101。
此外，文件还强调，燃气管道的材质、施工工艺等，必须严格执行《城镇燃气设计规范》（GB50028—2006）、《城镇燃气输配工程施工及验收规范》（CJJ33—2005）等技术规范和标准要求101。
总结：
湛江：投资额100万以内（含100万）的中低压市政道路燃气管线工程与管道燃气用户供气工程，不用办施工许可证，但必须向属地乡镇政府（街道办）进行开工报备。
潮州：现有住宅小区的中压燃气管道设计压力为0.4MPa，并且需要兼容液化石油气和天然气两种气源。",湛江市住房和城乡建设局关于进一步加强燃气工程建设管理的通知 | 潮州凤泉湖高新区陶瓷及先进制造产业基地基础设施建设项目（曾美店片区、詹罗田片区）中压燃气管道工程《建设工程规划许可证》批前公示 | 潮州深能燃气有限公司凤泉湖高新区院校片区（铺埔片区）中压燃气管道工程《建设工程规划许可证》批前公示 | 关于加强管道燃气管理工作的通知,1.0,湛江100万元以下燃气工程可不办施工许可证、实行开工报备；潮州现有住宅小区中压燃气管道设计压力为0.4MPa且需兼容液化石油气和天然气；还覆盖了GB50028-2006要求。,False,"根据检索到的参考文献，现为您解答湛江和潮州两地的相关燃气工程规则：

### 一、 湛江投资额100万以内的燃气工程是否需要办理施工许可证？
根据湛江市的相关规定，投资额在100万元以下（含100万元）的燃气工程是否需要办理施工许可证，**取决于该燃气工程的具体类型**：
1. **可以不办理施工许可证**：
   * 如果属于**中、低压市政道路燃气管线工程**与**管道燃气用户供气工程**，可以不申请办理施工许可证，而是实行开工报备制度，开工前将工程建设具体情况书面告知属地乡镇政府（街道办）即可。
2. **必须办理施工许可证**：
   * 如果属于上述两类工程以外的燃气工程（例如：燃气站/场工程，高压、次高压市政燃气管线工程，以及燃气管线穿/跨越铁路、河流、公路等工程），即使投资额在100万元以下，也必须按程序办理施工许可证等工程建设法定手续。

---

### 二、 潮州现有住宅小区中压燃气管道设计压力及气源兼容要求
根据潮州市的相关规定，为规范住宅小区管道燃气设施建设，相关要求如下：
1. **中压燃气管道设计压力**：
   * 现有住宅小区内的中压燃气管道设计压力定为 **0.4MPa**。
2. **气源兼容要求**：
   * **需要兼容液化石油气和天然气两种气源**。为满足这两种气源的兼容性，现有住宅小区内液化石油气输配管道的设计压力、管径以及设施配置等，均应当满足今后改用天然气供气的技术要求。",7,1.0,湛江部分准确回答了100万元以下相关燃气工程可免办施工许可证并改为开工报备；潮州部分准确给出中压燃气管道设计压力0.4MPa且需兼容液化石油气和天然气两种气源。,False
G-194,simple,我们省住建厅要做2020年度装配式建筑发展情况统计，报送截止时间是什么时候，需要核实。,住房和城乡建设部标准定额司关于开展2020年度装配式建筑发展情况统计工作的通知,《2020年度装配式建筑发展情况统计工作通知》｜各省住建主管部门须于2021年1月15日前将统计表报送住建部标准定额司,"AI综合所有相关权威材料后，参考性解读如下，建议点击角标查看所依据的材料原文。
根据住房和城乡建设部标准定额司发布的《关于开展2020年度装配式建筑发展情况统计工作的通知》，各省、自治区、直辖市住房和城乡建设主管部门需将填写完成的统计表，于2021年1月15日前报送至住建部标准定额司装配式建筑与墙材革新处1。
该截止日期为国家级主管部门的统一要求，适用于包括广东省在内的所有省级住建部门。",住房和城乡建设部标准定额司关于开展2020年度装配式建筑发展情况统计工作的通知,1.0,答案明确给出了各省住建主管部门需于2021年1月15日前报送统计表，和参考要点一致。,False,"根据《住房和城乡建设部标准定额司关于开展2020年度装配式建筑发展情况统计工作的通知》，各省、自治区、直辖市住房和城乡建设主管部门进行2020年度装配式建筑发展情况统计的报送截止时间为 **2021年1月15日前**。

**具体报送要求如下**：
1. **报送内容**：认真组织收集《2020年度装配式建筑发展情况统计表》的相关数据。
2. **报送方式**：在截止时间前，将填写完成的统计表报送至住房和城乡建设部标准定额司装配式建筑与墙材革新处，同时将电子文档发送至邮箱 `lichao@mohurd.gov.cn`。",2,1.0,答案明确给出各省住建主管部门需于2021年1月15日前报送至住建部标准定额司，覆盖了参考要点。,False
G-196,simple,韶关市乡村产业点状供地项目核发不动产权证时，登记簿和产权证应附记什么转让、抵押限制？,韶关市自然资源局关于印发《韶关市乡村产业项目点状供地实施细则》的通告,韶关市自然资源局关于印发《韶关市乡村产业项目点状供地实施细则》的通告 | 各地不动产登记机构在核发不动产权证时，应当在不动产登记簿和产权证中附记“该不动产属点状供地项目，应当严格遵守不得单独按宗转让或抵押等限制规定”,"AI综合所有相关权威材料后，参考性解读如下，建议点击角标查看所依据的材料原文。
根据《韶关市乡村产业项目点状供地实施细则》，韶关市乡村产业点状供地项目在核发不动产权证时，登记簿和产权证应附记以下转让、抵押限制：
不动产登记机构应当在不动产登记簿和产权证中附记：“该不动产属点状供地项目，应当严格遵守不得单独按宗转让或抵押等限制规定”。1
该依据材料仅限韶关市乡村产业项目点状供地情形。",韶关市自然资源局关于印发《韶关市乡村产业项目点状供地实施细则》的通告,1.0,答案准确覆盖了登记簿和产权证应附记的点状供地项目不得单独按宗转让或抵押等限制规定。,False,"根据《韶关市自然资源局关于印发〈韶关市乡村产业项目点状供地实施细则〉的通告》（自2025年1月10日起施行）中的规定，韶关市乡村产业点状供地项目在核发不动产权证时，不动产登记机构应当在**不动产登记簿**和**产权证**中附记以下限制规定：

> **“该不动产属点状供地项目，应当严格遵守不得单独按宗转让或抵押等限制规定”**

### 相关产权与转让、抵押限制的具体要求如下：

1. **整体持有原则**：点状供地项目的产权原则上由开发主体整体持有。
2. **禁止分割转让或抵押**：除法律法规、土地划拨决定书及出让合同另有明确规定或约定外，点状供地项目区内的建设用地使用权和房屋所有权**不得进行分割转让或抵押**。
3. **供地与登记环节双重明确**：在办理供地手续和不动产登记时，必须对分割转让及抵押的限制予以明确。各级自然资源部门也须在土地划拨决定书、土地出让合同、用地批复、建设用地规划许可证等用地批准文件上注明“属点状供地项目”。

**政策目的**：此项限制旨在保障乡村产业项目整体、长期的开发与运营，防止因土地单独按宗转让或抵押导致乡村产业用地碎片化，确保点状供地政策精准服务于乡村产业振兴。",7,1.0,答案实质覆盖了参考要点，且附记内容与要点一致。,False
G-200,simple,潮州市配售型保障性住房的封闭持有期是几年；期满后承购人确需转让时可以通过哪些方式处理？,关于建立潮州市配售型保障性住房轮候库的通知,关于建立潮州市配售型保障性住房轮候库的通知 | 封闭持有期为5年，封闭持有期满后，承购人确需转让配售型保障性住房的，可在轮候库平台向其他轮候对象挂牌出售或向建设运营机构申请回购,"AI综合所有相关权威材料后，参考性解读如下，建议点击角标查看所依据的材料原文。
根据《关于建立潮州市配售型保障性住房轮候库的通知》，潮州市配售型保障性住房的封闭持有期为5年101。
封闭持有期满后，承购人确需转让的，可通过以下两种方式处理101：
挂牌出售：在轮候库平台向其他轮候对象挂牌出售。
申请回购：向建设运营机构申请回购。",关于建立潮州市配售型保障性住房轮候库的通知,1.0,答案明确说明封闭持有期为5年，并覆盖期满后可向其他轮候对象挂牌出售或向建设运营机构申请回购两种处理方式。,False,"根据潮州市住房和城乡建设局发布的《关于建立潮州市配售型保障性住房轮候库的通知》及相关政策，潮州市配售型保障性住房的封闭持有期及期满后的转让处理方式如下：

### 一、 封闭持有期是几年？
潮州市配售型保障性住房的封闭持有期为 **5年**。

### 二、 期满后确需转让时可以通过哪些方式处理？
封闭持有期（5年）满后，承购人如果确因个人原因需要转让配售型保障性住房，可以通过以下两种封闭式流转渠道进行处理：

1. **向其他轮候对象挂牌出售**：承购人可以在潮州市配售型保障性住房的轮候库平台内，向其他已入库排队轮候的合格保障对象挂牌出售。
2. **向建设运营机构申请回购**：承购人也可以直接向该住房的建设运营机构提出申请，由建设运营机构进行回购。

**💡 政策提示：**
潮州市配售型保障性住房实施极其严格的**封闭管理**。即使在持有期满后进行转让，也绝**禁止以任何方式违法违规将其变更为商品住房流入普通二手房市场**，流转对象仅限于建设运营机构或其他符合保障条件的轮候对象。",5,1.0,答案准确给出封闭持有期为5年，并说明期满后可在轮候库平台向其他轮候对象挂牌出售或向建设运营机构申请回购，核心要点完整覆盖。,False
G-201,complex,按2016年湛江市农业‘政银保’方案，市级和省级以上农民合作社示范社的贷款上限分别是多少？,关于印发《湛江市农业“政银保”项目实施方案》的通知,关于印发《湛江市农业“政银保”项目实施方案》的通知 | 1. 湛江市农民合作社市级示范社上限：100万元；2. 省级以上示范社上限：150万元,"AI综合所有相关权威材料后，参考性解读如下，建议点击角标查看所依据的材料原文。
根据2016年10月31日发布的《湛江市农业“政银保”项目实施方案》，关于农民合作社示范社的贷款上限规定如下101：
市级示范社：贷款额度累计总额不超过100万元101。
省级以上示范社：贷款额度累计总额不超过150万元101。
需要提醒您的是，以上标准是一个合作贷款周期内，在不同合作银行贷款的累计总额上限101。",关于印发《湛江市农业“政银保”项目实施方案》的通知,1.0,答案明确给出市级示范社100万元、省级以上示范社150万元，和参考要点一致。,False,"根据2016年10月31日印发的《湛江市农业“政银保”项目实施方案》（湛农通〔2016〕351号）规定，合作贷款对象在一个合作贷款周期内，不同级别农民合作社示范社的贷款累计总额上限标准如下：

* **湛江市农民合作社市级示范社**：贷款上限为**不超过 100 万元**。
* **省级以上农民合作社示范社**：贷款上限为**不超过 150 万元**。",3,1.0,答案明确给出市级示范社100万元、省级以上示范社150万元，上限信息完整覆盖。,False
G-204,complex,广州农用无人机植保作业补贴中，水稻等作物每造最多补贴几次，甘蔗、果树每年最多补贴几次？,广州市农业局 广州市财政局关于印发广州市开展农用无人机植保作业补贴实施方案（试行）的通知,广州市农业局 广州市财政局关于印发广州市开展农用无人机植保作业补贴实施方案（试行）的通知 | 1. 水稻、蔬菜和玉米无人机植保作业享受补贴每造上限：2次；2. 甘蔗、果树无人机植保作业享受补贴每年上限：4次,"AI综合所有相关权威材料后，参考性解读如下，建议点击角标查看所依据的材料原文。
根据您的问题，关于广州市农用无人机植保作业补贴的作业次数限制，规定如下：
水稻等作物（包括水稻、蔬菜、玉米）：无人机植保作业享受补贴每造不超过2次101。
甘蔗、果树：无人机植保作业享受补贴每年不超过4次101。
该信息来源于2017年《广州市开展农用无人机植保作业补贴实施方案（试行）》101。由于政策文件发布较早，建议您使用时注意核实该方案目前是否仍为有效执行版本或已有更新。",广州市农业局 广州市财政局关于印发广州市开展农用无人机植保作业补贴实施方案（试行）的通知,1.0,答案准确覆盖了两个要点：水稻等每造2次、甘蔗和果树每年4次。,False,"根据《广州市开展农用无人机植保作业补贴实施方案（试行）》的规定，农用无人机植保作业补贴的作物频次限制和相关标准如下：

1. **水稻等作物（水稻、蔬菜、玉米）**：
   * **每造最多补贴 2 次**（“享受补贴每造不超过2次”）。
2. **甘蔗、果树**：
   * **每年最多补贴 4 次**（“享受补贴每年不超过4次”）。

---

**补充补贴标准信息：**
* **补贴额度**：实行定额补贴，标准为 **20元/亩·次**。
* **作业规模限制**：单次作业规模不低于 **30亩**。",6,1.0,答案明确覆盖水稻、蔬菜、玉米每造最多补贴2次，以及甘蔗、果树每年最多补贴4次。,False
G-211,complex,审核2022年度潮州市水利水电职称申报材料时，业绩等有效材料从本级职称评审年度几月起算，截止到申报高一级职称评审年度几月？,关于做好2022年度水利水电专业职称评审工作的通知,关于做好2022年度水利水电专业职称评审工作的通知 | 1. 有效材料时段的起算时间为本级职称评审年度：9月；2. 截止时间为申报高一级职称评审年度：12月,"AI综合所有相关权威材料后，参考性解读如下，建议点击角标查看所依据的材料原文。
根据《关于做好2022年度水利水电专业职称评审工作的通知》，潮州市2022年度水利水电专业职称申报材料中，业绩等有效材料时段的起止时间需根据您取得本级职称的时间来区分1：
情况一：2021年度及此后评审取得职称的人员如果您是在2021年度及以后通过评审取得本级职称，申报高一级职称时，有效材料时段的起算时间为本级职称评审年度的下一自然年1月1日，截止时间为申报高一级职称评审年度的12月31日1。
情况二：2020年度及以前年度取得职称的人员如果您是在2020年度或更早通过评审取得本级职称，申报高一级职称时，有效材料时段的起算时间为本级职称评审年度的9月1日，截止时间为申报高一级职称评审年度的12月31日1。
上述规定均依据《关于做好2022年度水利水电专业职称评审工作的通知》1。",关于做好2022年度水利水电专业职称评审工作的通知,1.0,答案明确给出业绩等有效材料起算为9月1日，截止到申报高一级职称评审年度12月31日，覆盖两个要点。,False,"根据潮州市水务局发布的《关于做好2022年度水利水电专业职称评审工作的通知》，在审核2022年度潮州市水利水电职称申报材料时，**业绩等有效材料及资历年限的起算与截止时间**需要根据申报人取得现职称的时间及方式分情况确定：

### 1. 对于2021年度及此后“评审”取得职称的人员
* **起算时间**：本级职称评审年度的下一自然年 **1月1日起算**。
* **截止时间**：申报高一级职称评审年度的 **12月31日截止**。

### 2. 对于2020年度及以前年度“评审”取得职称的人员
* **业绩等有效材料时段起算时间**：本级职称评审年度的 **9月1日起算**。（注：此情况下的职称资历年限起算时间为本级职称评审年度的1月1日）。
* **截止时间**：申报高一级职称评审年度的 **12月31日截止**。

### 3. 对于通过“考试”和“认定”取得职称的人员
* **起算时间**：**考试和认定通过之日**起算。
* **截止时间**：申报高一级职称评审年度的 **12月31日截止**。",8,1.0,答案明确写出有效材料从本级职称评审年度9月1日起算，截止到申报高一级职称评审年度12月31日，覆盖了两个要点。,False
G-213,partial,茂名市华英学校小学、初中每学期学费分别是多少？某名学生是否已获减免，能否从收费标准文件直接确认？,茂名市发展和改革局关于茂名市华英学校学费、住宿费收费标准有关问题的通知,茂名市发展和改革局关于茂名市华英学校学费、住宿费收费标准有关问题的通知 | 1. 一、学费收费标准 小学学费收费标准为7080元/生·学期、初中学费收费标准为7760元/生·学期；边界：库内材料只能确认上述制度事实，不能确认具体学生学费减免审批结果；个人资格与审批结果不在统一收费标准中。,"AI综合所有相关权威材料后，参考性解读如下，建议点击角标查看所依据的材料原文。
茂名市华英学校小学、初中每学期学费标准
根据茂名市发展和改革局于2025年8月18日发布的官方通知，茂名市华英学校的学费收费标准如下101：
小学：每生每学期7080元。
初中：每生每学期7760元。
重要提示：学校在收取学费时，必须扣除公用经费补助标准部分（包括购买学位经费），且扣除的部分不能低于省市规定的公用经费补助标准101。这意味着学生实际缴纳的费用会低于上述标价，但文件未明确扣除后的具体金额。
此外，学费的调整遵循“新生新办法，老生老办法”原则，即收费标准调整只针对起始年级（小学一年级、初中一年级）的新生，已在读的老生收费标准不予调整。插班生或复学生按随读年级标准收费103。
关于某名学生学费减免情况的确认
无法从收费标准文件中直接确认某个学生个人是否已获得减免。
目前的检索结果提供了关于学费减免的普遍性政策框架，但未包含可用于查询个人减免状态的记录或系统。具体原因如下：
收费文件不涉及个人认定：上述《通知》仅规定了学校的收费上限和原则101，并未包含针对特定学生的减免名录或资格认定。
减免政策是通用条件，非个人名单：根据广东省的规定，接受九年义务教育者不缴交学费，对家庭经济困难的学生，可按有关规定酌情减免学杂费201。
国家和地方也为符合条件的随迁子女、残疾学生等特定群体提供了资助和减免政策203205。
这些政策说明了“谁有资格”被减免，但并不能直接确认某一学生是否已成功申请并获得了减免。
结论：要确认某名学生个人的学费减免情况，您需要直接向茂名市华英学校或主管的茂名市教育局进行咨询或查询，因为个人减免的审核、批准和执行由学校和主管部门负责，并不体现在公开的收费标准文件中。",茂名市发展和改革局关于茂名市华英学校学费、住宿费收费标准有关问题的通知 | 颁布《广东省教育收费管理规定》的通知 | 对十三届全国人大二次会议第6114号建议的答复 | 关于印发《第二期特殊教育提升计划（2017-2020年）》的通知,1.0,答案明确给出小学7080元/生·学期、初中7760元/生·学期，并说明收费标准文件只能确认制度事实，不能直接确认某名学生是否已获减免，个人资格和审批结果需向学校或主管部门查询。,False,"根据茂名市发展和改革局于2025年8月发布的《关于茂名市华英学校学费、住宿费收费标准有关问题的通知》，茂名市华英学校的收费标准及相关减免政策说明如下：

### 一、 茂名市华英学校每学期学费标准
根据最新核定的标准，该校学费及住宿费标准为：
* **小学学费**：**7080元 / 生·学期**；
* **初中学费**：**7760元 / 生·学期**；
* **住宿费（小学及初中）**：1190元 / 生·学期（含水电费）。

**相关收费规定：**
1. **公用经费扣除（普惠性减免）**：学校在向学生收取上述学费时，**必须扣除公用经费补助标准部分**（含购买学位经费），扣除部分不得低于广东省、茂名市规定的最低公用经费补助标准。因此，学生实际缴纳的学费会低于上述核定标准。
2. **“新生新办法，老生老办法”**：提高后的收费标准仅适用于起始年级（小学一年级、初中一年级）的新入学学生，在校老生的收费标准不予调整。

---

### 二、 能否从收费标准文件直接确认某名学生是否已获减免？
**答案是：不能。**

无法从该收费标准文件中直接确认某位特定学生是否获得了减免，原因如下：
1. **文件属于宏观行业规范**：该文件是政府价格主管部门（茂名市发展和改革局）下发的行政审批和定价通知，其作用是确定学校收费的**上限标准、基本原则和政策红线**。
2. **不含个人隐私和具体执行名单**：政策文件仅指出“应扣除公用经费补助”等原则性要求，并不会附带具体的学生名单、家庭经济困难认定结果或个性化的特困减免、奖学金减免名册。

### 建议确认途径：
如果您需要确认某位特定学生是否已经实际获得了学费减免（如义务教育公用经费直补、困难生资助减免或学校特设奖学金等），建议采用以下方式：
1. **查询缴费账单**：登录学校指定的官方缴费系统，查看该学生本学期的**个人电子缴费账单**，账单中通常会列出“应收金额”、“减免/补助金额”以及“实收金额”。
2. **咨询学校财务或资助部门**：直接致电或前往茂名市华英学校的**财务室**或**学生资助管理办公室**，提供学生的姓名及学籍号，核实其资助与减免的登记状态。
3. **关注校内公示**：学校内部通常会在学期初对符合困难补助、免学费或奖学金资助条件的学生名单进行校内公示。",7,1.0,学费标准与参考一致，且明确说明收费标准文件不能直接确认具体学生的减免审批结果。,False
G-214,complex,广州市中级法院特邀调解员补贴中，普通案件和复杂案件每宗分别补贴多少？,关于印发《广州市中级人民法院特邀调解员补贴管理办法（试行）》的通知,关于印发《广州市中级人民法院特邀调解员补贴管理办法（试行）》的通知 | 1. 普通案件每宗：500元；2. 复杂案件每宗：1000元,"AI综合所有相关权威材料后，参考性解读如下，建议点击角标查看所依据的材料原文。
根据《广州市中级人民法院特邀调解员补贴管理办法（试行）》，广州市中级人民法院特邀调解员的调解成功补贴标准为：普通案件每宗补贴500元，复杂案件每宗补贴1000元101。
关于两类案件的区分，该办法也作出了明确界定：
复杂案件：指符合特定条件之一的案件，如一方当事人10人以上、争议标的额较大、有涉外涉港澳台因素、属新类型案件等102。
普通案件：指除上述复杂案件之外的其他案件103。",关于印发《广州市中级人民法院特邀调解员补贴管理办法（试行）》的通知,1.0,答案明确给出普通案件每宗500元、复杂案件每宗1000元，两个要点均覆盖。,False,"根据《广州市中级人民法院特邀调解员补贴管理办法（试行）》的规定，广州市中级法院特邀调解员的补贴实行“以案定补”、“一案一补”的原则。在**调解成功**的情况下，普通案件和复杂案件的补贴标准如下：

### 一、 调解成功补贴标准
* **普通案件**：每宗补贴 **500 元**。
* **复杂案件**：每宗补贴 **1000 元**。

---

### 补充相关规定

#### 1. 复杂案件与普通案件的划分标准
* **复杂案件**（符合以下条件之一的案件）：
  1. 一方当事人 10 人以上的或者争议标的额较大；
  2. 当事人增加或变更诉讼请求、提出反诉的；
  3. 需要进行保全、调查取证、勘验、鉴定、审计、评估的；
  4. 社会舆论关注，或者有涉诉信访可能的；
  5. 上级法院发回重审、指令立案受理、指定审理、指定管辖、移送管辖的；
  6. 再审的；
  7. 有涉外涉港澳台因素的；
  8. 属于新类型案件的。
* **普通案件**：不属于上述复杂案件范围的其他案件。

#### 2. 调解未成功的事务办理补贴
若案件最终未调解成功，但调解员已经办理了案件事务工作且实现了诉调对接，可根据以下情形获得**事务办理补贴**（每完成一项折算为普通案件 0.1 宗，即相当于 **50 元/项**）：
* 完成详细的《调解情况记录表》填写，并引导当事人或代理人提交送达地址确认书并签字确认用于诉讼程序的；
* 完成起诉状副本、证据材料、应诉通知书和权利义务告知书等送达工作，并引导当事人书面同意在转立案之后作为有效送达的；
* 确认无争议事实并经当事人签字确认并同意适用于诉讼程序的。

#### 3. 系列案件的补贴折算方式
* 系列案的**首案**：按照普通案件或复杂案件的标准全额计算补贴。
* **首案后的其他案件**：每件折算为 **0.3 件**（纠纷类型按首案确定）。
* **系列案上限限制**：同一批系列案，在 100 件以内的，最多折算为 16 件；超过 100 件的部分，按 20 件折算 1 件计算。",20,1.0,答案明确给出普通案件500元、复杂案件1000元，完整覆盖参考要点。,False
G-217,complex,东莞市户籍制度改革对技能人才年龄条件如何放宽：高级工和中级工的年龄上限分别是多少周岁？,东莞市人民政府办公室关于深化户籍制度改革的实施意见,东莞市人民政府办公室关于深化户籍制度改革的实施意见 | 1. 高级工放宽至：40周岁；2. 中级工放宽至：35周岁,"AI综合所有相关权威材料后，参考性解读如下，建议点击角标查看所依据的材料原文。
根据2024年6月1日发布的《东莞市人民政府办公室关于深化户籍制度改革的实施意见》，东莞市已进一步放宽在职人才入户的年龄条件。对于您关注的技能人才，具体年龄上限调整如下101：
高级工：年龄上限放宽至40周岁以下。
中级工：年龄上限放宽至35周岁以下。
以上年龄均指周岁，请注意“以下”包含本数与否的通常官方解释。政策可能随实际情况调整，建议办理前向东莞市人社部门或公安户政部门确认最新执行细节。",东莞市人民政府办公室关于深化户籍制度改革的实施意见,1.0,答案明确给出高级工40周岁以下、中级工35周岁以下，覆盖两个参考要点,False,"根据东莞市人民政府办公室于2024年印发并于当年6月1日起实施的《东莞市人民政府办公室关于深化户籍制度改革的实施意见》（东府办〔2024〕13号），东莞市进一步放宽了在职人才的入户年龄限制。

其中，针对技能人才的年龄上限具体放宽如下：

* **高级工**的年龄上限放宽至：**40周岁以下**（不含40周岁）。
* **中级工**的年龄上限放宽至：**35周岁以下**（不含35周岁）。

**【补充参考】其他类别在职人才的入户年龄限制放宽标准：**
* **技师及以上技能人才、表彰类技能人才**（以及全日制硕士研究生及以上学历、高级职称人才）：放宽至 **55周岁以下**。
* **全日制本科学历、中级职称人才**：放宽至 **50周岁以下**。
* **全日制大专、初级职称人才**：放宽至 **45周岁以下**。",6,1.0,答案明确给出高级工40周岁、中级工35周岁的年龄上限，覆盖全部要点。,False
G-219,simple,茂名市林业局受理2024年度林业工程职称申报和初次认定材料的起止日期是什么，逾期是否受理？,茂名市林业局办公室关于做好2024年度林业工程专业技术职称评审工作的通知,茂名市林业局办公室关于做好2024年度林业工程专业技术职称评审工作的通知 | （一）受理时间 申报评审和初次职称考核认定工程师、助理工程师、技术员职称材料，茂名市林业局受理时间为2025年2月17日至3月31日，逾期概不受理,"AI综合所有相关权威材料后，参考性解读如下，建议点击角标查看所依据的材料原文。
根据《茂名市林业局办公室关于做好2024年度林业工程专业技术职称评审工作的通知》，针对您的问题，答复如下：
茂名市林业局受理2024年度林业工程职称申报评审和初次职称考核认定材料的时间为2025年2月17日至3月31日，逾期概不受理1。
此外，为分散申报人流，申报材料实行分区域错峰受理，具体安排如下：
市直、茂南区：2月17日至3月3日；
电白区、高州市：3月4日至3月17日；
化州市、信宜市：3月18日至3月31日1。
申报材料的受理地点为：茂名市光华南路122号茂名市林业局5楼人事科1。",茂名市林业局办公室关于做好2024年度林业工程专业技术职称评审工作的通知,1.0,答案准确给出了受理时间为2025年2月17日至3月31日，并明确说明逾期概不受理，覆盖参考要点。,False,"根据茂名市林业局发布的《茂名市林业局办公室关于做好2024年度林业工程专业技术职称评审工作的通知》，2024年度林业工程职称申报和初次认定材料的受理时间及相关规定如下：

### 一、 受理起止日期
茂名市林业局受理2024年度林业工程职称（工程师、助理工程师、技术员）申报评审和初次职称考核认定材料的总体时间为：
**2025年2月17日至2025年3月31日**。

为了避免最后阶段扎堆集中申报，实行了**分区域错峰受理**，具体安排如下：
*   **市直、茂南区**：2025年2月17日至3月3日
*   **电白区、高州市**：2025年3月4日至3月17日
*   **化州市、信宜市**：2025年3月18日至3月31日

### 二、 逾期是否受理？
**逾期概不受理**。
申报人必须在规定的时间内完成申报。此外，在报送纸质申报材料前，需要先通过《广东省专业技术人才职称管理系统》提交申报电子材料，并须确保个人的“评审申请”流程在**2025年3月31日前**提交至评委会办公室。

### 三、 受理地点
*   **地点**：茂名市光华南路122号茂名市林业局5楼人事科。
*   **咨询电话**：0668-2987930。",7,1.0,答案准确给出受理时间为2025年2月17日至3月31日，并明确逾期概不受理，覆盖参考要点。,False
G-222,simple,广州市民办学校申请分类扶持时，在收费、教师薪酬、办学质量、社保公积金和年金制度方面需同时满足哪些条件？,广州市教育局 广州市发展和改革委员会 广州市财政局 广州市人力资源和社会保障局关于延长进一步加强民办基础教育分类扶持和管理的实施意见有效期的通知,广州市教育局 广州市发展和改革委员会 广州市财政局 广州市人力资源和社会保障局关于延长进一步加强民办基础教育分类扶持和管理的实施意见有效期的通知 | 3.申报条件：民办学校须符合如下条件：年收费标准不高于上一年度广州生均一般公共预算教育事业费，达到教师最低薪酬指导标准，符合规定的办学质量要求，按国家规定参加社会保险，缴纳住房公积金，无欠费，且建立年金制度,"AI综合所有相关权威材料后，参考性解读如下，建议点击角标查看所依据的材料原文。
根据您的问题，我为您梳理了广州市民办学校（针对基础教育阶段，包括民办中学、民办小学和民办幼儿园）在申请分类扶持时，需要在收费、教师薪酬、办学质量、社保公积金和年金制度方面同时满足的条件。这些条件主要依据《广州市教育局 广州市发展和改革委员会 广州市财政局 广州市人力资源和社会保障局关于延长进一步加强民办基础教育分类扶持和管理的实施意见有效期的通知》中的规定103。
以下是需要同时满足的五项核心条件：
收费条件学校的年收费标准必须不高于上一年度广州生均一般公共预算教育事业费103。此项为该类扶持项目的基础门槛之一101。
教师薪酬条件学校必须达到政府规定的教师最低薪酬指导标准103。这是保障教师基本权益的核心要求。
办学质量条件学校必须符合广州市教育行政部门规定的办学质量要求103。具体标准由各区教育行政部门进一步细化确定103。
社保与公积金条件学校必须按照国家规定为教师参加社会保险，并缴纳住房公积金，且不存在欠费情况103。
年金制度条件学校必须已建立年金制度103。按照规定，学校需根据相关文件（如《关于转发省人力资源社会保障厅等部门鼓励社会团体、基金会和民办非企业单位建立企业年金有关问题的通知》）建立该制度105。在获得政府补助后，学校需按照不低于财政核拨经费20%的比例缴纳年金费用102。
其他重要说明
补助重点：此项分类扶持政策重点支持义务教育阶段民办学校，有条件的区普惠性民办幼儿园可参照执行102103。
申报程序：符合条件的学校需向区教育行政部门提出经费补助申请，并附上学校从教津贴分配方案及年金实施方案。经审核同意后，补助资金每学年发放一次104。
实施要求：学校在发放从教津贴及建立年金制度后，不得降低或抵扣教师原有的工资福利待遇，否则将由区教育行政部门责令限期整改105。
由于具体操作细则（如最低薪酬标准、办学质量的具体评估指标等）由各区教育行政部门进一步细化，建议您在准备申请时，向所在区教育局咨询最新的实施细则和申报要求，以确保所有条件均满足。",广州市教育局 广州市发展和改革委员会 广州市财政局 广州市人力资源和社会保障局关于延长进一步加强民办基础教育分类扶持和管理的实施意见有效期的通知,1.0,答案完整覆盖收费不高于生均预算教育事业费、教师最低薪酬、办学质量、社保、公积金无欠费及建立年金制度等申报条件。,False,"根据广州市教育局等部门印发的《关于进一步加强民办基础教育分类扶持和管理的实施意见》（穗教规字〔2020〕2号，该文件有效期已由穗教规字〔2024〕1号文延长至2027年），基础教育阶段民办学校（包括民办中学、民办小学和民办幼儿园）在申请分类扶持（如申领政府教师从教津贴和年金等经费补助）时，在学校层面必须**同时满足**以下5个方面的条件：

### 1. 收费方面（收费标准限制）
* **条件**：学校的年收费标准**不高于上一年度广州生均一般公共预算教育事业费**（或不高于广州生均一般公共预算教育经费）。

### 2. 教师薪酬方面（最低薪酬保障）
* **条件**：学校教师月工资必须达到广州市规定的“民办学校教师最低薪酬指导标准”。
* **具体标准**：在提供正常劳动情况下，学校所有教师的月工资**不得低于广州市企业职工最低工资标准的 2.5 倍**。

### 3. 办学质量方面（规范与质量要求）
* **条件**：必须**符合规定的办学质量要求**。
* **具体要求**：
  * 包含在日常及年度办学检查（年检）中合格，且无严重违规办学行为。
  * 规范教师聘任和管理，聘任符合国家规定任职资格要求的教师，且聘任教师的数量需符合国家规定的教师编制标准。
  * 规范招生行为，无欠费及其他违规办学记录。

### 4. 社保公积金方面（依法足额缴纳）
* **条件**：学校必须按国家规定为教职工参加社会保险、缴纳住房公积金，并且必须处于**无欠费**状态。

### 5. 年金制度方面（建立及缴纳比例）
* **条件**：学校必须**建立年金制度**，并规范运行。
* **具体要求**：
  * 学校须按照《关于转发省人力资源社会保障厅等部门鼓励社会团体、基金会和民办非企业单位建立企业年金有关问题的通知》（穗人社函〔2014〕518号）等相关规定建立企业年金。
  * 在申领政府经费补助后，民办学校需按照**不低于财政核拨经费 20% 的比例**为教师缴纳年金费用。
  * 建立年金制度和发放从教津贴后，学校**不得降低或抵扣**教师原有的工资福利待遇。

---

### 💡 补充说明：享受扶持政策的教师个人条件
除学校需满足上述5个硬性条件外，享受政府从教津贴及年金补助的**教师个人**也需原则上符合以下条件：
1. 处于教育教学岗位工作，且在广州市基础教育民办学校**连续任教一年以上**。
2. 具有相应的教师资格证，且教师资格定期注册结论为合格。
3. 学校按国家规定为其参加社会保险、缴纳住房公积金。
4. 上一年度继续教育年度验证合格。
5. 学年结束前未经批准离职、未在师德方面受到处罚或未出现严重教学事故。",21,1.0,答案完整覆盖了参考要点中的收费不高于标准、教师最低薪酬、办学质量、社保公积金无欠费及建立年金制度等申报条件。,False
G-225,simple,职工购买潮州市一手商品住房时，夫妻双方能否提取住房公积金支付首付款，应到哪里办理？,潮州市住房公积金管理中心促进房地产业稳健发展相关措施,潮州市住房公积金管理中心促进房地产业稳健发展相关措施 | 1、首付提取政策：职工购买本市一手商品住房的，夫妻双方可以凭相关材料到住房公积金办事窗口提取住房公积金用于支付购房首付款,"AI综合所有相关权威材料后，参考性解读如下，建议点击角标查看所依据的材料原文。
职工购买潮州市一手商品住房，夫妻双方可以提取住房公积金用于支付购房首付款1。
办理地点为住房公积金办事窗口1。",潮州市住房公积金管理中心促进房地产业稳健发展相关措施,1.0,答案明确覆盖了本市一手商品住房首付可由夫妻双方提取公积金，以及到住房公积金办事窗口办理。,False,"在广东省潮州市，职工购买一手商品住房时，夫妻双方**可以**申请提取住房公积金用于支付购房首付款。

以下是关于该项政策的详细规定、办理地点及注意事项：

### 一、 政策规定与所需材料
根据潮州市住房公积金管理中心的最新政策规定（2024年5月1日起正式实施的促进房地产业稳健发展相关措施，取消了此前“首次购买”的限制）：
* **提取资格**：职工在潮州市购买一手商品住房的，**夫妻双方**均可以申请提取住房公积金用于支付首付款。
* **申请材料**：办理时需提供**商品房认购协议书、定金支付凭证、夫妻关系证明（如结婚证、户口簿等）、承诺书**等材料。
* **重要后续核验（切记）**：申请人完成首付提取后，**须在两个月内**将潮州市房屋交易服务中心已鉴证的**购房合同、首付款发票原件**送至住房公积金办事窗口进行核验并扫描录入系统。如未在规定时间内提交核验，公积金管理中心有权追回已提取的首付款并将其列入黑名单。

---

### 二、 办理地点
职工及配偶需凭相关材料，到潮州市住房公积金的线下办事窗口进行办理：

1. **潮州市政务服务大厅窗口（市区业务）**：
   * **地址**：潮州市潮州大道中段凤新大厦（潮州市政务服务数据管理局政务服务大厅六楼 5-8 号窗口）。
2. **潮安管理部**：
   * **地址**：潮州市潮安区潮汕公路与安北路交接处东（腾瑞世纪城35-37号中国建设银行2楼）。
3. **饶平管理部**：
   * **地址**：饶平县黄冈镇（建议前往饶平县政务服务中心公积金窗口或联系管理部确认）。

---

### 三、 咨询与线上服务渠道
* **咨询热线**：潮州市原住房公积金便民热线 12329 已并入 **12345 政务服务便民热线**。如果您对申请材料、具体额度等有任何疑问，可直接拨打 **12345** 进行人工咨询。
* **线上查询**：您也可以通过微信搜索“潮州公积金”公众号、微信小程序“粤省事”或“广东公积金”来随时查询个人公积金账户余额和相关业务指南。",15,1.0,答案明确说明夫妻双方可以提取住房公积金用于支付首付款，并指出到住房公积金线下办事窗口办理，覆盖参考要点。,False
G-233,complex,审核2021年度潮州市农业农村职称申报材料时，有效材料从本级评审年度几月起算，截止到申报高一级职称年度几月？,关于做好我市2021年农业农村专业人才职称评审工作的通知,关于做好我市2021年农业农村专业人才职称评审工作的通知 | 1. 申报材料时段的起算时间为本级职称评审年度：8月；2. 截止时间为申报高一级职称评审年度：12月,"AI综合所有相关权威材料后，参考性解读如下，建议点击角标查看所依据的材料原文。
根据潮州市2021年度农业农村专业人才职称评审的相关规定，有效申报材料的起止时间需根据申报人取得现职称的时间分情况计算1：
对于2020年度及以前年度取得职称的人员
起算时间：本级职称评审年度的8月31日
截止时间：申报高一级职称评审年度的12月31日1
对于2021年度及以后年度取得职称的人员
起算时间：本级职称评审年度的下一自然年1月1日
截止时间：申报高一级职称评审年度的12月31日1
建议您在审核时，首先确认申报人现职称证书上的通过年度，再对照上述规定计算其有效材料时段。",关于做好我市2021年农业农村专业人才职称评审工作的通知,1.0,答案明确提到起算为本级职称评审年度8月31日，截止为申报高一级职称评审年度12月31日，覆盖两个要点。,False,"根据潮州市农业农村局、潮州市人力资源和社会保障局发布的《关于做好我市2021年农业农村专业人才职称评审工作的通知》，在审核2021年度潮州市农业农村职称申报材料时，有效材料（即申报材料时段）的起算和截止时间根据申报人取得现职称（本级职称）的时间和途径不同，具体分为以下几种情况：

### 1. 对于2020年度及以前年度取得现职称的申报人（2021年度申报的主要群体）
* **起算时间**：自本级（现职称）职称评审年度的 **8月31日** 起算。
  *(注：虽然广东省部分通用政策或其他行业如建筑工程常表述为9月1日起算，但2021年度潮州市农业农村职称评审通知中明确规定申报材料起算时间为本级评审年度的8月31日)*。
* **截止时间**：至申报高一级职称年度（即2021年度）的 **12月31日** 止。

### 2. 对于通过“考试”和“认定”取得现职称的申报人
* **起算时间**：自考试和认定通过之日起算。
* **截止时间**：至申报高一级职称年度（即2021年度）的 **12月31日** 止。

---

### 💡 补充提示（2021年度及以后取得职称人员的未来申报规则）
若申报人是 **2021年度及以后年度** 取得现职称，未来在申报评审更高一级职称时，其职称资历年限和申报材料时段的计算规则已作调整：
* **起算时间**：本级职称评审年度的下一自然年 **1月1日**。
* **截止时间**：申报高一级职称评审年度的 **12月31日**。",10,1.0,答案明确给出了本级评审年度8月起算、申报高一级职称年度12月截止，核心要点均已覆盖。,False
G-235,simple,我们在落实茂名行政审批电子监察绩效测评，部门得分中“期限合法”占多少，需要核实测评权重。,茂名市监察局关于印发《〈茂名市行政审批电子监察试行办法〉（绩效测评）实施 细则(试行)》的通知,《茂名市行政审批电子监察绩效测评实施细则》｜部门具体分值：政务公开10%、流程规范14%、期限合法14%、收费合理10%、满意调查10%、服务态度10%、监督检查12%、法律责任10%、廉洁行政10%,"AI综合所有相关权威材料后，参考性解读如下，建议点击角标查看所依据的材料原文。
根据《茂名市行政审批电子监察试行办法》（绩效测评）实施细则(试行)》，在部门得分中，“期限合法”的权重占比为14%1。
该绩效量化测评采用100分基准分制，部门与工作人员每部分最低得分为0分1。
部门的具体分值构成中，期限合法占14%1。",茂名市监察局关于印发《〈茂名市行政审批电子监察试行办法〉（绩效测评）实施 细则(试行)》的通知,1.0,明确回答了“期限合法”占14%，与参考要点一致。,False,"根据《〈茂名市行政审批电子监察试行办法〉（绩效测评）实施细则（试行）》第九条规定：

在行政审批绩效量化测评中，**部门得分里“期限合法”占 14%** 的权重。

*(补充参考：在该测评中，工作人员得分里的“期限合法”则占 15%)*",2,1.0,答案明确给出部门得分中“期限合法”权重为14%，符合参考要点中对应内容，且满足用户核实该权重的需求。,False
G-236,simple,我们在辅导一家单采血浆站申报增值税，企业销售非临床用人体血液、问能不能按简易办法交、选了之后能不能改，需要核实政策答复。,国家税务总局关于供应非临床用血增值税政策问题的批复,《关于供应非临床用血增值税政策问题批复》｜一般纳税人单采血浆站销售非临床用血液可按简易办法依3%征收率计税（不得开专票），选择后36个月内不得变更,"AI综合所有相关权威材料后，参考性解读如下，建议点击角标查看所依据的材料原文。
根据您提供的官方政策文件，针对单采血浆站销售非临床用人体血液的增值税处理问题，核实情况如下：
1.能否适用简易计税办法？
可以。
根据《国家税务总局关于供应非临床用血增值税政策问题的批复》（发布日期2019年04月01日）的规定，属于增值税一般纳税人的单采血浆站销售非临床用人体血液，可以按照简易办法计算应纳税额202。
适用条件：主体必须是“属于增值税一般纳税人的单采血浆站”，销售对象是“非临床用人体血液”202。
税率选择：简易计税办法：可选择按照简易办法，依照3%的征收率计算应纳税额202203。请注意，此处的征收率已由早先的6%调整为现行的3%203。
一般计税办法：也可以选择按照销项税额抵扣进项税额的办法，依照增值税适用税率（人体血液的增值税适用税率为13%201）计算应纳税额202。
发票开具限制：选择简易计税办法后，不得对外开具增值税专用发票202。
2.选择简易计税后，能否变更？
选择后，36个月内不得变更。
政策明确规定：“纳税人选择计算缴纳增值税的办法后，36个月内不得变更。”202这一规则意味着，无论企业从简易计税变更为一般计税，还是从一般计税变更为简易计税，一旦选定，该计税方法将在接下来的36个月内保持不变。
总结：您辅导的这家单采血浆站，如果属于增值税一般纳税人，其销售非临床用人体血液可以选择按3%征收率的简易办法计税，但选择后36个月内不能变更。同时，选择简易计税后不能开具增值税专用发票。",国家税务总局关于供应非临床用血增值税政策问题的批复 | 国家税务总局关于简并增值税征收率有关问题的公告,1.0,答案明确说明一般纳税人单采血浆站销售非临床用人体血液可按简易办法依3%征收率计税、不得开具增值税专用发票，且选择后36个月内不得变更，覆盖参考要点。,False,"根据《国家税务总局关于供应非临床用血增值税政策问题的批复》等相关税收政策规定，针对您提出的问题，政策答复如下：

1. **能不能按简易办法交？**
   **可以选择。** 
   * 属于增值税一般纳税人的单采血浆站销售非临床用人体血液，**可以选择**按照简易办法依照**3%征收率**（原6%征收率，已根据政策调整）计算应纳税额，但选择简易办法后**不得对外开具增值税专用发票**。
   * 纳税人也可以选择按照一般计税方法，即按照销项税额抵扣进项税额的办法，依照增值税适用税率计算应纳税额。

2. **选了之后能不能改？**
   **在限定期限内不能更改。**
   * 纳税人选择计算缴纳增值税的办法后，**36个月内不得变更**。",3,1.0,答案完整覆盖了一般纳税人单采血浆站销售非临床用血液可选择简易办法按3%征收率计税、不得开具增值税专用发票，以及选择后36个月内不得变更。,False
G-237,complex,按历史河源市区房地产信贷口径，贷款最低首付比例是多少，贷款利率下限为基准利率的多少倍？,河源市人民政府关于促进市区房地产市场持续健康发展的意见,河源市人民政府关于促进市区房地产市场持续健康发展的意见 | 1. 贷款最低首付款比例：30%；2. 贷款利率下限为贷款基准利率：0.7倍,"AI综合所有相关权威材料后，参考性解读如下，建议点击角标查看所依据的材料原文。
好的，根据您提出的问题，我为您检索并解读了相关的历史政策文件。
需要明确的是，您提供的背景资料中提及您的“办理区域”为“广东省广州市”，但您的问题是查询“按历史河源市区房地产信贷口径”的政策。我将严格遵循您的提问，基于检索到的河源市历史政策文件为您解答。
核心答案
根据河源市2015年发布的历史政策，对于商业性个人住房贷款，相关信贷政策如下102：
首套普通自住房
最低首付比例：30%。
贷款利率下限：为贷款基准利率的0.7倍102。
拥有一套住房且贷款已结清，为改善居住条件再次购买
最低首付比例：30%（执行首套房贷款政策）102。
贷款利率下限：政策原文对此类情况的利率下限无单独规定，仅说明“执行首套房贷款政策”，因此可理解为参照首套房标准，即贷款基准利率的0.7倍102。
拥有一套住房且相应贷款未结清，为改善居住条件再次购买
最低首付比例：不低于40%102。
贷款利率下限：政策原文未明确规定此类情况的贷款利率下限，而是指出“具体首付款比例和利率水平由银行业金融机构根据借款人的信用状况和还款能力等合理确定”102。
政策依据与解读
以上信息主要源自《河源市人民政府关于促进市区房地产市场持续健康发展的意见》，该文件发布日期为2015年5月28日，其适用范围明确为河源市区102。
此外，该文件还提及了住房公积金贷款的首付比例，为您全面了解历史信贷口径一并列出：
购买首套普通自住房，最低首付款比例为20%101。
拥有1套住房并已结清相应购房贷款，为改善居住条件再次购买的，最低首付款比例为30%101。
重要提示
政策的历史属性：您查询的是“历史”信贷口径，所匹配的核心文件发布于2015年。在2016年，中国人民银行、中国银行业监督管理委员会曾发布全国性调整通知，对不实施“限购”措施的城市，居民家庭首次购买普通住房的商业性个人住房贷款，原则上最低首付款比例调整为25%，各地可向下浮动5个百分点301。河源市是否随后发布了新的执行细则，在提供的检索内容中未予体现。因此，以上答复仅供您了解历史政策，不构成对当前有效政策的解读。
最终执行：历史政策文件也明确指出，银行业金融机构会根据借款人信用状况、还款能力、风险防控等因素，在政策底线上确定最终的具体首付比例和利率水平102303。",河源市人民政府关于促进市区房地产市场持续健康发展的意见 | 中国人民银行 中国银行业监督管理委员会关于调整个人住房贷款政策有关问题的通知,1.0,答案明确给出了贷款最低首付比例30%，以及贷款利率下限为基准利率的0.7倍，核心要点均覆盖。,False,"在我国推行LPR（贷款市场报价利率）改革之前（即2019年8月前，属于“基准利率”时代），各地的商业性个人住房贷款政策均由人民银行各分支机构结合当地实际，在国家统一确定的下限基础上进行自律设定。

对于**非限购城市**（如广东省河源市），按历史商业性个人住房信贷口径（LPR改革前的基准利率时代），其最低首付比例及贷款利率下限情况通常如下：

### 一、 首套个人住房贷款（首次购买普通自住房）
*   **最低首付比例：** **20%**
    *   *政策背景：* 按照人民银行、原银监会2016年发布的政策，在不实施“限购”措施的城市（如河源），居民家庭首次购买普通住房的商业性个人住房贷款，最低首付款比例原则上为25%，**各地可向下浮动5个百分点，即实际执行的最低首付款比例为 20%**。
*   **贷款利率下限：** 基准利率的 **0.7倍**
    *   *政策背景：* 在LPR实施前，全国商业性个人住房贷款利率的历史绝对下限为**贷款基准利率的0.7倍**（2008年政策确立）。实际操作中，根据各银行的具体政策和借款人信用状况，部分时期也曾执行过0.85倍或0.9倍的利率下限，但政策法规允许的最低下限为0.7倍。

---

### 二、 二套个人住房贷款（拥有一套住房且相应购房贷款未结清）
*   **最低首付比例：** **30%**（部分严控时期为 **60%**）
    *   *政策背景：* 2016年调控后，在不限购城市对拥有1套住房且相应购房贷款未结清的居民家庭，最低首付款比例调整为**不低于 30%**；但在调控较严厉的时期（如2011年“国八条”后），二套房首付款比例要求**不低于 60%**。
*   **贷款利率下限：** 基准利率的 **1.1倍**
    *   *政策背景：* 历史调控政策长期规定，对贷款购买第二套住房的家庭，贷款利率下限**不低于基准利率的1.1倍**。

---

### 💡 延伸补充：现行新政口径（LPR时代）
自2019年8月我国实行LPR定价以及2024年5月17日中国人民银行发布房贷新政后，传统的“基准利率倍数”口径已不再适用，目前最新的信贷口径已大幅放宽：
1.  **首付比例下限：** 对于首套住房商业性个人住房贷款，最低首付款比例调整为不低于 **15%**；二套住房不低于 **25%**。
2.  **利率下限：** 中国人民银行已明确**取消**全国层面首套住房和二套住房商业性个人住房贷款利率下限，目前河源市各商业银行可根据自身经营状况和客户风险自主确定具体的房贷利率。",9,0.5,答案覆盖了贷款利率下限为基准利率0.7倍；但最低首付比例主答为20%，虽在二套情形提到30%，未按参考口径明确回答最低首付30%。,False
G-238,complex,广东省提高省属学校生均拨款标准后，省重点中职学校和国家重点中职学校每生分别执行多少元？,广东省财政厅关于提高省属生均拨款学校生均综合定额拨款标准的通知,广东省财政厅关于提高省属生均拨款学校生均综合定额拨款标准的通知 | 1. 省重点中职学校提高到：8300元；2. 国家重点中职学校提高到：8500元,"AI综合所有相关权威材料后，参考性解读如下，建议点击角标查看所依据的材料原文。
根据2019年11月19日发布的《广东省财政厅关于提高省属生均拨款学校生均综合定额拨款标准的通知》，广东省提高省属学校生均拨款标准后：
省重点中职学校的生均综合定额拨款标准为8300元/生·年101。
国家重点中职学校的生均综合定额拨款标准为8500元/生·年101。
该标准适用于省属公办普通中职学校（含技工学校）101。",广东省财政厅关于提高省属生均拨款学校生均综合定额拨款标准的通知,1.0,答案准确覆盖了省重点中职学校8300元和国家重点中职学校8500元两个要点。,False,"根据广东省财政厅发布的《关于提高省属生均拨款学校生均综合定额拨款标准的通知》（粤财科教〔2019〕206号），自2019年起提高省属生均拨款学校生均综合定额拨款标准。

在提高标准后，省重点中职学校和国家重点中职学校的生均综合定额拨款标准分别如下：

* **省重点中职学校**（含技工学校）：提高到 **8300元/生·年**。
* **国家重点中职学校**（含技工学校）：提高到 **8500元/生·年**。

*(注：同期省属公办普通中职学校的拨款标准提高到 8000元/生·年。)*",4,1.0,答案明确给出省重点中职学校8300元、国家重点中职学校8500元，完全覆盖参考要点,False
G-242,simple,我们在落实汕头濠江区大气污染防治，燃煤机组从什么时候起执行火电厂大气污染物排放标准烟尘排放限值，需要核实执行时点。,关于印发濠江区大气污染防治工作实施方案的通知,《濠江区大气污染防治工作实施方案》｜从2014年7月1日起全区所有燃煤机组执行《火电厂大气污染物排放标准》（GB13223-2011）烟尘排放限值,"AI综合所有相关权威材料后，参考性解读如下，建议点击角标查看所依据的材料原文。
汕头市濠江区所有燃煤机组，从2014年7月1日起，执行《火电厂大气污染物排放标准》（GB13223—2011）烟尘排放限值1。",关于印发濠江区大气污染防治工作实施方案的通知,1.0,答案明确给出汕头市濠江区所有燃煤机组自2014年7月1日起执行GB13223-2011烟尘排放限值，完全覆盖要点,False,"根据检索到的参考文献，涉及汕头市濠江区燃煤机组烟尘排放和治理的相关执行时点信息如下：

1. **项目背景**：华能汕头电厂位于汕头市濠江区。
2. **执行时点核实**：根据广东省发展改革委发布的《关于广州珠江电厂1、2号机组等燃煤发电机组执行除尘电价的函》，华能汕头电厂相关燃煤机组的除尘设施通过了环保部门的验收，烟尘排放浓度符合相关要求，并获批执行除尘电价，具体执行时点为：
   * **华能汕头电厂2、3号机组**：自 **2013年11月21日起** 执行。
   * **华能汕头电厂1号机组**：自 **2014年4月11日起** 执行。

关于濠江区燃煤机组整体强制执行《火电厂大气污染物排放标准》中烟尘排放限值的其他统一政策下达时点，在检索到的参考文献中未有进一步提及。",5,0.0,答案给出了电厂个别机组的除尘电价执行时间，但没有覆盖“2014年7月1日起全区所有燃煤机组执行烟尘排放限值”这一核心时点。,False
G-244,complex,广东省中央财政城镇保障性安居工程补助资金分配中，老旧小区改造与棚户区改造的对应权重分别是多少？,广东省财政厅 广东省住房和城乡建设厅关于印发《中央财政城镇保障性安居工程补助资金广东省管理实施办法》的通知,广东省财政厅 广东省住房和城乡建设厅关于印发《中央财政城镇保障性安居工程补助资金广东省管理实施办法》的通知 | 1. 老旧小区改造：30%；2. 棚户区（城市危旧房）改造：10%,"AI综合所有相关权威材料后，参考性解读如下，建议点击角标查看所依据的材料原文。
根据您的问题，我查阅了相关文件。关于广东省中央财政城镇保障性安居工程补助资金分配中老旧小区改造与棚户区改造的权重，需要区分常规资金分配和奖励资金分配两种情况。具体要求如下：
1.奖励资金分配权重
根据2024年6月26日发布的《中央财政城镇保障性安居工程补助资金广东省管理实施办法》，在奖励资金分配中，老旧小区改造与棚户区（城市危旧房）改造有明确的权重比例103：
老旧小区改造：分配权重为30%103。
棚户区（城市危旧房）改造：分配权重为10%103。
该办法还特别说明，当老旧小区改造计划停止后，其原有的30%权重将调整至住房保障和城中村改造方向，分别变为60%和30%103。
2.常规补助资金分配方式
对于非奖励的常规补助资金，《办法》规定老旧小区改造和棚户区（城市危旧房）改造资金均采取“项目储备申报和因素法相结合”的方式进行分配，并结合财政困难程度进行调节。该类资金的分配公式中并未直接设定类似奖励资金那样的固定方向权重，而是依据各地区的具体任务量（如改造面积、户数、套数等）和相关因素进行测算101102：
老旧小区改造资金：计算公式考虑了各地区的老旧小区改造面积（权重40%）、改造户数（权重40%）、改造楼栋数（权重10%）、改造小区个数（权重10%）等因素，并乘以各地区财政困难程度系数101。请注意，这里的权重是计算公式内部各因素的权重，而非老旧小区改造在整个补助资金大盘中的比例。
棚户区（城市危旧房）改造资金：计算公式直接以各地区棚户区（城市危旧房）改造套数为基础，乘以各地区财政困难程度系数进行分配102。
总结因此，在回答您关于“对应权重”的问题时，最直接、明确的方向性分配权重出现在奖励资金部分：老旧小区改造为30%，棚户区改造为10%103。对于补助资金的主体部分，则是通过因素法公式进行计算分配101102，文章未提供其在整个资金盘中的固定占比。",广东省财政厅 广东省住房和城乡建设厅关于印发《中央财政城镇保障性安居工程补助资金广东省管理实施办法》的通知,1.0,答案明确给出老旧小区改造30%、棚户区（城市危旧房）改造10%，与参考要点一致。,False,"在广东省及全国城镇保障性安居工程补助资金的分配中，关于“老旧小区改造”与“棚户区改造”的权重分配，可以从以下两个维度（现行政策的因素测算权重、历史政策的保障目标系数权重）来进行解答：

### 一、 现行政策：各专项资金内部的分配权重（任务量 vs 绩效）
根据财政部、住房城乡建设部印发的《中央财政城镇保障性安居工程补助资金管理办法》（财综〔2024〕15号），以及《广东省财政厅 广东省住房和城乡建设厅关于印发〈中央财政城镇保障性安居工程补助资金广东省管理实施办法〉的通知》（粤财建〔2024〕40号）的有关规定，中央财政城镇保障性安居工程补助资金采用**因素法**进行分配。

在对各市县进行资金分配测算时，老旧小区改造和棚户区改造分别作为独立的专项资金池进行计算，其内部对应的“任务量”与“绩效”权重分别是：

*   **城镇老旧小区改造资金**：
    *   **老旧小区改造任务量**：对应权重为 **80%**；
    *   **相关绩效因素**（如资金使用进度、绩效评价结果、日常监管情况等）：对应权重为 **20%**。
*   **棚户区（城市危旧房）改造资金**：
    *   **棚户区改造任务量**：对应权重为 **80%**；
    *   **相关绩效因素**：对应权重为 **20%**。
*   *（注：同属于该补助资金的“租赁住房保障资金”也同样按照 任务量80% + 绩效20% 的权重比例进行分配）*。

---

### 二、 历史政策：不同安居工程目标任务之间的折算系数权重
在保障性安居工程补助资金早期（如2019年及以前）的合并测算中，广东省曾采用将不同安居任务折算为统一系数的分配模式。根据广东省住房和城乡建设厅公布的资金分配方案，不同改造/保障任务的对应系数权重为：

*   **城市棚户区改造**的目标套数：系数定为 **0.8**（折合权重 **80%**）；
*   **实施发放租赁补贴**的目标户数：系数定为 **0.2**（折合权重 **20%**）。

*（注：在当时的合并分配模式中，老旧小区改造尚未成为该补助资金的主要切块。随着近几年国家对城镇老旧小区改造的重视，中央和广东省已将老旧小区改造列为该项资金独立且重要的支持方向，并转为上述“各专项资金独立按 80% 任务量 + 20% 绩效”的方式进行精准下达，确保专款专用。）*",11,0.0,答案将老旧小区改造和棚户区改造均表述为80%等内容，未覆盖参考要点中的30%和10%。,False
G-248,complex,普通本科高校聘请产业兼职教师时，一般年龄上限是多少周岁，国家急需专业领域专家可放宽到多少周岁？,教育部等八部门关于印发《普通本科高校产业兼职教师管理办法》的通知,教育部等八部门关于印发《普通本科高校产业兼职教师管理办法》的通知 | 1. 聘请时年龄上限：65周岁；2. 国家急需学科专业领域专家可放宽至：70周岁,"AI综合所有相关权威材料后，参考性解读如下，建议点击角标查看所依据的材料原文。
根据《教育部等八部门关于印发〈普通本科高校产业兼职教师管理办法〉的通知》（发布日期：2025年02月08日），普通本科高校聘请产业兼职教师的年龄要求如下1：
一般年龄上限：聘请时年龄不超过65周岁（含）1。
国家急需学科专业领域专家放宽标准：对于国家急需学科专业领域的专家，年龄可放宽至70周岁1。",教育部等八部门关于印发《普通本科高校产业兼职教师管理办法》的通知,1.0,答案准确覆盖了65周岁上限和可放宽至70周岁两项要点。,False,"根据教育部、中共中央组织部、科技部、工业和信息化部、财政部、人力资源社会保障部、国务院国资委以及国家税务总局等八部门联合印发的《普通本科高校产业兼职教师管理办法》规定，普通本科高校聘请产业兼职教师的年龄要求如下：

* **一般年龄上限**：聘请时年龄原则上不超过 **65周岁（含）**。
* **国家急需专业领域专家**：国家急需学科专业领域的专家，年龄可放宽至 **70周岁**。

此外，聘请产业兼职教师还需满足以下基本条件：
1. **在职要求**：原则上应为企事业单位在职人员。
2. **工作经历**：一般应具有在国家和省（区、市）重点企事业单位、大中型高新技术企业或行业学会（协会）、专精特新企业、小巨人企业三年及以上工作经历。
3. **学历与职称**：原则上应具有大学本科及以上学历，副高级及以上专业技术职务或高级技师及以上技能等级或行业资深经验（对于在相关行业中具有一定声誉和造诣的能工巧匠，可适当放宽学历职称等要求）。",7,1.0,答案明确给出一般年龄上限65周岁，以及国家急需学科专业领域专家可放宽至70周岁，覆盖全部要点,False
G-251,simple,我们在落实肇庆规范性文件清理结果，需要修订的规范性文件原则上要在多久内完成修订，需要核实时限。,肇庆市人民政府关于公布规范性文件清理结果的通知,《肇庆市人民政府规范性文件清理结果通知》｜需组织修订的规范性文件原则上应自通知印发之日起1年内完成修订工作,"AI综合所有相关权威材料后，参考性解读如下，建议点击角标查看所依据的材料原文。
根据肇庆市的相关规定，对于需要组织修订的规范性文件，原则上应当自相关公布清理结果的通知印发之日起1年内完成修订工作1。
关于时限要求的具体出处与执行主体：
该1年修订期限的规定，来源于《肇庆市人民政府关于公布规范性文件清理结果的通知》（发布日期为2018年01月19日）1。
修订工作由负责组织实施该文件的市政府部门牵头，并由市法制局负责督促落实1。
特别提醒：
上述规定出自2018年的清理通知。您当前落实清理结果时，应注意核对该次清理工作所发布的具体通知日期，以此作为计算1年修订期限的起点。
同时，由于距离该文件发布已有一段时间，建议您向肇庆市相关部门（例如文中提及的市法制局，其职能后续可能已整合至市司法局）进一步核实，在您当前处理的这轮清理工作中，对规范性文件的修订时限是否有更新的要求或特别部署，以确保执行无误。",肇庆市人民政府关于公布规范性文件清理结果的通知,1.0,答案明确给出需修订的规范性文件原则上应自通知印发之日起1年内完成修订，核心要点已覆盖。,False,"根据《肇庆市人民政府关于公布规范性文件清理结果的通知》等相关政策规定，关于清理结果中需要修订的规范性文件，其完成修订的时限要求如下：

* **时限要求**：原则上应当自清理结果通知印发之日起 **1年内** 完成修订工作。
* **职责分工**：由负责组织实施该文件的市政府部门牵头修订，市法制局（司法行政部门）负责督促落实。",2,1.0,答案明确说明需修订的规范性文件原则上应自通知印发之日起1年内完成修订，覆盖要点。,False
G-269,simple,有群众来咨询，听说湛江公积金提取管严了，像频繁变更婚姻关系买房这种情况还能不能提取，需要核实提取限制答复。,湛江市住房公积金管理委员会关于调整优化住房公积金提取使用政策的通知,《湛江市住房公积金提取使用政策调整》｜同一人3次或以上变更婚姻关系购房、3人或以上频繁买卖同一套住房等情况，不允许申请提取住房公积金,"AI综合所有相关权威材料后，参考性解读如下，建议点击角标查看所依据的材料原文。
根据您提供的检索材料，关于湛江市住房公积金提取的限制，特别是针对“频繁变更婚姻关系买房”的情况，答复如下：
明确禁止提取：根据《湛江市住房公积金提取管理办法》，存在“同一人多次（3次或以上）变更婚姻关系购房”情形的，不得提取住房公积金账户内的存储余额9。该规定是明确的提取限制条件。
其他相关限制：该办法同时规定，“多人（3人或以上）在五年内频繁买卖同一套住房”等情况的，同样不得提取9。
政策时效：上述限制规定出自2022年5月26日发布的《湛江市住房公积金提取管理办法》，是目前检索材料中关于提取资格限制的最新且直接相关的依据9。后续发布的关于还贷提取优化调整的政策，主要涉及提取额度、频次和方式，并未废止或修改上述关于提取资格的限制性条款16。
因此，对于群众咨询的“频繁变更婚姻关系买房”能否提取公积金的问题，答案是不能。",湛江市住房公积金管理委员会关于印发《湛江市住房公积金管理委员会关于湛江市住房公积金提取管理办法》的通知 | 关于进一步优化调整我市住房公积金偿还购房贷款提取业务的实施细则 | 湛江市住房公积金管理委员会关于进一步优化调整我市住房公积金偿还购房贷款提取有关事项的通知,1.0,答案明确覆盖同一人3次或以上变更婚姻关系购房不得提取，并提到3人或以上频繁买卖同一套住房等限制情形。,False,"针对您提到的群众咨询，关于在湛江市通过“频繁变更婚姻关系购房”是否还能申请提取住房公积金的问题，以下是为您整理的核实政策及规范答复口径。

### 一、 政策核实结论：原则上不能提取（属从严审核及限制对象）

**结论：**
**不能提取，或者会被拒绝办理。**
在广东省及湛江市住房公积金管理的相关政策中，**“同一人频繁（多次）变更婚姻关系购房”已被明确列为防范和治理违规提取的重点打击对象，公积金中心将不予办理提取业务。**

---

### 二、 政策依据与限制逻辑

1. **省级治理违规提取的统一标准：**
   根据广东省住建厅、财政厅、公安厅、人行广州分行联合印发的《关于开展治理违规提取住房公积金工作的通知》（粤建金〔2018〕115号）明确要求，各地市必须限制投机性购房提取，防范资金风险。其中明确列出：**同一人多次（频繁）变更婚姻关系购房的，不能申请提取住房公积金。** 湛江市严格贯彻并执行这一省级指导意见。
   
2. **真实的住房消费行为认定：**
   公积金提取必须基于“**真实的住房消费行为**”。通过短期内频繁结婚、离婚，利用婚姻关系协助配偶或他人提取公积金的行为，本质上属于通过虚构住房消费或投机购房进行“骗提套取”。

3. **强大的后台联网审核手段：**
   虽然湛江市近年来推行“放管服”改革，简化了窗口办理的手续（如取消了部分纸质结婚证复印件提交），但这并不意味着审核放松。相反，湛江市公积金中心与**民政局（婚姻档案系统）、不动产登记中心、人民银行征信系统**实现了多方联网。
   业务审核系统和工作人员在后台可以直接调取申请人的婚姻登记变动轨迹和购房交易记录。一旦检测到申请人在短期内多次变更婚姻关系，且每次变更都伴随购房和公积金提取申请，系统会直接将其判定为“异常交易”并拒绝通过审核。

---

### 三、 违规提取的严重后果

若群众执意通过中介机构或采取上述方式“骗提套取”住房公积金，一经查实，公积金中心将采取以下惩戒措施：
1. **限期全额退回：** 责令违规提取人限期内退回全额资金。
2. **记载失信记录：** 个人账户将记载严重失信行为，在一定年限内（通常为3至5年）**限制其公积金提取和贷款申请资格**。
3. **联合惩戒与移送司法：** 严重者将通报至其所在单位纪检监察部门，并将其失信信息推送至人行征信及相关管理部门实施联合惩戒；对于涉嫌伪造证件或违法性质严重的欺诈行为，将直接**移送公安机关追究刑事责任**。

---

### 四、 建议答复群众的“标准口径”（参考话术）

> **前台/热线回复口径建议：**
> 
> “您好！感谢您的咨询。关于您提到的通过变更婚姻关系购房来提取公积金的情况，我们需要明确向您答复：**频繁变更婚姻关系购房的，是不予办理住房公积金提取的。**
> 
> 住房公积金是保障职工刚性及改善性合理住房需求的互助资金。根据国家、广东省以及湛江市治理违规提取的相关规定，同一人多次或频繁变更婚姻关系购房的，不属于真实的住房消费，公积金中心一律不予通过提取审核。
> 
> 目前我们的审核系统已与民政和不动产部门联网，对于婚姻变动频繁、多人频繁交易同一套房等异常情况，系统在后台会自动识别并严格进行限制。若被认定为属于骗提套取行为，不仅资金会被责令退回，个人征信还会被记录严重失信，并且3至5年内将无法再申请公积金贷款或提取，性质严重的还会被移送司法机关处理。
> 
> 请广大缴存职工提高反诈和守法意识，千万不要相信一些非法中介所谓通过‘假结婚’等手段提取公积金",29,1.0,答案明确说明同一人频繁/多次变更婚姻关系购房不予办理住房公积金提取，实质覆盖参考要点核心；虽未精确写明3次或以上及3人频繁买卖同一套住房，但不影响本问核心覆盖。,False
G-271,complex,我们在统计工伤预防工作落实情况，需要核实东莞2024年度和广州五年行动两地数据。东莞2024年工伤预防项目实施了多少个、费用多少？广州工伤预防五年行动计划重点行业事故率要降多少？,关于东莞市2024年工伤预防项目实施情况及工伤预防费用使用情况的公告;广州市人力资源和社会保障局等8个部门关于印发广州市工伤预防五年行动计划实施方案（2021-2025年）的通知,"东莞《2024年工伤预防项目实施情况公告》(40694463)：2024年全市实施工伤预防项目21个、工伤预防费用支出963万元
广州《工伤预防五年行动计划实施方案(2021-2025年)》(52541281)：重点行业5年降低工伤事故和职业病发生率20%左右
差异：东莞给2024年度项目数(21个)+费用(963万)，广州给五年降幅目标(重点行业降20%)","AI综合所有相关权威材料后，参考性解读如下，建议点击角标查看所依据的材料原文。
根据检索到的公开信息，现为您核实相关数据如下：
广州市工伤预防五年行动计划重点行业事故率下降目标
根据《广州市工伤预防五年行动计划实施方案（2021-2025年）》的部署，其目标任务中明确提出：稳步降低工伤事故和职业病发生率，重点行业5年降低20%左右101。
东莞市2024年工伤预防项目实施数量及费用
根据东莞市人力资源和社会保障局发布的《关于东莞市2024年工伤预防项目实施情况及工伤预防费用使用情况的公告》，相关统计数据如下：
实施项目数量：2024年全市实施工伤预防项目21个201。
费用支出：2024年全市工伤预防费用支出963万元201。",广州市人力资源和社会保障局等8个部门关于印发广州市工伤预防五年行动计划实施方案（2021-2025年）的通知 | 关于东莞市2024年工伤预防项目实施情况及工伤预防费用使用情况的公告,1.0,答案准确覆盖东莞2024年项目数21个、费用963万元，以及广州重点行业5年事故率/职业病发生率降低20%左右的目标。,False,"根据您提供的问题，依据检索到的参考文献，相关核实数据如下：

1. **东莞市2024年度工伤预防项目及费用数据**：
   * **项目数量**：2024年东莞全市共实施工伤预防项目 **21个**。
   * **费用支出**：2024年东莞全市工伤预防费用支出共计 **963万元**。

2. **广州市工伤预防五年行动计划事故率降低目标**：
   * **降低目标**：在《广州市工伤预防五年行动计划实施方案（2021-2025年）》中明确提出，要稳步降低工伤事故和职业病发生率，**重点行业5年降低20%左右**。",3,1.0,答案准确覆盖东莞2024年项目数21个、费用963万元，以及广州五年行动重点行业事故率降低20%左右的目标。,False
G-272,simple,有群众来咨询，在茂名用管道天然气、听说实行阶梯价，问我各档分别多少钱一立方，需要核实阶梯价格答复。,茂名市发展和改革局关于茂名市区管道天然气价格调整有关问题的通知,《茂名市区管道天然气阶梯价格调整通知》｜居民阶梯气价三档（4人及以下户）：第一档0-336立方4.50元/m³、第二档336-540立方4.95元/m³、第三档540立方以上5.85元/m³,"AI综合所有相关权威材料后，参考性解读如下，建议点击角标查看所依据的材料原文。
根据您提供的检索材料，茂名市区居民生活用管道天然气实行阶梯价格，各档价格如下13：
第一档：每户每年用气量0-336立方米（含336立方米），价格为每立方米4.50元1。
第二档：每户每年用气量336-540立方米（含540立方米），价格为每立方米4.95元1。
第三档：每户每年用气量540立方米以上，价格为每立方米5.85元1。
补充说明：
上述气量分档标准适用于用气人口为4人及以下的居民用户。若用户用气人口超过4人，每增加一人，每户每年的第一档气量基数上限增加84立方米，第二档气量基数上下限也相应增加84立方米3。
该阶梯价格依据为2016年1月1日发布的《茂名市发展和改革局关于茂名市区管道天然气价格调整有关问题的通知》，检索材料中未包含该通知后续有价格调整的信息1。",茂名市发展和改革局关于茂名市区管道天然气价格调整有关问题的通知,1.0,答案完整给出茂名市区居民管道天然气4人及以下户三档用量区间及对应价格，覆盖参考要点。,False,"根据参考资料，茂名市区居民生活用管道天然气实施阶梯价格制度。具体阶梯价格及相关政策如下：

### 一、 阶梯价格及用气量划分（以4人及以下家庭为例）
居民生活用管道天然气阶梯气价分为三档，级差为 **1∶1.1∶1.3**，按**年度**周期进行计量（在年度周期之间不累计、不结转）：
* **第一档气价**：每户每年用气量在 **0至336立方米（含336立方米）** 之间，价格为 **4.50元/立方米**。
* **第二档气价**：每户每年用气量在 **336至540立方米（含540立方米）** 之间，价格为 **4.95元/立方米**。
* **第三档气价**：每户每年用气量在 **540立方米以上** 的部分，价格为 **5.85元/立方米**。

---

### 二、 多人口家庭政策（超4人家庭）
对于单个居民用户或单个气表对应家庭用气常住人口超过4人的，**每增加1人，可在各档次每户每年用气量基础上增加84立方米**。
* **5人家庭**：第一档为 $\le$ 420立方米，第二档为 420~624立方米，第三档为 $>$ 624立方米。
* **6人家庭**：第一档为 $\le$ 504立方米，第二档为 504~708立方米，第三档为 $>$ 708立方米。
* *（依此类推，第二档上限均含本数）*。

---

### 三、 相关配套及优惠政策
1. **低收入群体气价优惠**：
   本市户籍且在时效范围内的低保户、五保户或特困户等对象，**每户每月15立方米以内**的用气量按居民用气价格的 **80%** 计收（即每立方米3.60元），超出15立方米的部分按正常的阶梯气价标准收取。
2. **特定非居民用户**：
   学校、社会福利机构等执行居民气价的特定非居民用户不执行阶梯气价，其气价按第一、二档的平均值 **4.73元/立方米** 执行。
3. **容量气价及表具费已取消**：
   自2021年3月1日起，茂名市区已**取消了居民生活用管道天然气中的“容量气价”**。同时，**严禁向用户收取天然气计量装置费用**（取消了此前自愿选择无接触式IC卡燃气表可加收177元/只的规定）。",13,1.0,答案明确给出4人及以下居民三档用气量范围及对应价格：0-336立方4.50元/m³、336-540立方4.95元/m³、540立方以上5.85元/m³，覆盖参考要点。,False
G-274,simple,我们在经办韶关首批次新材料保险补偿资格申报，企业弄虚作假骗取资格会有什么后果，需要核实惩戒措施。,韶关市工业和信息化局关于做好2024年首批次新材料保险补偿资格申报工作的通知,《韶关市首批次新材料保险补偿资格申报通知》｜通过提供虚假材料等方式骗取保险补偿资格的，3年内不得申报工业和信息化部相关项目，并追究相应责任,"AI综合所有相关权威材料后，参考性解读如下，建议点击角标查看所依据的材料原文。
根据您提供的检索材料，关于韶关首批次新材料保险补偿资格申报中企业弄虚作假骗取资格的后果，直接依据如下：
资格申报企业若通过提供虚假材料等方式骗取保险补偿资格，将面临3年内不得申报工业和信息化部相关项目的处罚，并按照有关规定追究相应责任1。
适用范围提示：该惩戒措施直接来源于韶关市关于2024年首批次新材料保险补偿资格申报的专项通知，与您咨询的事项直接匹配。其他检索材料中提及的惩戒措施（如列入财政资金申报黑名单、追缴税款等）分别适用于绿色循环发展专项资金、先进制造业企业增值税加计抵减等不同政策项目，其惩戒内容不直接适用于本问题所涉的首批次新材料保险补偿资格申报。",韶关市工业和信息化局关于做好2024年首批次新材料保险补偿资格申报工作的通知,1.0,答案明确说明提供虚假材料骗取保险补偿资格的，3年内不得申报工信部相关项目，并追究相应责任，覆盖参考要点。,False,"根据《韶关市工业和信息化局关于做好2024年首批次新材料保险补偿资格申报工作的通知》的相关规定，若资格申报企业在申报过程中存在弄虚作假、提供虚假材料等行为，将面临以下后果和惩戒措施：

1. **项目申报受限制**：通过提供虚假材料等方式骗取保险补偿资格的，**3年内不得申报工业和信息化部相关项目**。
2. **依法追究责任**：将**按照有关规定追究相应的责任**。

**相关合规要求**：
资格申报企业应当严格遵守国家法律法规，加强业务管控，切实确保其提交的申请材料真实、完整、有效和准确。",4,1.0,答案明确说明骗取资格将导致3年内不得申报工信部相关项目，并追究相应责任，完整覆盖参考要点,False
G-275,partial,我们集团在河源和成都都有分公司、要给职工交医保，河源和成都的单位、个人缴费比例分别多少？请整理供经办对接。,印发河源市基本医疗失业工伤生育保险市级统筹实施方案的通知,"【部分答案·库内可查】河源城镇职工医保单位缴费6.5%、职工个人2%；灵活就业人员5.5%（全部个人缴纳，来源 fileId 40941786，库内有）。
【部分答案·库外查无】成都职工医保缴费比例属四川省政策，本库未收录，模型应诚实标注“成都部分查不到、建议咨询成都医保局”，不可编造成都比例。","AI综合所有相关权威材料后，参考性解读如下，建议点击角标查看所依据的材料原文。
抱歉，在本次检索到的文章中，未能找到关于成都市职工医保缴费比例的具体官方文件。检索结果中仅包含了广东省、河源市、广州市等地的相关政策，这些地域范围与成都市不符，无法作为成都市缴费比例的直接依据。
以下是基于检索结果整理的河源市职工医保缴费比例信息，供您在经办对接时参考：
河源市职工医保缴费比例
根据河源市相关政策，职工医保缴费比例因企业类型（内资/外资）及政策调整时间有所不同，目前执行的最新标准如下：
参保主体单位缴费比例个人缴费比例适用条件 / 备注内资企业(一般城镇职工)5.5%2042072%201缴费基数已从3028元降至2408元（自2016年8月1日起执行）204207。外资企业员工1.5%202个人不缴费202此为河源市对外资企业实行的最优惠缴费政策202204。灵活就业人员无雇主单位5.5% (全部由个人缴纳)203此为非全日制或灵活就业人员自行参保的比例，仅供参考。其他需注意的缴费项目：
补充医疗保险费：自2014年1月1日起，标准为11元/人·月，其中单位负担8元，个人负担3元205。
缴费基数说明：单位缴费基数为本单位职工个人缴费工资基数之和，个人缴费工资基数以申报个人所得税的工资、薪金总额计算201。
关于成都市缴费比例的说明
由于本次未获取到成都市的相关官方文件，无法为您提供其具体的缴费比例。全国层面的指导性比例为单位缴费6%左右、个人缴费2%101104，但各地会根据本地医保基金运行情况调整（如实施阶段性降低费率政策302），因此不能直接将国家指导比例或河源市比例套用于成都市。
给您的经办建议：为了确保信息准确无误，建议您通过以下官方渠道查询成都市2026年度最新的职工医保缴费标准：
访问成都市医疗保障局官方网站或官方微信公众号。
拨打成都市医疗保障服务热线（如：12393）进行咨询。
咨询公司所在地的社保经办机构。",河源市人民政府办公室关于印发河源市降低费（险金）率水平工作方案的通知 | 河源市人民政府关于印发河源市降低实体经济企业成本工作方案的通知 | 印发河源市基本医疗失业工伤生育保险市级统筹实施方案的通知 | 河源市人民政府办公室关于调整全市城镇职工基本医疗保险年度最高支付限额和补充医疗保险费的通知 | 《关于建立医疗保障待遇清单管理制度的意见（征求意见稿）》公开征求意见 | 国务院关于建立城镇职工基本,0.6667,河源城镇职工单位比例答成5.5%，未覆盖参考要点6.5%+个人2%；覆盖了灵活就业人员5.5%全额个人缴纳；成都部分诚实说明库内查不到并建议咨询官方。,False,"为了便于贵集团在**河源**和**成都**两地分公司的HR及社保经办人员做好无缝对接，以下为您整理了两地职工基本医疗保险（含生育保险、大病/补充医疗保险）的最新缴费比例、测算标准及经办要点：

---

### 一、 河源与成都职工医保缴费比例一览表

| 统筹地区 | 险种细分项目 | 单位（企业）缴费比例 | 个人缴费比例 | 备注说明 |
| :--- | :--- | :--- | :--- | :--- |
| **成都分公司**<br>*(标准统账结合模式)* | **职工基本医疗保险** | 6.5% | 2.0% | 两地均已实现医保与生育保险合并申报与征收。 |
| | **生育保险** | 0.8% | 0% | 个人无需缴纳。 |
| | **大病医疗互助补充保险** | 0.6% | 0% | 属于成都特色险种，通常由单位全额承担。 |
| | **【成都合计】** | **7.9%** | **2.0%** | **单位总计 7.9%，个人总计 2.0%**。 |
| **河源分公司** | **职工基本医疗保险** | 6.0% | 2.0% | 广东省标准险种结构。 |
| | **生育保险** | 0.5% | 0% | 个人无需缴纳。 |
| | **补充/大病医疗保险** | 约 8 元/人·月 | 约 3 元/人·月 | 或由大病保险资金从基本医保统筹基金中划拨，不额外增加单位负担（具体以当年税务扣缴系统实扣为准）。 |
| | **【河源合计】** | **6.5% + 固定额度** | **2.0% + 固定额度** | **单位总计约 6.5% ，个人总计 2.0%**。 |

---

### 二、 成都分公司经办对接要点

1. **缴费模式选择：**
   成都职工医保分为“统账结合”和“单建统筹”两种模式。集团分公司职工**必须统一按“统账结合”模式参保**（该模式下员工才有医保个人账户划入，且生育、大病待遇保障更全）。
2. **大病医疗互助补充保险：**
   成都市的“大病医疗互助补充保险”是保障职工高额医疗费用的重要互助险种，单位费率为 **0.6%**（由单位申报并承担，个人不缴费）。
3. **生育保险合并：**
   单位生育保险费率标准为 **0.8%**，与职工医保合并征收（在申报系统里勾选职工医保后系统会自动关联生育保险）。
4. **经办系统：**
   成都市职工社保与医保通常在“四川省医疗保障信息平台公共服务平台”进行线上申报与增减员，医保费用由税务部门统一扣缴。

---

### 三、 河源分公司经办对接要点

1. **生育保险合并：**
   广东省已全面合并生育保险和职工医保。河源市的单位生育保险费率为 **0.5%**，单位在申报时，医保+生育的合并单位费率通常为 **6.5%**。
2. **补充医疗保险（大病保险）：**
   河源市设有职工补充医疗保险。根据历史政策，该项费用多按固定金额征收（如每人每月 11 元，其中单位负担 8 元、个人负担 3 元）。在实际经办中，部分大病保险费用已转为由医保基金统筹划拨。经办人员在首次办理河源社保申报时，需**以税务扣缴端（如广东省电子税务局 V-tax 或社保费管理客户端）核定的最终账单为准**。
3. **经办系统：**
   河源市的医保经办通常在“广东省医疗保障信息平台”办理医保增减员，费用通过“广东省电子税务局”进行申报和绑定银行卡扣缴。

---

### 四、 经办对接核心建议（致HR及财务经办）
",12,0.3333333333,答案覆盖了河源职工医保单位6.5%、个人2%；未提灵活就业5.5%；且编造成都缴费比例，未按参考要求说明库内查不到并建议咨询成都医保局。,False
G-276,complex,广东省提高省属本科高校生均拨款标准后，普通本科学校和高水平大学每生分别执行多少元？,广东省财政厅关于提高省属生均拨款学校生均综合定额拨款标准的通知,广东省财政厅关于提高省属生均拨款学校生均综合定额拨款标准的通知 | 1. 省属公办普通本科学校生均综合定额拨款标准提高到：12000元；2. 高水平大学提高到：14000元,"AI综合所有相关权威材料后，参考性解读如下，建议点击角标查看所依据的材料原文。
根据《广东省财政厅关于提高省属生均拨款学校生均综合定额拨款标准的通知》，广东省省属公办普通本科学校生均综合定额拨款标准提高到12000元/生·年，高水平大学提高到14000元/生·年101。",广东省财政厅关于提高省属生均拨款学校生均综合定额拨款标准的通知,1.0,答案明确给出普通本科学校12000元/生·年、高水平大学14000元/生·年，覆盖全部要点,False,"根据广东省财政厅发布的《广东省财政厅关于提高省属生均拨款学校生均综合定额拨款标准的通知》（粤财科教〔2019〕206号），自2019年起，广东省提高了省属公办高校等学校的生均综合定额拨款标准。

其中，省属本科高校的具体拨款标准执行如下：

* **普通本科学校**（省属公办普通本科学校）：提高到 **12,000元/生·年**。
* **高水平大学**：提高到 **14,000元/生·年**。

**补充参考：**
该政策同时调整了省属公办职业学校的标准，具体为：
* **省属公办高职学校**：提高到 **10,000元/生·年**。
* **省属公办普通中职学校**（含技工学校）：提高到 **8,000元/生·年**（省重点中职学校为 8,300元/生·年；国家重点中职学校为 8,500元/生·年）。",8,1.0,答案明确给出普通本科学校12000元/生·年、高水平大学14000元/生·年，覆盖全部参考要点。,False
G-277,complex,按2016—2018年潮州市大病保险历史规则，自付费用年度累计的两个分段阈值分别是1万元和多少万元？,关于2016至2018年度城乡居民和职工大病保险及补充医疗保险有关问题的通知,关于2016至2018年度城乡居民和职工大病保险及补充医疗保险有关问题的通知 | 1. 自付费用年度累计未超过：1万元；2. 自付费用年度累计超过：3万元,"AI综合所有相关权威材料后，参考性解读如下，建议点击角标查看所依据的材料原文。
根据《关于2016至2018年度城乡居民和职工大病保险及补充医疗保险有关问题的通知》（发布日期：2016年1月26日），对于2016年至2018年期间潮州市的大病保险，无论是城乡居民还是职工，其自付费用年度累计的赔付标准均设置了一个1万元的起付门槛和3万元的第二个分段阈值12。
具体分段赔付标准如下：
城乡居民大病保险：自付费用年度累计未超过1万元的部分由个人负担；超过1万元且不超过3万元的部分，按55%的比例赔付；超过3万元以上的部分，按70%的比例赔付。年度累计赔付限额为30万元1。
职工大病保险：自付费用年度累计未超过1万元的部分由个人负担；超过1万元且不超过3万元的部分，按70%的比例赔付；超过3万元以上的部分，按90%的比例赔付。年度累计赔付限额为60万元2。
因此，您询问的第二个分段阈值为3万元。",关于2016至2018年度城乡居民和职工大病保险及补充医疗保险有关问题的通知,1.0,答案明确说明两个分段阈值为1万元和3万元，并给出对应分段标准。,False,"根据《关于2016至2018年度城乡居民和职工大病保险及补充医疗保险有关问题的通知》（潮人社函〔2016〕12号）规定，2016—2018年潮州市大病保险自付费用年度累计的两个分段阈值分别是1万元和**3万元**。

具体的分段赔付规则如下：

* **城乡居民大病保险**：
  * 年度累计未超过**1万元**的部分由个人负担；
  * 年度累计超过**1万元且不超过3万元**的部分，按55%的比例赔付；
  * 年度累计超过**3万元**以上的部分，按70%的比例赔付（年度累计赔付限额为30万元）。

* **职工大病保险**：
  * 年度累计未超过**1万元**的部分由个人负担；
  * 年度累计超过**1万元且不超过3万元**的部分，按70%的比例赔付；
  * 年度累计超过**3万元**以上的部分，按90%的比例赔付（年度累计赔付限额为60万元）。",7,1.0,答案明确给出了两个分段阈值：1万元和3万元，覆盖全部参考要点。,False
G-279,complex,广东省2025年度大数据工程技术职称有效材料从本级评审年度几月起算，截止到高一级职称评审年度几月？,关于做好2025年度广东省大数据工程技术人才职称评审与初次职称考核认定工作的通知,关于做好2025年度广东省大数据工程技术人才职称评审与初次职称考核认定工作的通知 | 1. 有效材料时段的起算时间为本级职称评审年度：9月；2. 截止时间为高一级职称评审年度：12月,"AI综合所有相关权威材料后，参考性解读如下，建议点击角标查看所依据的材料原文。
您好！根据您查询的关于广东省2025年度大数据工程技术人才职称评审有效材料起止时间的问题，相关政策规定因您取得本级职称的年度而有所不同。
由于问题未明确您本级职称的取得方式和年份，以下为您梳理通知中列出的不同情形，请您根据自身实际情况对应查看12：
1.如果您是在 2021 年度及此后年度评审取得职称的人员
有效材料起算时间：本级职称评审年度的下一自然年1月1日12。例如，若您在2025年6月通过了2024年度的职称评审，那么有效材料时段的起算时间即为2025年1月1日3。
有效材料截止时间：申报高一级职称评审年度的12月31日12。
2.如果您是在 2020 年度及以前年度评审取得职称的人员
有效材料起算时间：本级职称评审年度的9月1日123。
有效材料截止时间：高一级职称评审年度的12月31日123。
3.如果您是通过考试和认定取得职称的人员
有效材料起算时间：考试和认定的通过之日12。
有效材料截止时间：高一级职称评审年度的12月31日12。
请您先行确认本级职称的取得年度和方式，再对应上述规则即可得出准确的起止时间。",关于做好2025年度广东省大数据工程技术人才职称评审与初次职称考核认定工作的通知,1.0,答案明确提到本级职称评审年度9月1日起算，并提到高一级职称评审年度12月31日截止；虽列出其他情形但覆盖了参考要点。,False,"根据《关于做好2025年度广东省大数据工程技术人才职称评审与初次职称考核认定工作的通知》及广东省人社厅《关于做好2025年度职称评审工作的通知》，关于申报高一级职称时，职称资历年限和**申报材料（有效材料）时段**的计算，需根据您**取得现职称（本级职称）的时间和途径**来分类起算：

### 1. 对于 2021 年度及此后评审取得现职称的人员
* **起算时间**：本级职称评审年度的下一自然年 **1月1日**（即下一年度的 **1月** 起算）。
* **截止时间**：申报高一级职称评审年度的 **12月31日**（即 2025 年的 **12月** 截止）。

### 2. 对于 2020 年度及以前年度评审取得现职称的人员
* **起算时间**：本级职称评审年度的 **9月1日**（即当年的 **9月** 起算）。
* **截止时间**：申报高一级职称评审年度的 **12月31日**（即 2025 年的 **12月** 截止）。
*(注：资历年限起算时间为本级职称评审年度的1月1日)*

### 3. 对于通过“考试”和“初次考核认定”取得现职称的人员
* **起算时间**：考试或认定通过之日。
* **截止时间**：申报高一级职称评审年度的 **12月31日**（即 2025 年的 **12月** 截止）。

---

**总结示例（以申报 2025 年度大数据高级职称评审为例）：**
* 若您的现中级职称是 **2021年度** 评审通过的，则：
  * 材料起算时间：**2022 年 1 月 1 日**
  * 材料截止时间：**2025 年 12 月 31 日**
* 若您的现中级职称是 **2020年度** 评审通过的，则：
  * 材料起算时间：**2020 年 9 月 1 日**
  * 材料截止时间：**2025 年 12 月 31 日**",26,1.0,答案明确写到有效材料可从本级评审年度9月起算，截止到高一级职称评审年度12月，覆盖了两个要点。,False
G-283,complex,阶段性降低社会保险费率政策实施时，单位缴费比例由多少降至多少？,人力资源社会保障部 财政部关于阶段性降低社会保险费率的通知,人力资源社会保障部 财政部关于阶段性降低社会保险费率的通知 | 1. 单位缴费比例：20%；2. 可以阶段性将单位缴费比例降低至：19%,"AI综合所有相关权威材料后，参考性解读如下，建议点击角标查看所依据的材料原文。
养老保险：根据国家级政策，自2019年5月1日起，单位缴费比例高于16%的，可降至16%8。更早的政策则规定，自2016年5月1日起，单位缴费比例超过20%的降至20%，符合条件的可降至19%5；自2018年5月1日起，符合条件的可阶段性执行19%的单位缴费比例10。
失业保险：根据国家级政策，自2016年5月1日起，总费率可阶段性降至1%—1.5%，其中个人费率不超过0.5%6。广州市在2021年的政策中，将原缴费系数为0.6的下调为0.4，原为0.8的下调为0.61。
工伤保险：根据广东省及广州市政策，在2021年5月1日至2022年4月30日期间，用人单位缴费费率统一按阶段性下调50%执行12。
职工社会医疗保险：广州市在2020年2月至6月期间，对符合条件的企业等单位，单位缴费费率减半征收，由原费率降至3.5%4。
检索材料不足以完整回复，以上仅供参考。",国务院办公厅关于印发降低社会保险费率综合方案的通知 | 人力资源社会保障部 财政部关于阶段性降低社会保险费率的通知 | 人力资源社会保障部 财政部关于继续阶段性降低社会保险费率的通知 | 广州市人力资源和社会保障局关于印发《援企稳岗政策清单和工作指引》的通知 | 《广东省减轻企业负担推动企业高质量发展工作方案》（粤人社发〔2021〕13号） | 广州市阶段性减免企业社会保险费政策介绍,1.0,答案明确提到单位缴费比例降至20%，符合条件可阶段性降至19%，覆盖参考要点,False,"在我国实施“阶段性降低社会保险费率”及“降低社会保险费率综合方案”等政策的不同阶段，针对不同险种（尤其是养老保险和失业保险），单位缴费比例的降幅有所不同。以下为您整理几个主要政策实施阶段的调整明细：

### 1. 2016年阶段性降低社保费率政策（人社部发〔2016〕36号）
从2016年5月1日起实施的阶段性降低社会保险费率政策中，对单位缴费比例作出了以下调整：
* **企业职工基本养老保险**：
  * 单位缴费比例超过20%的省（区、市），将单位缴费比例降至 **20%**；
  * 单位缴费比例为20%且基金累计结余可支付月数高于9个月的省（区、市），阶段性将单位缴费比例降低至 **19%**。
* **失业保险**：
  * 失业保险总费率（含单位和个人）在2015年已降低1个百分点的基础上，阶段性降至 **1%—1.5%**（其中个人缴费比例不超过0.5%，单位缴费比例相应由以往的1.5%或1.2%下调至 **0.5%—1%** 左右，具体由各省确定）。

---

### 2. 2019年降低社会保险费率综合方案（国办发〔2019〕13号）
从2019年5月1日起，国家推行了更大力度的降低社保费率政策：
* **职工基本养老保险**：
  * 单位缴费比例高于16%的省份，单位缴费比例统一降至 **16%**（在此之前，全国多数省份的单位缴费比例为 **20%**，部分阶段性降低后为 **19%**）。
* **失业、工伤保险**：
  * 延长阶段性降低费率的期限，多地失业保险继续执行1%的缴费比例（如单位缴费降至 **0.5%**，个人缴费 **0.5%**）。

---

### 3. 2020年新冠疫情期间的“阶段性减免企业社会保险费”政策
为应对疫情影响、帮助企业渡过难关，2020年实施了极其特殊的阶段性减免企业养老、失业、工伤三项社保费政策：
* **中小微企业**：
  * 阶段性**免征**单位缴费部分，即单位缴费比例由原比例（如养老保险的16%）降至 **0%**。
* **大型企业等其他参保单位**：
  * 阶段性**减半征收**单位缴费部分，即单位缴费比例降至原标准的 **50%**（例如养老保险单位缴费比例由16%降至 **8%**）。

---

**总结：**
如果您问的是最广为人知的**养老保险降费**：
* 在2016年阶段性降费时，单位缴费比例主要是由 **20% 降至 19%**。
* 在2019年常态化综合降费时，单位缴费比例是由 **20%（或19%）降至 16%**。",20,1.0,答案明确提到2016年阶段性降费中单位缴费比例为20%，且可阶段性降至19%，覆盖两个参考要点。,False
G-284,simple,我们在经办广州工伤预防项目申报，有仓储物流企业问他们这个行当今年有没有被列入工伤预防重点领域，我得先核实政策怎么划定再答复。,广州市人力资源和社会保障局关于广州市2027年度工伤预防重点领域和工伤预防项目申报相关事宜的通知,《广州市2027年度工伤预防重点领域通知》｜纳入工伤保险三类至八类全部行业，及二类行业中的批发、零售、仓储、房地产、租赁、商务服务业，和八类中的非金属矿采选业,"AI综合所有相关权威材料后，参考性解读如下，建议点击角标查看所依据的材料原文。
根据广州市人力资源和社会保障局于2026年4月7日发布的《关于广州市2027年度工伤预防重点领域和工伤预防项目申报相关事宜的通知》，仓储业已被明确纳入广州市2027年度工伤预防重点领域1。
该通知将工伤保险行业风险分类中二类行业的仓储业，以及三类、四类、五类、六类、七类全部行业等纳入了重点领域范围1。
您所咨询的仓储物流企业，其所属的“仓储业”符合上述政策划定，属于2027年度的重点领域1。",广州市人力资源和社会保障局关于广州市2027年度工伤预防重点领域和工伤预防项目申报相关事宜的通知,1.0,答案明确说明二类行业中的仓储业被纳入重点领域，实质覆盖参考要点核心内容。,False,"根据广州市人力资源和社会保障局发布的最新政策（2026年4月8日发布的《关于广州市2027年度工伤预防重点领域和工伤预防项目申报相关事宜的通知》），**仓储业已被明确列入广州市工伤预防重点领域**。

具体的政策划定范围如下：

### 一、工伤预防重点领域划定规则
广州市将以下行业纳入了工伤预防重点领域：
1. 工伤保险行业风险分类中**三类、四类、五类、六类、七类全部行业**；
2. **二类行业中的**：批发业、零售业、**仓储业**、房地产业、租赁业、商务服务业；
3. 八类行业中的：非金属矿采选业。

因此，仓储物流企业所属的“**仓储业**”作为二类行业，属于本次明确纳规的重点领域。

### 二、申报相关事宜提示（供参考答复企业）
1. **申报主体条件**：在境内合法登记（注册）、具备法人资格、依法独立承担民事责任、没有重大违法记录，且属于上述重点领域的**相关行业协会和大中型企业**等社会组织以及有关部门。
2. **申报时间**：该批次（2027年度项目）的网上申报截止时间为 **2026年5月31日前**，需通过广东政务服务网进行申报。",4,1.0,答案明确覆盖了二类行业中的仓储业被纳入，并列出批发、零售、房地产、租赁、商务服务业及非金属矿采选业等政策划定范围，实质满足参考要点。,False
G-288,partial,湛江市2024年度实验技术职称评前公示至少多久？需要投诉时，当前有效的受理部门和电话是否仍需实时核验？,关于做好2024年度湛江市中小学和中职学校实验技术人才职称评审工作的通知,关于做好2024年度湛江市中小学和中职学校实验技术人才职称评审工作的通知 | 1. 评前公示时间不少于5个工作日，同时应公布各县（市、区）教育主管部门投诉受理部门和电话；边界：库内材料只能确认上述制度事实，不能确认截至2026-08-06仍有效的投诉部门和联系电话；联系方式可能调整，应以主管部门最新公开信息为准。,"AI综合所有相关权威材料后，参考性解读如下，建议点击角标查看所依据的材料原文。
您好，关于湛江市2024年度实验技术职称评前公示时长及投诉受理问题，依据官方发布的通知为您解答如下：
一、评前公示时长
根据《关于做好2024年度湛江市中小学和中职学校实验技术人才职称评审工作的通知》规定，评前公示时间不少于5个工作日102。公示地点通常为申报人所在单位的校内显著位置，申报材料放置在单位会议室等公共场所以供查验。若任现职期间存在跨校调动的情况，则需要在所涉及的单位同步进行公示，时长同样不少于5个工作日102。
二、投诉受理部门及电话核验建议
关于实验技术职称评审的投诉受理，政策要求各单位在进行评前公示时，应同时公布各县（市、区）教育主管部门的投诉受理部门和电话102。但是，该通知正文部分并未列出具体的投诉受理部门和电话号码。
直接提供的联系方式仅为评审部门的咨询电话：3336260103，该电话可能不直接承担投诉受理职能。因此，建议您将此号码作为核实信息的线索。
您提出的“受理部门和电话是否仍需实时核验”非常重要。答案是肯定的，原因在于：
信息未直接公开：针对实验技术人才职称评审的投诉受理部门和电话，官方在发布评审通知时并未以固定名单形式附上，而是要求各单位自行公示。
避免信息滞后：官方联系方式可能会因办公地点搬迁、职能调整等原因发生变化。为确保投诉能够有效送达，建议您在需要时通过以下方式进行实时核验：拨打咨询电话：首先可以拨打湛江市教育局的咨询电话3336260103，询问负责本年度实验技术人才职称评审工作的具体科室及其对外公布的投诉电话。
查阅官方网站：直接访问湛江市教育局官方网站，查找人事科或相关办事机构的联系电话，或搜索同期发布的其他相关公告以获取最新联系方式。
关注原始公示信息：如果您是参评人员或与之相关，最准确的方式是查看所在单位张榜公示的内容，其必须公布投诉受理部门和电话102。
总而言之，评前公示时长为不少于5个工作日；投诉受理部门为各级教育主管部门，但具体联系方式没有在通用通知中公开，需要您通过官方渠道进行实时核验，以确保准确无误。",关于做好2024年度湛江市中小学和中职学校实验技术人才职称评审工作的通知,1.0,答案覆盖了不少于5个工作日及需公布投诉受理部门电话；也说明库内通知未给出固定现行联系方式、需实时核验；并强调联系方式可能调整，应以主管部门最新公开信息为准。,False,"根据广东省湛江市教育局发布的官方通知及相关公示，关于2024年度实验技术人才职称评审的公示时间及投诉受理信息，具体解答如下：

### 一、 湛江市2024年度实验技术职称评前公示至少多久？
根据湛江市教育局发布的《关于做好2024年度湛江市中小学和中职学校实验技术人才职称评审工作的通知》，**评前公示时间不少于5个工作日**。

* **公示范围与要求**：学校（单位）需要将确定的具体推荐人选名单及申报材料在校内显著位置张榜公示，并将职称申报纸质材料放置在公共场所供查验。
* **跨单位调动要求**：申报人在任现职期间如有跨校（单位）调动的情况，必须在所涉及的单位同步进行公示，公示时间同样**不少于5个工作日**。

---

### 二、 需要投诉时，当前有效的受理部门和电话是否仍需实时核验？
**是的，非常需要实时核验。** 

尽管官方政策文件和评审公示中会提供相对明确的投诉受理途径和联系电话，但在实际操作中，**依然强烈建议在投诉前进行实时核验**。原因及核验指引如下：

#### 1. 为什么必须实时核验？
* **机构和岗位变动**：随着教育系统内部的行政机构微调、科室职能分工优化或办公地址搬迁，具体负责某一类职称投诉的股室和专职人员可能会发生变动。
* **电话号码变更**：部分办公座机或专用投诉热线可能因设备维护、系统升级或线路调整而存在变更或暂时无人接听的情况。

#### 2. 官方给出的投诉受理部门与电话（参考静态信息）：
* **评前公示阶段**：根据规定，学校在开展评前公示时，应在校内同步公布**各县（市、区）教育主管部门**的投诉受理部门和电话。
* **评后公示阶段**（评审通过人员公示）：
  * **受理部门**：湛江市教育局人事科
  * **联系电话**：（0759）3472199 或 （0759）3336260
  * **联系地址**：湛江市人民大道北76号（邮编：524043）

#### 3. 推荐的实时核验途径：
如果您需要投诉或反映异议，请在提交材料前通过以下方式进行核实，以确保您的信访诉求能够精准、快速送达：
1. **查阅最新官方公告**：登录**湛江市教育局官网**（或对应县/市/区教育局官网），查找最新的“职称通过人员公示”或“职称评审工作通知”，核对文末最新留下的受理股室、电话及邮箱。
2. **通过12345市民热线核实**：拨打湛江市 12345 政府服务热线，查询“湛江市教育局人事科目前负责职称评审投诉的最新办公电话”。",14,1.0,答案覆盖了评前公示不少于5个工作日及应公布投诉部门电话；也说明需实时核验、现有静态联系方式不能保证当前仍有效，并强调以主管部门最新公开信息为准。,False
G-289,complex,茂名市城市公立医院取消药品加成后，调整医疗服务价格和财政或办医主体专项补偿分别承担多少比例？,我市7月15日起城市公立医院取消药品加成 调整医疗服务价格,我市7月15日起城市公立医院取消药品加成 调整医疗服务价格 | 1. 按照调整医疗服务价格补偿：80%；2. 财政（或办医主体）专项补偿：10%,"AI综合所有相关权威材料后，参考性解读如下，建议点击角标查看所依据的材料原文。
根据茂名市的相关政策，茂名市城市公立医院因取消药品加成而减少的合理收入的补偿比例为：
调整医疗服务价格补偿承担 80%101
财政（或办医主体）专项补偿承担 10%101
完整的补偿原则是：按照调整医疗服务价格补偿80%，财政（或办医主体）专项补偿10%，医院自我消化10%的机制进行101。
该政策自2017年7月15日起执行，适用于茂名市辖区内的公立医疗机构（含县级公立医院综合改革的医疗机构）101。",我市7月15日起城市公立医院取消药品加成 调整医疗服务价格,1.0,答案明确给出调整医疗服务价格补偿80%，财政（或办医主体）专项补偿10%，完全覆盖参考要点,False,"根据《茂名市公立医疗机构基本医疗服务价格（2017版）》及公立医院综合改革的相关政策规定，自2017年7月15日起，茂名市辖区公立医疗机构全面取消药品加成（中药饮片除外）。

对于公立医院因取消药品加成而减少的合理收入，其补偿与分担比例的具体安排如下：

* **调整医疗服务价格**：承担 **80%** 的比例；
* **财政（或办医主体）专项补偿**：承担 **10%** 的比例；
* **医院自我消化**：承担 **10%** 的比例。",4,1.0,答案明确给出调整医疗服务价格补偿80%，财政或办医主体专项补偿10%，覆盖全部参考要点,False
G-293,complex,湛江市标准化专项资金中，主导制定单位和第一协助制定单位的资助上限分别是多少？,湛江市市场监督管理局 湛江市财政局关于印发修改《湛江市实施标准化战略专项资金管理办法》（湛部规2021-24）标题的通知,湛江市市场监督管理局 湛江市财政局关于印发修改《湛江市实施标准化战略专项资金管理办法》（湛部规2021-24）标题的通知 | 1. 资助主导制定单位上限：5万元；2. 资助第一协助制定单位上限：3万元,"AI综合所有相关权威材料后，参考性解读如下，建议点击角标查看所依据的材料原文。
根据《湛江市实施标准化战略专项资金管理办法》（湛部规2021-24）的规定，不同层级的标准，其主导制定单位和第一协助制定单位的资助上限有所不同，具体如下101102103104：
行业标准
主导制定单位：资助上限为不超过15万元101。
协助制定单位：资助上限为不超过9万元101。
省级地方标准
主导制定单位：资助上限为不超过10万元102。
第一协助制定单位：资助上限为不超过6万元102。
市级地方标准
主导制定单位：资助上限为不超过5万元103。
第一协助制定单位：资助上限为不超过3万元103。
团体标准
主导制定单位：资助上限为不超过5万元104。
第一协助制定单位：资助上限为不超过3万元104。
特别提示：该办法同时规定，同一单位在同一年度享受的资助金额原则上不得超过当年度专项资金总额的20%105。",湛江市市场监督管理局 湛江市财政局关于印发修改《湛江市实施标准化战略专项资金管理办法》（湛部规2021-24）标题的通知,1.0,答案中明确包含主导制定单位上限5万元、第一协助制定单位上限3万元，覆盖参考要点；虽额外列出其他标准层级，不影响覆盖。,False,,0,0.0,非安全题无引用→判错,True
G-294,simple,我们在经办韶关国家级制造业单项冠军奖补发放，有企业新评上、问一次性奖补金额多少，需要核实奖励标准答复。,韶关市工业和信息化局关于下达2023年暨第八批国家级制造业单项冠军奖补资金安排计划的通知,《韶关市国家级制造业单项冠军奖补资金安排》｜对新认定的国家级制造业单项冠军企业给予150万元一次性奖补；已获小巨人奖补的按就高原则差额奖补30万元,"AI综合所有相关权威材料后，参考性解读如下，建议点击角标查看所依据的材料原文。
根据检索到的韶关市官方政策文件，关于国家级制造业单项冠军新评上企业的奖补标准，情况比较复杂。相关政策涉及多个文件，金额标准也存在差异，需要根据企业的具体历史获奖情况来确定。现将相关政策梳理如下，供您参考：
一、 针对同一批企业的不同奖补标准
检索到的文件均是关于2023年新认定的第八批国家级制造业单项冠军企业的奖补安排，但标准不同：
标准一：一次性奖励50万元
来源文件：《韶关市工业和信息化局关于下达2024年韶关市中小微企业发展专项资金（专精特新企业认定、单项冠军企业认定奖励资金）的通知》（2024年9月3日发布）2
奖励标准：对2023年国家工信部新认定的第八批全国制造业单项冠军企业，予以一次性奖励50万元3。
案例：在该文件中，获得奖励的企业是“乳源瑶族自治县东阳光化成箔有限公司”3。
标准二：差额奖补30万元
来源文件：《韶关市工业和信息化局关于下达2023年暨第八批国家级制造业单项冠军奖补资金安排计划的通知》（2024年7月15日发布）1
奖励标准：对此前已获得过专精特新“小巨人”奖补或制造业单项冠军奖补的企业，遵循“不得重复奖励”和“就高奖补”的原则，进行一次性差额奖补，标准为每家可再获得30万元1。
适用前提：此标准特别针对非首次获得国家级相关荣誉的企业。
标准三：安排金额150万元
来源文件：《关于韶关市2023年暨第八批国家级制造业单项冠军奖补资金安排计划的公示》（2024年7月4日发布）4
奖励金额：在该公示的安排计划中，为“乳源瑶族自治县东阳光化成箔有限公司”安排了150万元奖补资金4。
二、 核实情况与补贴建议
上述信息显示，对于同一批名单中的企业，其奖补金额在不同文件中记载为50万元和150万元，同时又设有30万元的差额奖补规则。这可能涉及省、市等不同层级的配套资金或多笔资金的叠加。
建议您在执行本次奖补发放时，重点核实以下两点，以确定最终金额：
确认企业历史获奖情况请核实本次申报的新评上企业，此前是否已获得过专精特新“小巨人”企业或其他级别的制造业单项冠军奖补。
若已获得过，则可能适用“就高原则进行一次差额奖补30万元”的政策1。
若从未获得过，则可能按一次性奖励的标准执行。
确认多笔资金的构成对于首次获评的企业，建议进一步向上级工信或财政部门明确，所发放的资金是否为包含多级财政的总额（如50万元为市级奖励，150万元为省市合计，或另有其他资金安排），以免错发或漏发。
由于不同文件对同一事项记载的金额信息存在冲突，且政策按发布时间排序，《关于韶关市2023年暨第八批国家级制造业单项冠军奖补资金安排计划的公示》（发布最早）金额为150万元4；《韶关市工业和信息化局关于下达2023年暨第八批国家级制造业单项冠军奖补资金安排计划的通知》规定了30万元的差额奖补1；《韶关市工业和信息化局关于下达2024年韶关市中小微企业发展专项资金（专精特新企业认定、单项冠军企业认定奖励资金）的通知》则明确了50万元的一次性奖励3。为准确发放，建议以发布时间最新且明确指出对象和金额的文件3为主要依据，并综合考量企业资质，与上级确认后执行。",韶关市工业和信息化局关于下达2024年韶关市中小微企业发展专项资金（专精特新企业认定、单项冠军企业认定奖励资金）的通知 | 韶关市工业和信息化局关于下达2023年暨第八批国家级制造业单项冠军奖补资金安排计划的通知 | 关于韶关市2023年暨第八批国家级制造业单项冠军奖补资金安排计划的公示,1.0,提到了新认定单项冠军可安排150万元，也明确说到已获“小巨人”按就高原则差额奖补30万元；虽有50万元表述冲突，但两项核心要点都覆盖。,False,"根据您检索到的韶关市相关政策及资金安排通知，企业新评上国家级制造业单项冠军，可享受的**一次性奖补金额主要分为省级和市级两部分**。具体核实奖励标准如下：

### 一、 省级奖补资金标准
根据《韶关市工业和信息化局关于下达2023年暨第八批国家级制造业单项冠军奖补资金安排计划的通知》：
1. **常规标准（未曾获得相关奖补的企业）**：
   * 对新认定的国家级制造业单项冠军企业，省级奖补资金标准为**150万元**。
2. **差额奖补标准（此前已获得相关奖补的企业）**：
   * 对已获得过专精特新“小巨人”奖补或制造业单项冠军奖补的企业，根据“同一家企业不得重复奖励”的要求，按照就高奖补的原则进行一次性差额奖补，**每家可再获得30万元的一次性差额奖补**。

---

### 二、 市级奖励资金标准
根据《韶关市工业和信息化局关于下达2024年韶关市中小微企业发展专项资金（专精特新企业认定、单项冠军企业认定奖励资金）的通知》：
* 韶关市会依据《关于推动制造业高质量发展的实施意见》和《若干措施》要求，对新认定的全国制造业单项冠军企业予以**市级一次性奖励50万元**。

---

### 💡 答复建议与注意事项：
1. **总奖补金额**：
   * 若该企业为**纯新评定且以前未获得过“小巨人”等省级奖补**，可获得的奖补总额为 **200万元**（省级150万元 + 市级50万元）。
   * 若该企业**此前已获评过“小巨人”并拿过奖补**，则可获得的奖补总额为 **80万元**（省级差额奖补30万元 + 市级50万元）。
2. **资金用途提醒**（您作为经办人可一并提醒企业）：
   * 奖补资金须实行**专账核算**，直接用于支持企业提升创新能力、专业化与高端化水平（如研发投入、成果转化、技术改造、上市融资等）。
   * 资金**不得用于**工资、水电、房租、餐饮等日常运转支出，也**不得用于**房屋、基金、股票等投资性支出。",15,1.0,答案明确覆盖新认定国家级制造业单项冠军150万元一次性奖补，也覆盖已获小巨人等奖补按就高原则差额奖补30万元。,False
G-298,complex,汕头市土地要素交易中，拆旧复垦建设用地指标和海岸线占补指标的最低保护价分别是多少？,汕头市自然资源局关于激活土地要素助力“百千万工程”的通知,汕头市自然资源局关于激活土地要素助力“百千万工程”的通知 | 1. 拆旧复垦腾出的建设用地指标交易最低保护价：50万元；2. 海岸线占补指标交易最低保护价：20万元,"AI综合所有相关权威材料后，参考性解读如下，建议点击角标查看所依据的材料原文。
根据《汕头市自然资源局关于激活土地要素助力“百千万工程”的通知》（发布日期：2025年07月02日），相关指标的交易最低保护价如下1：
拆旧复垦建设用地指标交易最低保护价为50万元/亩1
海岸线占补指标交易最低保护价为20万元/米1",汕头市自然资源局关于激活土地要素助力“百千万工程”的通知,1.0,答案明确给出拆旧复垦建设用地指标最低保护价为50万元/亩、海岸线占补指标为20万元/米，覆盖全部要点,False,"在广东省汕头市的土地及自然资源要素交易中，相关交易指标严格执行广东省自然资源厅制定的统一标准，并在省级或地方公共资源/土地要素交易平台进行公开交易。

以下是这两项指标的最低保护价：

### 1. 拆旧复垦建设用地指标
* **最低保护价：** **50万元/亩**
* **政策背景与内涵：**
  根据《广东省农村旧住宅基地等建设用地拆旧复垦管理办法》等相关规定，全省（包括汕头市）农村旧住宅基地等建设用地拆旧复垦指标在交易时，实行全省统一的最低保护价。
  * 该指标交易所得收益在扣除复垦复绿成本（每亩约3.5万元，具体以实际为准）及测绘、评估等流转费用后，净收益将全部返还给复垦土地的农村集体经济组织和农民，用于支持乡村振兴和美丽乡村建设。

### 2. 海岸线占补指标（大陆自然海岸线占补指标）
* **最低保护价：** **300万元/千米**（等同于 **300万元/公里** 或 **3000元/米**）
* **政策背景与内涵：**
  根据广东省自然资源厅印发的《广东省大陆自然海岸线占补指标交易管理暂行办法》，为落实“海洋生态文明建设”和“自然海岸线保有率”控制目标，因建设开发确需占用自然海岸线的项目，必须通过“占一补一”的方式进行补偿。
  * 无法自行建设并生态修复等长海岸线以实现占补平衡的建设单位，需通过广东省土地要素交易系统购买“大陆自然海岸线占补指标”。
  * 为防止海岸线资源被低价侵占、促进岸线集约节约利用，该指标交易设置了最低保护价机制，最低保护价标准统一为 **300万元/千米**。

---

**总结表：**

| 指标名称 | 最低保护价 | 计价单位 | 适用地域范围 |
| :--- | :--- | :--- | :--- |
| **拆旧复垦建设用地指标** | **50** | 万元/亩 | 汕头市（执行广东省统一标准） |
| **海岸线占补指标** | **300** | 万元/千米（公里） | 汕头市（执行广东省统一标准） |",1,0.5,答案正确覆盖拆旧复垦建设用地指标最低保护价50万元，但海岸线占补指标给出300万元，与参考要点20万元不符。,False
G-300,simple,梅州市政府投资工程总承包项目开工前，建设单位能否整体或分阶段申请施工许可证或备案，应向哪个部门办理？,梅州市发展和改革局 梅州市住房和城乡建设局 梅州市交通运输局 梅州市水务局印发《关于加强政府投资项目工程总承包管理的若干意见（试行）》的通知,梅州市发展和改革局 梅州市住房和城乡建设局 梅州市交通运输局 梅州市水务局印发《关于加强政府投资项目工程总承包管理的若干意见（试行）》的通知 | 工程总承包项目开工前，建设单位可以整体或者分阶段向项目所在地的住房城乡建设部门或其他行业主管部门申请领取施工许可证或办理施工许可备案，行业部门另有规定的，从其规定,"AI综合所有相关权威材料后，参考性解读如下，建议点击角标查看所依据的材料原文。
根据您的提问，关于梅州市政府投资工程总承包项目开工前，建设单位能否整体或分阶段申请施工许可证或备案，以及办理部门的问题，现依据相关政策文件答复如下：
1.能否整体或分阶段申请？
可以。根据梅州市住房和城乡建设局等部门于2026年1月1日发布的《关于加强政府投资项目工程总承包管理的若干意见（试行）》规定，工程总承包项目开工前，建设单位可以整体或者分阶段向项目所在地的相关部门申请领取施工许可证或办理施工许可备案102。
2.应向哪个部门办理？
应向项目所在地的住房城乡建设部门或其他行业主管部门申请102。具体职责分工如下：
住房城乡建设、交通运输、水务等部门按各自职责，负责对房屋建筑和市政基础设施、交通、水利行业的政府投资项目实施监督，其中也包含了相关项目施工许可环节的监管工作101102。
因此，您项目的办理部门主要取决于项目所属的行业。例如，房屋建筑和市政基础设施项目应向住房城乡建设部门申请，而交通、水利项目则应分别向交通运输、水务部门申请101102。
需特别注意的例外情况： 文件同时指出，行业部门另有规定的，从其规定102。这意味着某些特定行业可能会有更具体或特殊的办理要求，建议您结合具体项目类型进行最终确认。",梅州市发展和改革局 梅州市住房和城乡建设局 梅州市交通运输局 梅州市水务局印发《关于加强政府投资项目工程总承包管理的若干意见（试行）》的通知,1.0,答案明确说明可整体或分阶段申请，办理事项为施工许可证或施工许可备案，部门为项目所在地住房城乡建设部门或其他行业主管部门，并提到行业另有规定从其规定，覆盖参考要点。,False,"根据梅州市的最新政策规定，答案如下：

### 一、能否整体或分阶段申请？
**可以。** 
在项目开工前，建设单位可以根据实际需要，**整体或者分阶段**向相关部门申请领取施工许可证或办理施工许可备案。

### 二、应向哪个部门办理？
建设单位应当向**项目所在地的住房城乡建设部门或其他行业主管部门**办理相关手续。如果相关行业主管部门另有规定的，则从其规定。

---

### 三、政策依据及相关要求
上述规定源自梅州市发展和改革局、梅州市住房和城乡建设局、梅州市交通运输局、梅州市水务局于2025年11月20日联合印发、自**2026年1月1日起施行**的**《关于加强政府投资项目工程总承包管理的若干意见（试行）》**（文件号：MBGS-2025-025）。

该政策在“规范履行项目建设程序”中明确提出：
1. **坚持基本建设程序**：工程总承包项目必须坚持“先勘察、后设计、再施工”原则，确保勘察成果真实性，严禁边勘察、边设计、边施工的“三边工程”。
2. **施工许可办理**：工程总承包项目开工前，建设单位可以**整体或者分阶段**向**项目所在地的住房城乡建设部门或其他行业主管部门**申请领取施工许可证或办理施工许可备案，行业部门另有规定的，从其规定。",6,1.0,答案完整覆盖了要点：明确可整体或分阶段申请，并指出应向项目所在地住房城乡建设部门或其他行业主管部门办理，且提到行业部门另有规定从其规定。,False
G-301,complex,广东省职业教育专项资金中，省级和地市工作经费计提总量上限分别是多少？,广东省财政厅 广东省教育厅关于印发《广东省职业教育“扩容、提质、强服务”资金管理办法》的通知,广东省财政厅 广东省教育厅关于印发《广东省职业教育“扩容、提质、强服务”资金管理办法》的通知 | 1. 省级工作经费计提总量上限：1.5%；2. 地市工作经费计提总量上限：0.5%,"AI综合所有相关权威材料后，参考性解读如下，建议点击角标查看所依据的材料原文。
根据《广东省职业教育“扩容、提质、强服务”资金管理办法》（2023年11月21日发布）第十五条的规定：
省级工作经费计提总量上限为不超过“扩提强”资金总额的1.5%1。
地市工作经费计提总量上限为不超过“扩提强”资金总额的0.5%1。
同时，工作经费计提总量合计不得超过“扩提强”资金总额的2%1。工作经费由省教育厅一并纳入预算细化编制并明确下达1。",广东省财政厅 广东省教育厅关于印发《广东省职业教育“扩容、提质、强服务”资金管理办法》的通知,1.0,答案明确给出省级上限1.5%、地市上限0.5%，覆盖全部参考要点,False,,0,0.0,非安全题无引用→判错,True
G-304,complex,广州市本级储备粮管理中，优质稻谷和普通稻谷的最长储存年限分别是多少？,广州市发展和改革委员会 广州市财政局 中国农业发展银行广州市分行关于简易修改广州市本级储备粮油管理办法的通知,广州市发展和改革委员会 广州市财政局 中国农业发展银行广州市分行关于简易修改广州市本级储备粮油管理办法的通知 | 1. 优质稻谷储存年限上限：1年；2. 普通稻谷上限：2年,"AI综合所有相关权威材料后，参考性解读如下，建议点击角标查看所依据的材料原文。
根据《广州市发展和改革委员会 广州市财政局 中国农业发展银行广州市分行关于简易修改广州市本级储备粮油管理办法的通知》（发布日期：2025年12月31日）的规定：
优质稻谷的最长储存年限为1年101。
普通稻谷的最长储存年限为2年101。
文件同时指出，达到储存年限后，若质量指标仍符合宜存标准，经报市粮管中心同意，可适当延期轮换101。",广州市发展和改革委员会 广州市财政局 中国农业发展银行广州市分行关于简易修改广州市本级储备粮油管理办法的通知,1.0,答案明确给出优质稻谷最长1年、普通稻谷最长2年，覆盖全部要点。,False,"根据《广州市本级储备粮油管理办法》（穗发改规字〔2025〕10号）第七章第三十四条的规定，广州市本级储备粮的储存年限要求如下：

*   **优质稻谷**：最长储存年限（轮换周期）为**不超过 1 年**。
*   **普通稻谷**：最长储存年限（轮换周期）为**不超过 2 年**。

**补充说明：**
1.  **延期轮换：** 达到上述储存年限后，如果稻谷的质量指标仍然符合国家规定的“宜存”标准，在报经广州市储备粮管理中心同意后，可以适当延长其储存和轮换期限。
2.  **其他主要品种储存年限：** 小麦不超过 3 年；成品粮油不超过 1 年，且必须在保质期届满前进行轮换。",5,1.0,答案明确给出优质稻谷不超过1年、普通稻谷不超过2年，覆盖全部要点,False
G-305,simple,有农户来咨询，种冬小麦遇上旱情有施肥补助，问我每亩补多少，需要核实补助标准答复。,关于做好2011年财政支持抗旱保春耕和促进粮食生产有关工作的通知,《财政支持抗旱保春耕和促进粮食生产通知》｜冬小麦抗旱浇水及返青拔节弱苗施肥补助标准均为每亩10元,"AI综合所有相关权威材料后，参考性解读如下，建议点击角标查看所依据的材料原文。
根据检索到的材料，关于冬小麦旱情施肥补助的标准，情况如下：
补助标准：根据一份2011年发布的全国性政策文件，冬小麦返青拔节弱苗施肥补助的标准为每亩10元1。
重要提示：
该补助标准来源于2011年的政策，距今已超过15年，该政策是否仍在执行、标准是否已调整，均无法从现有材料中核实1。
检索材料中未包含广东省或广州市关于冬小麦旱情施肥补助的现行具体标准。广东省近年来的防旱抗旱资金主要用于支持受灾地区统筹安排救灾工作，并未明确提及冬小麦施肥补助的具体金额23。
检索材料不足以完整回复，以上仅供参考。",关于做好2011年财政支持抗旱保春耕和促进粮食生产有关工作的通知 | 广东省财政厅关于下达2021年省级防旱抗旱补助资金的通知 | 广东省财政厅关于安排2019年省级农业应急救灾资金（应急种子储备、抗旱救灾）的通知,1.0,答复明确给出冬小麦返青拔节弱苗施肥补助每亩10元，核心标准已覆盖。,False,"根据国家相关政策及历史标准，冬小麦遇上旱情、弱苗时的施肥与浇水补助标准如下：

### 一、 政策基准标准（参考标准）
根据财政部、农业农村部（原农业部）等部门在应对冬小麦主产区旱情时发布的相关通知（如《关于做好财政支持抗旱保春耕和促进粮食生产有关工作的通知》）：
* **冬小麦返青拔节弱苗施肥补助**：标准通常为**每亩10元**。
* **冬小麦抗旱浇水补助**：标准通常也为**每亩10元**。

*注：上述标准为国家层面在特定干旱年份、针对受灾麦田出台的应急性财政直补基准。*

---

### 二、 实际执行中的三大变化（关键核实点）
在实际执行中，该补助标准和形式会根据**年份、地区和旱情严重程度**进行动态调整，具体表现为：

1. **资金来源与地方配套不同**：
   抗旱施肥补助通常属于中央及地方财政临时追加的应急救灾资金。部分地区在中央每亩10元的基础上，省、市、县财政可能会根据自身财力给予额外的累加补贴。
2. **发放形式可能由“现金”变为“实物/服务”**：
   现在很多地区不再直接给农户发放现金，而是通过**“小麦一喷三防”**等政策进行补贴。即由政府统一采购叶面肥（如磷酸二氢钾）、抗旱剂、杀虫防病药剂等，免费发放给农户自行喷施；或者由政府出资，组织植保无人机等社会化服务组织开展统一免费喷施服务。
3. **精准限额管理**：
   补助通常只针对受旱灾影响较重、符合“弱苗返青拔节”标准的重点麦田，并非所有冬小麦种植户都能全额享受，需要经过村级登记、公示和核实。

---

### 三、 建议您如何答复并协助农户核实
由于各省市当年的具体救灾预算和实施方案有所不同，**建议您先给农户一个客观的解释，并立即通过以下渠道进行核实**：

* **给农户的答复话术建议**：
  > “大叔/大婶，国家针对冬小麦遇旱和弱苗确实有施肥和浇水补助政策，往年国家的基准参考标准是每亩10元左右。不过，每年的具体补助金额、是直接发钱还是发肥料/农药，得看咱们本地今年财政和农业部门的具体文件。我这就帮您向上面部门核实一下今年的具体标准和领用方式，一有消息马上通知您！”
* **核实渠道**：
  1. **首选咨询**：直接拨打或前往您所在的**乡镇政府农业综合服务中心（农技站）**或**村委会**，询问：“今年上级有没有下发冬小麦抗旱弱苗施肥补助或‘一喷三防’的专项资金？每亩补助标准是多少？是通过‘一卡通’发资金还是发实物？”
  2. **上级核实**：若乡镇暂时不清楚，可联系**县农业农村局（种植业管理股/财务股）**或**县财政局（农业股）**，咨询当年针对小麦抗旱保苗补贴的具体实施方案。",6,1.0,答案明确指出冬小麦返青拔节弱苗施肥补助和抗旱浇水补助通常均为每亩10元，覆盖参考要点。,False
G-306,complex,我们在梳理高层次人才政策，需要对比深圳龙华和茂名两地。深圳龙华区对世界大学前500强全日制博士给多少人才津贴？茂名对高层次人才公积金贷款额度上浮到多少？,关于印发《深圳市龙华区重点企业优秀青年人才集聚工程实施方案（试行）》的通知;关于实施我市高层次人才和装配式建筑项目的商品住房住房公积金贷款额度优惠政策的通知,"深圳龙华《重点企业优秀青年人才集聚工程实施方案(试行)》：世界大学前500强全日制博士给予20万元人才津贴（分3年等额发放）、硕士15万元；另按年薪给1万-6万元薪酬奖励
茂名《关于高层次人才和装配式建筑项目商品住房住房公积金贷款额度优惠政策的通知》：高层次人才一人申请公积金贷款最高额度由25万提高到30万、两人（含）以上由40万提高到48万
差异：龙华给“现金津贴20万分3年”，茂名给“公积金贷款额度上浮（一人+5万/两人+8万）”","AI综合所有相关权威材料后，参考性解读如下，建议点击角标查看所依据的材料原文。
好的，我们逐一对比深圳龙华区和茂名市的相关人才政策。
首先，为您梳理深圳龙华区对世界大学前500强全日制博士的人才津贴政策。
根据2017年7月1日起试行的政策，深圳龙华区对符合条件的区重点企业优秀青年人才提供人才津贴，其中：
获得世界大学前500强全日制博士学历学位的人才，给予20万元的人才津贴402。
该津贴在与重点企业签订三年及以上劳动（聘用）合同、连续缴纳社保12个月及以上后提出首次申请，并分3年等额发放402。
需要提示您的是，该政策文件发布日期为2017年，后续可能存在更新或调整，建议您通过官方渠道核实最新执行细则402403。
接下来，为您说明茂名市对高层次人才的公积金贷款额度上浮政策。
根据茂名市的相关规定，对高层次人才公积金贷款额度上浮的具体政策如下：
上浮标准：茂名市人才工作领导小组认定为全职引进的高层次人才，首次向茂名市申请使用住房公积金贷款购买自住住房的，其可贷额度按现行住房公积金贷款政策核定的可贷额度上浮20%104。
额度上限：在上浮20%之后，具体的最高贷款额度变为：一人申请住房公积金贷款，最高贷款额度由25万元提高到30万元104。
两人（含）以上申请住房公积金贷款，最高贷款额度由40万元提高到48万元104。
不叠加规则：需要特别注意的是，茂名市的高层次人才贷款额度上浮政策，与多子女家庭贷款额度上浮及购买装配式住宅贷款额度上浮政策不叠加执行101。
对比总结
政策维度深圳龙华区茂名市适用对象在区重点企业就业的世界大学前500强全日制博士402市人才工作领导小组认定的全职引进高层次人才104扶持内容人才津贴(生活支持)402公积金贷款额度上浮(住房支持)104核心标准给予20万元人才津贴，分3年等额发放402可贷额度上浮20%，一人最高可贷30万元，两人及以上最高可贷48万元104关键条件签订3年及以上劳动合同，并连续缴纳社保12个月以上402首次在茂名申请公积金贷款购买自住住房104政策时效2017年发布，需注意后续更新4024032022年发布102104，不与其他贷款额度上浮政策叠加101",关于印发《深圳市龙华区重点企业优秀青年人才集聚工程实施方案（试行）》的通知 | 关于实施我市高层次人才和装配式建筑项目的商品住房住房公积金贷款额度优惠政策的通知 | 关于印发《茂名市住房公积金个人住房贷款管理办法》的通知,1.0,两项问题都准确回答了，且补充了二者政策差异；参考要点中的三点也都被覆盖。,False,"在对深圳龙华区和茂名市两地的高层次人才政策进行梳理对比后，为您查询到以下具体政策标准：

### 1. 深圳龙华区：对世界大学前500强全日制博士的人才津贴
* **补贴金额**：**8 万元/人**（一次性生活补贴）。
* **对应政策**：《深圳市龙华区新引进优秀青年人才一次性生活补贴申报指南》。
* **申请条件概要**：
  * **院校范围**：申请人所毕业的高校需属于世界排名前500名的大专院校（通常参考上海交通大学世界大学学术排名 ARWU、QS世界大学排名、泰晤士高等教育世界大学排名 THE、U.S. News世界大学排名）。
  * **年龄及学历**：具有全日制博士研究生学历，且年龄在40周岁以下（全日制硕士要求35周岁以下，补贴标准为3万元/人）。
  * **社保及户籍**：需具有深圳市户籍，并在龙华区用人单位全职工作，依法连续缴纳社会保险费满一定期限，且在申领补贴期间社保关系仍在龙华区。

---

### 2. 茂名市：对高层次人才公积金贷款额度上浮比例
* **上浮比例**：最高贷款额度**上浮 1.5 倍**（即按现行最高贷款额度的1.5倍核定最高可贷额度）。
* **对应政策**：茂名市高层次人才安居保障及住房公积金支持政策（通常与“茂名人才卡”及高层次人才服务相关联）。
* **政策适用概要**：
  * **适用对象**：经茂名市相关部门认定并持有“茂名人才卡”的高层次人才。
  * **提取与贷款优惠**：高层次人才在茂名市购买首套自住住房申请住房公积金个人住房贷款时，其最高贷款额度可按**现行限额的1.5倍**执行，且在提取住房公积金支付购房首付款等方面也享有优先便利绿色通道支持。",12,0.0,答案将龙华博士津贴答成8万元而非20万元；茂名公积金贷款也答成1.5倍，未覆盖一人30万、两人及以上48万的额度标准。,False
G-310,complex,按‘南粤扶残助学工程’历史口径，专科生和本科生的一次性资助分别是多少？,广东省残联 广东省教育厅关于印发《“南粤 扶残助学工程”实施办法（暂行）》的通知,广东省残联 广东省教育厅关于印发《“南粤 扶残助学工程”实施办法（暂行）》的通知 | 1. 专科生每人一次性资助：10000元；2. 本科生每人一次性资助：15000元,"AI综合所有相关权威材料后，参考性解读如下，建议点击角标查看所依据的材料原文。
专科生：每人一次性资助10000元1。
本科生：每人一次性资助15000元1。",广东省残联 广东省教育厅关于印发《“南粤 扶残助学工程”实施办法（暂行）》的通知,1.0,答案明确给出了专科生10000元、本科生15000元，和参考要点一致。,False,"根据广东省教育厅和广东省残疾人联合会印发的《“南粤扶残助学工程”实施办法（暂行）》等相关政策文件，按“南粤扶残助学工程”的历史口径及现行标准，对新入学的残疾人大学生发放的一次性助学金标准如下：

* **专科生：** 每人一次性资助 **10,000元**。
* **本科生：** 每人一次性资助 **15,000元**。

---

**【补充信息】**
该工程对其他学历阶段的新入学残疾人研究生也设有一性次资助，标准为：
* **硕士研究生：** 每人一次性资助 **20,000元**；
* **博士研究生：** 每人一次性资助 **30,000元**。",12,1.0,答案准确给出专科生10000元、本科生15000元的一次性资助标准，覆盖全部要点。,False
G-311,simple,汕头仲裁案件中，被申请人提交答辩和反请求、申请人答复反请求的期限分别多久，逾期未预交反请求仲裁费有什么后果？,汕头仲裁委员会仲裁规则,汕头仲裁委员会仲裁规则 | 第一百零五条 答辩及反请求 （一）本会应当在受理之日起十日内通知被申请人答辩，并将仲裁答辩通知书、仲裁申请书副本及证据材料、仲裁规则、仲裁员名册送达被申请人。被申请人应在收到答辩通知书之日起三十日内向本会提交答辩书、证据及有关证明文件。本会收到答辩书之日起十日内，应当将答辩书副本送达申请人。被申请人逾期未提交答辩书的，不影响仲裁程序的进行。 （二）被申请人如有反请求的，应在答辩期限内以书面形式提交本会，并在规定期限内预交反请求的仲裁费用。逾期未预交仲裁费的，视为撤回反请求。 （三）本会应当在收到被申请人的反请求申请书之日起十日内将反请求申请书副本送达申请人。申请人应当自收到反请求申请书之日起三十日内向本会提交书面答辩。申请人未提交答辩的，不影响仲裁程序的进行。,"AI综合所有相关权威材料后，参考性解读如下，建议点击角标查看所依据的材料原文。
好的，根据您的问题，我为您梳理《汕头仲裁委员会仲裁规则》中的相关规定。
在汕头仲裁委员会的仲裁案件中，相关期限及后果如下：
一、被申请人提交答辩的期限
被申请人应当自收到仲裁答辩通知书之日起十五日内向汕头仲裁委员会提交答辩书101。
需要补充的是，若案件适用简易程序，该期限则缩短为十日103。
二、被申请人提交反请求的期限
反请求应当在答辩期内以书面形式提出102。这意味着：
普通程序下，提交反请求的期限与提交答辩的期限一致，为收到通知后十五日内101102。
简易程序下，该期限为收到通知后十日内103。
如果认为有正当理由，可以向本会或仲裁庭申请适当延长该期限102。
三、申请人答复反请求的期限
《汕头仲裁委员会仲裁规则》明确规定，关于仲裁请求的答辩等程序性规定，同样适用于反请求102。据此，申请人对反请求进行答辩的期限，应参照被申请人对原请求的答辩期限，即十五日101。
四、逾期未预交反请求仲裁费的后果
被申请人提出反请求后，应当在规定期限内预交仲裁费。逾期未预交仲裁费的，视为撤回反请求102。
温馨提示：以上信息严格依据《汕头仲裁委员会仲裁规则》。对于“逾期提交反请求”（而非逾期缴费）的情况，规则规定由仲裁委员会或仲裁庭根据案件所处的阶段（仲裁庭组成前或后）决定是否受理，这为特殊情形提供了灵活处理的空间102。",汕头仲裁委员会仲裁规则,0.2222,只基本覆盖了反请求需在答辩期内提出、逾期未预交仲裁费视为撤回；答辩期限和申请人答复反请求期限的数值都答错了。,False,"根据《汕头仲裁委员会仲裁规则》的相关规定，关于被申请人提交答辩和反请求、申请人答复反请求的期限，以及逾期未预交反请求仲裁费的后果，具体规定如下：

### 一、 普通程序下的期限

在适用普通程序审理的案件中，相关期限规定如下：
1. **被申请人提交答辩的期限**：
   被申请人应当自**收到仲裁答辩通知书之日起 15 日内**向汕头仲裁委员会提交答辩书、证据材料及其身份证明材料。
2. **被申请人提出反请求的期限**：
   反请求应当在**答辩期内**（即自收到仲裁答辩通知书之日起 **15 日内**）以书面形式提出。
   *注：如果因正当理由无法在答辩期内提出，经汕头仲裁委员会或仲裁庭认为有正当理由的，可以适当延长期限。如果在答辩期满后提交，仲裁庭组成前由仲裁委员会决定是否受理；仲裁庭组成后则由仲裁庭决定是否受理。*
3. **申请人答复反请求的期限**：
   根据仲裁规则，反请求的答辩程序参照适用关于仲裁请求答辩的规定。因此，申请人答复反请求的期限为自**收到反请求答辩通知书之日起 15 日内**。

---

### 二、 简易程序下的期限

如果案件符合《汕头仲裁委员会仲裁规则》关于简易程序的适用条件（通常为争议金额较小的案件，例如争议金额在一定数额以下），程序期限会有所缩短：
1. **被申请人提交答辩的期限**：自收到答辩通知书之日起 **10 日内**。
2. **被申请人提出反请求的期限**：应当在答辩期内（即收到答辩通知书之日起 **10 日内**）书面提出。
3. **申请人答复反请求的期限**：自收到反请求答辩通知书之日起 **10 日内**。

---

### 三、 涉外仲裁程序下的期限（如适用）

如果案件涉及涉外商事仲裁程序，答辩和反请求的期限通常会更长（通常为收到相关通知之日起 **45 日内**，具体以仲裁委送达的通知指引为准）。

---

### 四、 逾期未预交反请求仲裁费的后果

根据《汕头仲裁委员会仲裁规则》第二十条第（四）款的明确规定：
* 被申请人提出反请求，应当在规定期限内预交仲裁费。
* **逾期未预交仲裁费的，视为撤回反请求**。

**补充提示**：
* 即使被申请人未在期限内提交答辩书，并不影响仲裁程序的继续进行，仲裁庭仍将依法进行审理并作出裁决。
* 提出反请求时，除需在规定期限内预交仲裁费外，其申请书副本及证据材料的提交份数也需符合规定（普通程序一般为一式五份，简易程序一般一式三份；若当事人人数增加，份数需相应增加）。",11,0.3333333333,答案正确覆盖了逾期未答辩不影响程序、反请求应在答辩期内书面提出并预交费用、逾期未预交视为撤回反请求；但核心期限误写为15/10/45日，未覆盖参考要点中的30日及本会10日送达等规定。,False
G-313,complex,广州阶段性减免企业社保费期间，生育保险单位缴费费率和相关单位缴费费率合计分别是多少？,广州市阶段性减免企业社会保险费政策介绍,广州市阶段性减免企业社会保险费政策介绍 | 1. 生育保险单位缴费费率：0.85%；2. 单位缴费费率合计：4.35%,"AI综合所有相关权威材料后，参考性解读如下，建议点击角标查看所依据的材料原文。
根据广州市官方发布的阶段性减免企业社保费政策，在减半征收职工社会医疗保险期间，生育保险及相关单位缴费费率情况如下103：
1.生育保险单位缴费费率在2020年2月至6月的减征期内，用人单位需缴纳的生育保险单位缴费费率为 0.85%103。
2.相关单位缴费费率合计同期的职工社会医疗保险单位缴费费率为3.5%。需要特别说明的是，由于广州市已实行生育保险和职工基本医疗保险合并征缴，因此两项保险的单位缴费费率合计为4.35%103。
补充说明：
适用对象：上述费率适用于已办理参保缴费登记的企业、以单位形式参保的个体工商户、各类社会组织单位和民办非企业单位103。
政策时效：该减半征收政策执行期为费款所属期2020年2月至6月103。",广州市阶段性减免企业社会保险费政策介绍,1.0,答案明确给出了生育保险单位缴费费率0.85%和单位缴费费率合计4.35%，与参考要点一致。,False,"在广州市阶段性减免企业社会保险费以及阶段性减征职工社会医疗保险费期间，生育保险单位缴费费率和相关单位缴费费率合计具体如下：

* **生育保险单位缴费费率：0.85%**
* **相关单位缴费费率合计：3.6%**（即职工社会医疗保险单位缴费费率 2.75% + 生育保险单位缴费费率 0.85%）

### 政策背景与计算依据

1. **基本医疗保险单位缴费率减半征收**：
   * 广州市自2019年7月1日起，已临时将职工社会医疗保险的单位缴费比例从原来的7.0%下调至**5.5%**。
   * 2020年新冠疫情期间，根据阶段性减半征收职工基本医疗保险费的政策，符合减免条件的企业其职工医保单位缴费部分实行减半征收。因此，单位缴费率由5.5%减半降至**2.75%**。

2. **生育保险费率不予减半**：
   * 广州市自2020年1月1日起，正式合并实施职工社会医疗保险和生育保险。合并后，生育保险的单位缴费费率为**0.85%**。
   * 根据国家和广东省的规定，阶段性减半征收政策**仅适用于职工基本医疗保险单位缴费部分，生育保险不纳入减半征收范围**。因此，生育保险单位缴费费率在此期间依然维持**0.85%**。

3. **相关费率合计**：
   * 在合并征征收及减半政策执行期间，符合减免条件的企业在申报时，相关的单位缴费费率合计（职工社会医疗保险单位缴费率 + 生育保险单位缴费率）为：
     $$\text{2.75\% (职工医保)} + \text{0.85\% (生育保险)} = \text{3.6\%}$$",12,0.5,答案覆盖了生育保险单位缴费费率0.85%，但将单位缴费费率合计答为3.6%，未覆盖参考要点4.35%。,False
G-314,complex,揭阳市2024年度生物医药职称评审中，初级和中级评审费每人分别是多少？,关于做好2024年度揭阳市生物医药行业职称评审和认定工作的通知,关于做好2024年度揭阳市生物医药行业职称评审和认定工作的通知 | 1. 初级评审费每人：280元；2. 中级评审费每人：450元,"AI综合所有相关权威材料后，参考性解读如下，建议点击角标查看所依据的材料原文。
根据《关于做好2024年度揭阳市生物医药行业职称评审和认定工作的通知》的规定，揭阳市2024年度生物医药行业职称评审的收费标准如下101：
初级评审费：每人280元101。
中级评审费：每人450元101。
此外，该通知还说明了以下相关信息：
收费依据：此收费标准是按照《关于转发省物价局、省财政厅〈关于调整专业技术资格评审费标准的复函〉的通知》（粤人发〔2007〕35号）的规定收取的101。
其他费用：初次职称考核认定（含中级、初级）的费用为每人280元101。
退费说明：不论评审结果通过与否，所缴费用一律不予退还101。",关于做好2024年度揭阳市生物医药行业职称评审和认定工作的通知,1.0,答案明确给出初级评审费280元/人、中级评审费450元/人，覆盖全部参考要点。,False,"根据揭阳市市场监督管理局发布的《关于做好2024年度揭阳市生物医药行业职称评审和认定工作的通知》，2024年度揭阳市生物医药行业职称评审的收费标准如下：

*   **初级职称评审费**：**280元 / 人**；
*   **中级职称评审费**：**450元 / 人**。

**其他相关收费说明：**
*   **初次职称考核认定费**（含中级、初级）：**280元 / 人**。
*   **注意事项**：收费标准依据《关于转发省物价局、省财政厅〈关于调整专业技术资格评审费标准的复函〉的通知》（粤人发〔2007〕35号）执行。需要注意的是，**不论评审委员会的评审结果是否通过，已缴交的评审费用一律不予退还**。",6,1.0,答案明确给出初级评审费280元/人、中级评审费450元/人，完全覆盖参考要点,False
G-316,simple,我们在落实梅州供应链核心企业帮助中小企业应收账款融资奖励工作，奖励标准是多少，需要核实。,关于组织开展2024年省级促进民营经济及中小微企业发展（应收账款融资）项目入库工作的通知,《梅州市促进民营经济及中小微企业发展（应收账款融资）项目入库通知》｜按帮助广东省中小企业实现应收账款融资年化金额不超过1%的额度给予奖励,"AI综合所有相关权威材料后，参考性解读如下，建议点击角标查看所依据的材料原文。
奖励标准为：按帮助广东省中小企业实现应收账款融资年化金额不超过1%的额度给予奖励2。
该奖励的适用对象为供应链核心企业1。
申请企业需满足以下条件：在梅州市内依法设立，具有独立企业法人资格，并在2022年6月1日至2023年6月30日期间通过人民银行征信中心应收账款融资服务平台在线确认，帮助广东省中小企业实现应收账款融资2。
检索材料不足以完整回复，以上仅供参考。",关于组织开展2024年省级促进民营经济及中小微企业发展（应收账款融资）项目入库工作的通知,1.0,答案明确给出“年化金额不超过1%的额度给予奖励”，覆盖了参考要点核心内容。,False,"根据梅州市工业和信息化局发布的相关通知，梅州市供应链核心企业帮助中小企业应收账款融资的奖励标准为：

* **按帮助广东省中小企业实现应收账款融资年化金额不超过1%的额度给予奖励**。

**相关奖励条件：**
申报该奖励的供应链核心企业还需满足以下条件：
1. 在梅州市内依法设立，具有独立企业法人资格；
2. 在规定期限内通过人民银行征信中心应收账款融资服务平台在线确认，帮助广东省中小企业实现应收账款融资。",3,1.0,答案明确给出按帮助广东省中小企业实现应收账款融资年化金额不超过1%的额度给予奖励，覆盖参考要点,False
G-330,complex,河源市建设工程施工围挡中，城区主要路段和其他路段的最低高度分别是多少米？,河源市住房和城乡规划建设局关于印发河源市建设工程文明施工和扬尘污染防治管理实施指南的通知,河源市住房和城乡规划建设局关于印发河源市建设工程文明施工和扬尘污染防治管理实施指南的通知 | 1. 城区主要路段围挡高度统一：2.5米；2. 其它路段施工现场的围挡高度统一：1.8米,"AI综合所有相关权威材料后，参考性解读如下，建议点击角标查看所依据的材料原文。
根据《河源市住房和城乡规划建设局关于印发河源市建设工程文明施工和扬尘污染防治管理实施指南的通知》的规定，河源市建设工程施工围挡的高度要求如下101：
城区主要路段：围挡高度统一为2.5米101。
其它路段：施工现场的围挡高度统一为1.8米101。",河源市住房和城乡规划建设局关于印发河源市建设工程文明施工和扬尘污染防治管理实施指南的通知,1.0,答案明确给出城区主要路段2.5米、其它路段1.8米，覆盖全部参考要点,False,"根据国家标准《建筑施工安全检查标准》（JGJ 59-2011）以及广东省、河源市关于建设工程文明施工与施工围挡管理的相关规范，河源市建设工程施工围挡的最低高度要求如下：

* **城区主要路段**（如城市主干道、繁华路段、景观路段、车站、机场等周边区域）：最低高度不低于 **2.5米**；
* **其他路段**（如城市次干道、一般路段、支路等）：最低高度不低于 **1.8米**。

### 补充相关设置标准与规范要求：

1. **封闭性与稳定性**：围挡必须沿工地四周进行连续、封闭设置，结构需坚固、稳定、美观，具备足够的抗倾覆及抗风能力（特别是应对台风季节的安全需求）。
2. **防溢座设置**：围挡底部与地面之间不应留有空隙。通常要求在底部设置高度为 **30厘米至50厘米** 的砖砌筑或预制混凝土防溢底座（基座），防止泥浆、施工废水外溢至人行道或市政道路上。
3. **公益广告张贴**：按文明施工和创文要求，围挡外侧通常需要张贴或设置一定比例的公益宣传广告（通常不少于围挡总面积的20%或30%），且应保持整洁，无破损、污损或乱张贴现象。
4. **临时与市政工程围挡**：对于工期极短（如30天以内）的市政管线、道路抢修等工程，在保障安全的前提下，可采用水马或铁马等移动式围挡，其高度通常统一为 **1.0米至1.2米** 左右。",22,1.0,答案明确给出城区主要路段2.5米、其他路段1.8米，覆盖全部参考要点。,False
G-332,complex,我们在经办河源就业创业补贴和创业贷款业务。返乡应届高校毕业生到中小微企业就业能拿多少补贴？创业担保基金什么规模、能支持多少？,河源市人力资源和社会保障局关于大力实施返乡下乡就业创业工程推动乡村全面振兴战略的实施意见;河源市人民政府关于进一步做好新形势下就业创业工作的实施意见,"就业补贴《河源市返乡下乡就业创业工程实施意见》(40707558)：返乡下乡应届高校毕业生到中小微企业就业、签1年以上合同并缴社保，给予毕业生本人一次性2000元就业补贴
创业贷《河源市进一步做好新形势下就业创业工作实施意见》(40894023)：将小额担保贷款调整为创业担保贷款，全市每年新增创业(小额)贷款担保基金不少于1000万元
推导：返乡应届中小微就业→一次性2000元；创业可申请创业担保贷款(全市年新增担保基金≥1000万元支撑)","AI综合所有相关权威材料后，参考性解读如下，建议点击角标查看所依据的材料原文。
好的，您咨询的河源市关于“返乡应届高校毕业生到中小微企业就业”的补贴标准，以及“创业担保基金”的规模和支持能力问题，现依据相关文件为您解答如下：
一、返乡应届高校毕业生到中小微企业就业补贴
根据河源市及上级政府的相关政策，返乡应届高校毕业生到中小微企业就业，可获得的直接补贴主要有以下几项：
一次性就业补贴：
补贴标准为一次性2000元。
此项补贴的申领条件是：应届高校毕业生到中小微企业就业，与企业签订1年以上期限劳动合同并按规定参加社会保险107202。
请注意：部分早期文件中未明确限定“返乡”，但此补贴对象为“应届高校毕业生”，通常包含返乡就业群体。建议您在具体经办时，核实其是否满足“应届”及“到中小微企业就业”等核心条件。
社会保险补贴（面向企业）：
此项补贴由吸纳该毕业生的小微企业享受，而非直接发放给毕业生个人。
政策内容：对小微企业新招用应届高校毕业生，签订1年以上劳动合同并缴纳社会保险费的，可给予1年社会保险补贴104203。具体补贴标准为，按其为高校毕业生实际缴纳的基本养老保险费、基本医疗保险费和失业保险费给予补贴，不包括个人应缴纳部分108。
其他类型补贴：
一次性扩岗补助：企业招用毕业年度高校毕业生，签订劳动合同并参加失业保险的，可按每人不超过1500元的标准，发放一次性扩岗补助。但该项政策实施期限截至2022年底，目前已过有效期201。
求职创业补贴：此项补贴的对象范围已扩展到已获得国家助学贷款的毕业年度高校毕业生，并非针对“到中小微企业就业”这一行为，请根据毕业生个人情况判断是否适用104。
就业见习补贴：若毕业生属于就业见习人员，对见习期满留用率达50%以上的见习单位，政府按不超过最低工资标准的60%承担见习补贴104。
二、河源市创业担保基金规模及支持能力
基金规模：
河源市高度重视创业资金扶持，明确规定小额贷款担保基金不足时可用专项资金进行补充，全市每年新增小额贷款担保基金不少于1000万元101。
请注意：河源市一份更早（2015年）的文件中曾规定“全市每年新增小额贷款担保基金不少于500万元”105，根据最新的文件规定，当前执行标准以不少于1000万元为准。
能支持的贷款额度（即基金能支持多少）：
创业担保基金专项用于为符合条件的借款人提供担保，其支持能力直接体现在贷款额度上。根据河源市政策：个人贷款：额度为5万元、10万元、15万元，最高不超过20万元。符合条件的创业者可享受不超过20万元额度的政府贴息101103。
“捆绑性”贷款：合伙经营或创办小企业的，可按每人不超过20万元、总额不超过200万元的额度实行“捆绑性”贷款101106。
小微企业贷款：符合贷款条件的劳动密集型和科技型小微企业，贷款额度不超过300万元102106。
补充信息：国家层面政策规定，对于符合条件的小微企业，创业担保贷款最高额度可达400万元；同时，符合条件的高校毕业生个人最高可申请额度为30万元的创业担保贷款109110。上级政策标准更高，您在实际经办中可结合最新文件及银行执行情况予以参考。
能支持的人数：
现有文件未直接对“创业担保基金能支持多少人”作出总体估算，但其支持能力可通过基金规模和单笔贷款额度进行推断。例如，从近年公示来看，仅河源市直2025年第2季度，就有52人次享受到创业担保贷款贴息，涉及多家银行301；2024年第4季度有69人次享受贴息302。这从一个侧面反映了该基金持续、较大范围的支持覆盖面。
总结
补贴方面：返乡应届高校毕业生到河源市",河源市人民政府关于进一步促进创业带动就业工作的实施意见 | 关于印发《广东省省级促进就业专项资金使用管理办法》的通知 | 河源市人民政府关于进一步做好新形势下就业创业工作的实施意见 | 国务院关于进一步做好新形势下就业创业工作的意见 | 人力资源社会保障部 财政部关于做好2026年高校毕业生等青年就业工作的通知 | 人力资源社会保障部 国家发展改革委 财政部 税务总局关于扩大阶段性缓缴社会保险费政,1.0,答案覆盖了返乡应届高校毕业生到中小微企业就业一次性2000元补贴，以及全市每年新增创业担保基金不少于1000万元并可支持创业担保贷款的核心内容。,False,"作为河源市基层就业创业业务的经办人员，熟悉最新的政策调整和具体的执行标准非常重要。针对您提出的两个具体业务问题，现为您提供详细的政策解答：

---

### 一、 返乡应届高校毕业生到中小微企业就业能拿多少补贴？

#### 1. 政策最新变化与名称
根据广东省优化调整稳就业政策的最新规定，自2023年8月起，原“高校毕业生基层岗位补贴”和“基层就业补贴”已正式整合为**“粤东粤西粤北地区就业补贴”** [0a08726e086c3dd5e67f364a109ff87c]。河源市作为粤东西北地区，全面执行该项整合后的新政策。

#### 2. 补贴标准（一次性发放）
根据毕业生的学历不同，补贴标准也有所区分 [c1e951d5ef63f4bfa4096e0bb14e00ec]：
*   **博士学历：** 每人 **10,000 元** [c1e951d5ef63f4bfa4096e0bb14e00ec]；
*   **硕士学历：** 每人 **7,000 元** [c1e951d5ef63f4bfa4096e0bb14e00ec]；
*   **其他学历（含本科、大专等）：** 每人 **5,000 元** [c1e951d5ef63f4bfa4096e0bb14e00ec]。

#### 3. 核心申领条件
毕业生申请该项补贴需要同时满足以下条件 [c1e951d5ef63f4bfa4096e0bb14e00ec]：
1.  **毕业时效：** 属于**毕业 2 年内**的普通高等学校、职业学校、技工院校毕业生 [c1e951d5ef63f4bfa4096e0bb14e00ec]（返乡的应届毕业生完全符合此要求）。
2.  **就业单位：** 到河源市行政区域内的用人单位就业（中小微企业、个体工商户、社会组织等均符合条件，但入编机关事业单位的人员除外） [c1e951d5ef63f4bfa4096e0bb14e00ec]。
3.  **合同与社保：** 与用人单位签订 **1 年以上**劳动合同或服务协议，且在该用人单位首次参加社会保险并连续缴纳社会保险费 **6 个月以上** [c1e951d5ef63f4bfa4096e0bb14e00ec]。
4.  **申请时限：** 必须在稳定就业（即首次参保并签订合同）满 6 个月之日起的 **1 年内**，向就业地人社部门提出申请 [c1e951d5ef63f4bfa4096e0bb14e00ec]。

---

### 二、 创业担保基金什么规模、能支持多少贷款？

#### 1. 担保基金的规模与放大效应
*   **资金规模与设立：** 河源市直及各县（区）均由财政出资设立了专户管理的“创业担保贷款担保基金”，旨在为符合条件的创业者和小微企业提供贷款担保增信 [efc9de8f3a883ad069785cda8402d527]。各县区的基金规模根据地方财政实力、往年发放额度及代偿情况动态补充。
*   **支持上限（放大倍数）：** 为保障基金安全并充分发挥其杠杆作用，经办银行发放的创业担保贷款余额，一般控制在担保基金余额的 **5 倍至 10 倍**之间。如果当年基金余额充足，其所能撬动的社会信贷支持资金规模将达到数亿元。

#### 2. 能支持的具体贷款额度（支持标准）
根据《广东省创业担保贷款实施办法》最新规定 [988e13ef2945eae7282d07bbaeedf9f9]，该基金能够支持的贷款额度如下：

1.  **个人创业担保贷款：**
    *   **支持额度：",0,0.0,非安全题无引用→判错,False
G-336,complex,河源市建设工程施工现场临时设施中，室内净高和通道宽度的下限分别是多少米？,河源市住房和城乡规划建设局关于印发河源市建设工程文明施工和扬尘污染防治管理实施指南的通知,河源市住房和城乡规划建设局关于印发河源市建设工程文明施工和扬尘污染防治管理实施指南的通知 | 1. 室内净高下限：2.4米；2. 通道宽度下限：0.9米,"AI综合所有相关权威材料后，参考性解读如下，建议点击角标查看所依据的材料原文。
根据河源市发布的官方文件，建设工程施工现场临时设施中的宿舍，其室内净高和通道宽度的下限标准如下：
室内净高：不应小于2.4米106。
通道宽度：不应小于0.9米106。
此标准出自《河源市住房和城乡规划建设局关于印发河源市建设工程文明施工和扬尘污染防治管理实施指南的通知》，是针对施工现场生活区宿舍的明确要求，相较于国家标准中“有人员正常活动的最低处净高不应小于2.0m”的规定更为严格103106。",河源市住房和城乡规划建设局关于印发河源市建设工程文明施工和扬尘污染防治管理实施指南的通知 | 住房和城乡建设部关于发布国家标准《民用建筑设计统一标准》的公告,1.0,答案明确给出室内净高不小于2.4米、通道宽度不小于0.9米，覆盖全部要点,False,"根据广东省及河源市现行的建设工程施工安全与文明施工标准，施工现场临时设施（主要指临时宿舍、办公室、食堂等板房建筑）的**室内净高**和**通道宽度**的下限标准，主要依据国家行业标准《建设工程施工现场环境与卫生标准》（JGJ 146-2013）和《施工现场临时建筑物技术规范》（JGJ/T 188-2009）执行。

具体下限标准如下：

### 一、 室内净高（下限）
根据不同临时设施的功能定位，室内净高的最低限制有所不同：

1. **临时宿舍与办公室**：
   * **最低标准一（JGJ 146 行业标准）**：室内净高不应低于 **2.4米**。
   * **最低标准二（JGJ/T 188 临时建筑规范）**：室内净高不应低于 **2.5米**。
   * *实际工程中，为满足空气流通与居住舒适度，目前多数地区（包括河源市标准化工地要求）推荐或强制要求宿舍层高的净高下限为 **2.5米**。*
2. **食堂、会议室、文体活动室等大开间场所**：
   * 室内净高不应低于 **2.8米**。

---

### 二、 通道宽度（下限）
通道宽度根据“室内房间通道”和“公共疏散走道/走廊”有不同的下限划分：

1. **宿舍内部通道（床铺之间的通道）**：
   * 宽度下限不应小于 **0.9米**。
2. **临时建筑的疏散走道/外走廊**：
   * **单面布置房间**（走道仅单侧有房间门）的疏散走道：净宽不应小于 **1.2米**。
   * **双面布置房间**（走道两侧均有房间门）的疏散走道：净宽不应小于 **1.5米**。
3. **疏散楼梯**：
   * 临时建筑的安全疏散楼梯净宽不应小于 **1.1米**。

---

### 总结建议
在河源市进行建设工程施工现场临时设施设计和搭设时：
* 如果是**宿舍内部**，最低标准为：**净高 $\ge$ 2.4米**（推荐2.5米），**通道宽度 $\ge$ 0.9米**。
* 如果是**外疏散走廊**，最低标准为：**净高 $\ge$ 2.1米**（满足消防疏散最低净空），**通道宽度 $\ge$ 1.2米**。",3,1.0,答案明确给出室内净高下限2.4米，并给出宿舍内部通道宽度下限0.9米，覆盖两个参考要点。,False
G-338,simple,有群众来咨询揭阳商转公贷款，他用商业贷款买了房还了一年多、听说能转公积金贷款省利息，问我转的话额度怎么算、有什么前提条件，需要核实答复。,《揭阳市商业性个人住房贷款转个人住房公积金贷款业务操作细则》政策解读,《揭阳市商业性个人住房贷款转个人住房公积金贷款业务操作细则》｜商转公贷款额度≤原商业贷款当前本金余额-4期原商业贷款月还款本金（取1万元整数倍）；须商贷正常还款1年以上且未结清,"AI综合所有相关权威材料后，参考性解读如下，建议点击角标查看所依据的材料原文。
您好，根据您咨询的情况，群众已正常还款一年多，这已满足申请商转公贷款关于还款期限的基本门槛。下面为您核实并梳理揭阳市商转公贷款的前提条件和额度计算规则，内容均依据揭阳市官方最新政策解读101103105。
一、申请前提条件
申请商转公贷款，除需符合揭阳市现行个人住房公积金贷款的常规申请条件外，还必须同时满足以下六项专项条件101：
贷款及还款状态：申请人已办理用于购买本市行政区域内自住住房的商业贷款，且正常还款一年以上，贷款尚未结清并处于正常还款状态。
产权人身份：申请人必须是用于办理商转公贷款那套住房的产权人。
房产权利状态：房屋已取得不动产权证书，且当前仅存在原商业贷款的抵押登记，无其他担保、查封、设立居住权等权利限制。
贷款银行限制：原商业贷款银行必须是揭阳公积金中心的受委托银行，且商转公贷款申请必须向原商业贷款发放银行提出。
信用状况：原商业贷款当前不处于逾期状态，且近五年内累计逾期不超过3期。
银行同意：需取得原商贷银行出具的《商业性个人住房贷款转个人住房公积金贷款同意书》102。
特别提示：目前揭阳市可办理此业务的受托银行共10家，包括：建设银行、中国银行、工商银行、农业银行、交通银行、揭东农商行、邮储银行、广发银行、民生银行、揭阳市农商行。您需要确认原贷款银行在此名单内105。
二、贷款额度怎么算
商转公贷款的最终可贷额度，需按以下两个标准进行计算，并取两者的最低值103：
标准一：依揭阳现行公积金贷款政策额度应符合揭阳市现行个人住房公积金贷款政策中关于最高贷款额度、可贷比例等的所有规定。
⚠️ 注意：此项标准需要您结合群众家庭的公积金缴存、房屋价值、是否多子女家庭等情况，对照揭阳公积金贷款规定来核定限额。本次提供的最新解读文件中未详述这部分具体数值，建议查询或咨询公积金中心确认。
标准二：依商业贷款本金余额计算（有特定公式）额度不得高于按此公式计算出的结果：商转公贷款额度 ≤ 当前商业贷款余额 — 4期原商业贷款月还款本金
计算结果需向下取1万元的整数倍。
最终可贷额度 = 标准一 与 标准二 计算结果中的最低值，取1万元的整数倍。
三、其他相关重要信息
贷款期限：不超过原商贷的剩余期限，且不超过住房公积金规定的最高可贷年限103。
贷款利率：公积金部分按中国人民银行规定执行；若为组合贷款，商业部分仍按商业银行规定执行103。
建议您先根据群众的具体情况，重点核实其家庭的最高可贷额度（标准一），再同其当前的商贷余额进行对比计算，即可得出大致的贷款金额上限。",《揭阳市商业性个人住房贷款转个人住房公积金贷款业务操作细则》政策解读,1.0,答案明确写出商贷需正常还款1年以上且未结清，也给出了商转公额度按“当前商业贷款余额-4期月还款本金，取1万元整数倍”的公式，核心要点都覆盖了。,False,"根据《揭阳市商业性个人住房贷款转个人住房公积金贷款业务操作细则》政策解读，关于揭阳市“商转公”（商业个人住房贷款转个人住房公积金贷款）的额度计算和前提条件，答复如下：

### 一、 商转公贷款额度如何计算？
商转公贷款额度取以下标准计算出的**最低值**（并取1万元的整数倍）：
1. **符合揭阳市现行公积金贷款政策**的相关规定。
2. **不得高于原商业贷款当前本金余额减去4期原商业贷款月还款本金**，计算公式为：
   $$\text{商转公贷款额度} \le \text{当前商业贷款余额} - (4 \times \text{原商业贷款月还款本金})$$

*注：商转公贷款期限不超过原商贷的剩余期限，也不超过公积金最高可贷年限；公积金贷款部分利率按照中国人民银行的规定执行。*

---

### 二、 申请商转公贷款的前提条件有哪些？
来咨询的群众除应符合揭阳市现行个人住房公积金贷款常规申请条件外，还需同时满足以下条件：

1. **还款年限与状态要求**：
   * 申请人原商业性住房按揭贷款是用于购买本市行政区域内自住住房，且**已正常还款一年以上**（该群众已还款一年多，满足此条）。
   * 该笔原商贷尚未结清，且当前处于**正常还款状态**。
2. **产权人要求**：
   * 申请人（主借款人）必须是该商转公贷款住房的**产权人**。
3. **房屋证件及权属状态**：
   * 该住房必须**已取得《不动产权证书》**。
   * 房屋当前**仅存在原商贷抵押登记**，无其他担保、查封、设立居住权等其他权利限制。
4. **银行范围限制**：
   * 必须是在揭阳公积金中心受委托银行办理的原商贷，且**只限原商贷发放银行办理**（即不能跨行办理商转公）。
   * 目前揭阳市可办理此业务的10家受托银行为：建设银行、中国银行、工商银行、农业银行、交通银行、揭东农商行、邮储银行、广发银行、民生银行、揭阳市农商行。
5. **原商贷银行同意**：
   * 必须经原商贷银行同意，并由该银行出具《商业性个人住房贷款转个人住房公积金贷款同意书》。
6. **信用记录良好**：
   * 原商贷当前不能处于逾期状态。
   * 借款人**近五年内累计逾期不能超过3期**，否则不予受理。
7. **贷款类型限制**：
   * 仅适用于**纯商业住房贷款**全额转为公积金贷款，或纯商业住房贷款转为商业与公积金组合贷款。
   * 如果该群众购买时办理的是**组合贷款，其中商业贷款部分是不可以申请办理商转公贷款的**。
8. **额度流动性限制（动态管理）**：
   * 业务受理受公积金中心动态管理限制。当月末揭阳市个人住房贷款率在**85%以上**时，公积金中心将暂停受理商转公业务（连续三个月低于85%时恢复受理），需注意办理时的政策是否因流动性而暂停。",16,1.0,答复明确写出额度按原商贷当前本金余额减4期月还款本金、取1万元整数倍计算，也明确说明需正常还款1年以上且未结清。,False
G-339,complex,我们在核定房屋征收补偿标准，需要核实梅州平远和五华两地口径。平远县砖木、砖混、框架结构的房子“三通一平”和基础建设补助每平方米分别多少？五华县选择产权置换的，临时安置补助每月每平方米给多少？,平远县人民政府关于印发《平远县中心城区集体土地上房屋征收补偿安置办法》的通知;五华县人民政府办公室关于印发五华县集体土地上房屋征收补偿安置办法的通知,"平远县《中心城区集体土地上房屋征收补偿安置办法》(60265897)：被征收集体土地上房屋按首层占地面积给予“三通一平”和基础建设补助——砖木结构400元/㎡、砖混结构500元/㎡、框架结构600元/㎡
五华县《集体土地上房屋征收补偿安置办法》(60267943)：选择产权置换或宅基地安置、并在约定期限内搬迁完毕(原则上不超过一个月)的，按被征收房屋建筑面积(套内面积)10元/㎡·月支付临时安置补助费
推导：结构补助平远按砖木400/砖混500/框架600元/㎡一次性发(仅首层占地面积)、过渡安置五华按10元/㎡·月发；两地口径不同须分别套用","AI综合所有相关权威材料后，参考性解读如下，建议点击角标查看所依据的材料原文。
根据您的问题，以下分别列出梅州市平远县和五华县关于房屋征收补偿的相关标准。
一、 平远县砖木、砖混、框架结构房屋“三通一平”和基础建设补助标准
根据平远县人民政府2025年11月26日发布的《平远县中心城区集体土地上房屋征收补偿安置办法》，被征收集体土地上房屋的“三通一平”和基础建设补助，按房屋首层占地面积计算，具体标准如下101：
结构类型补助标准砖木结构400元/平方米砖混结构500元/平方米框架结构600元/平方米二、 五华县选择产权置换的临时安置补助标准
根据五华县人民政府办公室2024年2月19日发布的《五华县集体土地上房屋征收补偿安置办法》，选择房屋产权置换的被征收人，临时安置补助费的标准及相关规定如下201202：
补助标准：10元/平方米·月。该标准按被征收房屋的建筑面积（套内面积）计算201。
发放期限：补助期限以双方签订的补偿安置协议期限为准，第一年按年度发放，第二年开始按月结算、按季度发放，直至交付安置房为止（或宅基地施工放线后半年）201。
特别说明：如果被征收人选择由政府部门提供周转用房，则不支付临时安置补助费202。",平远县人民政府关于印发《平远县中心城区集体土地上房屋征收补偿安置办法》的通知 | 五华县人民政府办公室关于印发五华县集体土地上房屋征收补偿安置办法的通知,1.0,平远县三通一平和基础建设补助标准、五华县产权置换临时安置补助标准均已正确回答，且口径区分清楚。,False,"在核定广东省梅州市平远县和五华县的房屋征收补偿标准时，两地的最新政策口径如下：

### 一、平远县
根据《平远县中心城区集体土地上房屋征收补偿安置办法》（平府〔2025〕16号）：
被征收集体土地上的房屋，**“三通一平”和基础建设补助**是**按首层占地面积**计算，具体补助标准如下：
*   **砖木结构**：**400元 / 平方米**
*   **砖混结构**：**500元 / 平方米**
*   **框架结构**：**600元 / 平方米**

---

### 二、五华县
根据《五华县集体土地上房屋征收补偿安置办法》（2024年2月印发）：
被征收房屋所有权人选择**房屋产权置换**（或宅基地安置）的，在签订补偿安置协议并在约定期限内搬迁完毕（原则上不超过一个月）后：
*   **临时安置补助费标准**为：按照被征收房屋建筑面积（套内面积）**10元 / 平方米·月**的标准支付。
*   **发放方式**：第一年按年度发放，第二年开始按月结算、按季度发放，直至交付安置房（或宅基地施工放线后半年）为止。",9,1.0,两地标准都答到了：平远三通一平和基础建设补助金额准确，五华产权置换的临时安置补助10元/㎡·月也准确，并区分了各自适用口径。,False
G-346,simple,我们在落实韶关工业设计发展专项资金项目入库，对评审通过项目的现场抽查比例要求是多少，需要核实抽查标准。,关于开展2026年制造业当家重点任务保障专项资金（工业设计发展）项目入库的通知,《韶关市制造业当家专项资金（工业设计发展）项目入库通知》｜原则上各地应按照不低于50%的比例对评审通过的项目进行现场抽查审核,"AI综合所有相关权威材料后，参考性解读如下，建议点击角标查看所依据的材料原文。
根据韶关市工业和信息化局发布的《关于开展2026年制造业当家重点任务保障专项资金（工业设计发展）项目入库的通知》，对评审通过项目的现场抽查比例及标准要求如下：
现场抽查比例：原则上，应按照不低于50%的比例对评审通过的项目进行现场抽查审核1。
抽查审核重点：现场抽查需重点对发票是否重复使用、实施方案真实性等进行审核把关，以提高资金分配的合理性，防止报大数及资金项目申报骗补等行为1。",关于开展2026年制造业当家重点任务保障专项资金（工业设计发展）项目入库的通知,1.0,答案明确给出评审通过项目现场抽查比例不低于50%，与参考要点一致。,False,"根据韶关市工业和信息化局发布的相关通知（如《关于开展2026年制造业当家重点任务保障专项资金（工业设计发展）项目入库的通知》及《关于开展2023－2024年省级促进经济高质量发展专项资金（工业设计发展）项目入库的通知》），在落实韶关工业设计发展专项资金项目入库工作时，对评审通过项目的现场抽查比例及核实标准要求如下：

* **现场抽查比例要求**：
  原则上各地应按照**不低于 50%** 的比例对评审通过的项目进行现场抽查审核。

* **核实抽查标准（审核重点）**：
  应重点对**发票是否重复使用、实施方案真实性等**进行审核把关，以此提高资金分配合理性，防止报大数以及防止资金项目申报骗补等情况。",4,1.0,答案明确指出原则上按不低于50%的比例对评审通过项目进行现场抽查审核，覆盖参考要点。,False
G-347,simple,我们在征收航道养护费，有本省籍内河船舶每年要交，问我统缴标准怎么算，需要核实收费标准答复。,关于调整航道养护费收费标准的复函,《广东省航道养护费收费标准》｜本省籍内河机动船统一按5元/月·总吨或千瓦（择大计征）缴纳航道养护费,"AI综合所有相关权威材料后，参考性解读如下，建议点击角标查看所依据的材料原文。
您好！关于您咨询的本省籍内河船舶航道养护费（以下简称“航养费”）的统缴标准和收费标准，根据检索到的官方政策文件，为您核实答复如下：
⚠️ 重要提示以下信息均来源于相关的历史政策文件（发布/执行日期在2007-2009年期间）。自2009年1月1日起，国家已实施了成品油价格和税费改革202，相关的收费政策可能已发生重大变化。请您务必联系本省的航道或财政部门，确认当前执行的有效政策，以及在您所辖区域内，该收费项目是否仍然存续和执行。
根据您提供的检索材料，关于本省籍内河船舶航养费的计算标准与统缴优惠规定如下：
1.收费标准（计算基准）
根据广东省物价局、省财政厅《关于调整航道养护费收费标准的复函》（粤价函[2006]653号），自2007年1月1日起，本省籍内河船舶的航养费收费标准调整为101：
计征方式：“择大计征”，即按船舶的总吨或千瓦计算费用，取两者中数值较大的一个作为计费基础。
计征单价：统一按5元/月·总吨或千瓦的标准缴纳。
适用范围：此标准不再区分船舶是营业性还是非营业性，统一适用101。
2.统缴标准（优惠政策）
根据2007年12月15日发布的《关于征收2008年航道养护费公告》，本省籍月吨缴费船舶在按期缴纳费用的基础上，可以享受统缴优惠。具体的优惠计算规则如下302：
缴费方式缴费截止时间优惠政策一次性缴纳上半年 （1-6月）2008年1月31日前免缴1个月的航养费（即只需缴纳5个月的费用）一次性缴纳全年 （1-12月）2008年1月31日前免缴2个月的航养费（即只需缴纳10个月的费用）一次性缴纳下半年 （7-12月）2008年6月30日前免缴1个月的航养费（即只需缴纳5个月的费用）3.费用计算示例
以一艘200总吨、主机功率为150千瓦的本省籍内河船舶为例，选择一次性缴纳全年费用：
确定计费基础：择大计征，200（总吨）> 150（千瓦），因此以200总吨作为计费基数。
计算每月应缴额：200总吨 × 5元/月·总吨 =1,000元/月。
计算全年应缴额：按标准，全年（12个月）应缴 1,000元 × 12 = 12,000元。
应用统缴优惠：在1月31日前一次性缴清全年费用，可免2个月。因此，实际应缴费额为：1,000元 × (12 - 2) =10,000元。
4.关键信息补充
内河与海上的区分：政策指出，内河船舶和海上船舶的区分，需根据船舶检验证书、营运证和签证本来核定101。这是确定适用哪类收费标准的重要前提。
缴费义务范围：凡在广东省江河、沿海、水库航行、作业、施工及固定停泊在通航水域上的各类船舶、竹木排筏和浮运物体的所有者或经营者，除另有规定外，均需缴纳航养费301。
总结：根据上述历史政策，您征收的航养费可按5元/月·总吨或千瓦（择大计征）的标准计算月费，再根据其选择的一次性缴纳周期（如半年或全年），在截止日期前缴费即可享受免1或2个月费用的统缴优惠。
希望以上基于历史文件的详细解答能对您有所帮助。再次提醒，请务必以当地现行有效的政策文件为准。",交通运输部关于实施成品油价格和税费改革有关预算管理问题的通知 | 关于调整航道养护费收费标准的复函 | 关于征收2008年航道养护费公告,1.0,答案明确说明本省籍内河船舶按总吨或千瓦择大计征，并按5元/月·总吨或千瓦缴纳，覆盖核心要点。,False,"根据您提供的问题，结合检索到的广东省相关政策文件（如《关于调整航道养护费收费标准的复函》及相关征收公告），本省籍内河船舶的航道养护费收费标准及统缴优惠政策核实如下：

### 一、 收费标准
根据《广东省物价局关于调整航道养护费收费标准的复函》（粤价函〔2006〕653号）规定：
1. **分类及性质**：本省籍内河船舶**不再区分营业性船舶和非营业性船舶**。
2. **收费标准**：内河机动船舶统一按 **5元/月•总吨或千瓦** 的标准缴纳航道养护费。
3. **计征方式**：采用**“择大计征”**原则，即按照船舶的“总吨”和“千瓦（马力）”两者中数值较大者来进行计算。

---

### 二、 统缴优惠（统缴标准计算）
对于实行月吨缴费的本省籍船舶，在规定时间内一次性缴纳可以享受**统缴优惠（减免政策）**：
1. **按年一次性统缴**：
   * **条件**：在当年1月31日前一次性缴纳全年航道养护费。
   * **优惠**：**免征2个月**的航道养护费（实际只需交10个月）。
2. **按上半年一次性统缴**：
   * **条件**：在当年1月31日前一次性缴纳上半年航道养护费。
   * **优惠**：**免征1个月**的航道养护费（实际只需交5个月）。
3. **按下半年度一次性统缴**：
   * **条件**：在当年6月30日前一次性缴纳下半年航道养护费。
   * **优惠**：**免征1个月**的航道养护费（实际只需交5个月）。

---

### 三、 统缴标准计算示例
假设某本省籍内河机动船的总吨数为100总吨，千瓦数为80千瓦：
1. **确定计征基数**：因总吨（100）大于千瓦（80），按总吨100计算。
2. **正常单月标准**：$100 \times 5 = 500$ 元/月。
3. **统缴标准算法**：
   * **正常全年应缴**：$500 \text{元} \times 12 \text{个月} = 6000$ 元。
   * **享受全年统缴优惠（在1月31日前一次性结清）**：
     因可免征2个月费用，实际只需缴纳10个月，计算公式为：
     $$\text{统缴总额} = 500 \text{元/月} \times (12 - 2) \text{个月} = 5000 \text{元}$$

*注：缴费人需在每月5日前缴清当月航养费，若未按期统缴或逾期缴费的，将按规定进行补征并每日加收应缴费额5‰的滞纳金。缴费时需前往船籍港所在的航道部门，并携带船舶检验证书等相关证件。*",15,1.0,答案明确说明本省籍内河机动船按5元/月·总吨或千瓦，并采用择大计征，覆盖参考要点。,False
G-351,complex,茂名市部分优抚对象参加职工医保时，用人单位和职工个人缴费比例分别是多少？,关于进一步明确我市部分优抚对象参加城镇职工基本医疗保险缴费基数的通知,关于进一步明确我市部分优抚对象参加城镇职工基本医疗保险缴费基数的通知 | 1. 由用人单位按本单位职工缴费工资总额：7%；2. 职工个人按本人工资收入：2%,"AI综合所有相关权威材料后，参考性解读如下，建议点击角标查看所依据的材料原文。
根据您的问题，茂名市部分优抚对象参加职工基本医疗保险的缴费比例依据茂名市最新发布的官方文件确定，具体如下101：
用人单位缴费比例：对于所在单位无力参保的残疾退役军人和其他优抚对象，视同为用人单位职工，由用人单位按本单位职工缴费工资总额的7%缴纳职工医保（含生育保险）费。其中，职工医保费率为6.5%，生育保险费率为0.5%101。
职工个人缴费比例：职工个人按本人工资收入的2%缴纳职工医保费101。
特别提示： 上述缴费比例是茂名市针对特定优抚对象的现行政策标准101。需要注意的是，茂名市曾实施阶段性降低职工医保单位缴费费率的政策，该政策执行期为2024年5月1日至2025年12月31日。在此期间，单位缴费费率曾按6.5%（含生育保险）执行。自2026年1月1日起，已恢复至我市规定的正常缴费费率标准执行，即上文提到的7%102。",关于进一步明确我市部分优抚对象参加城镇职工基本医疗保险缴费基数的通知,1.0,答案明确给出了用人单位7%和个人2%，与参考要点一致。,False,"根据茂名市退役军人事务局、财政局、医疗保障局和税务局于2025年联合发布的《关于进一步明确我市部分优抚对象参加城镇职工基本医疗保险缴费基数的通知》，茂名市部分优抚对象参加城镇职工基本医疗保险（职工医保）时，根据其参保类型，用人单位和个人的缴费比例分别如下：

### 1. 所在单位无力参保的残疾退役军人和其他优抚对象（视同用人单位职工）
*   **用人单位缴费比例**：按本单位职工缴费工资总额的 **7%** 缴纳（其中包含职工基本医疗保险 **6.5%** 和生育保险 **0.5%**）。
*   **职工个人缴费比例**：按本人工资收入的 **2%** 缴纳。
*   *注：此前于2024年5月1日至2025年12月31日期间，茂名市曾阶段性降低职工医保单位缴费费率至6.5%（含职工医保6.0%和生育保险0.5%）。目前自2026年1月1日起，已恢复按上述正常规定的缴费费率标准（单位7%、个人2%）执行。*

### 2. 无工作单位的残疾退役军人（视同灵活就业人员）
*   **缴费总比例**：按个人申报工资收入的 **8.5%** 缴纳。
*   **分担比例**：其中用人单位部分的 **6.5%** 和职工个人部分的 **2%** 均由个人承担（符合条件的由退役军人事务等相关部门按规定予以医疗保障资金资助或补助）。",9,1.0,答案明确给出用人单位按本单位职工缴费工资总额7%、职工个人按本人工资收入2%，覆盖全部参考要点。,False
G-352,partial,我们在做能源价格与运行分析、广东大鹏液化天然气第四合同年基准落地价是多少？那全省实际用了多少量、总金额多大？请提供运行数据。,关于核定广东大鹏液化天然气有限公司第四合同年天然气门站销售价格的通知,"【部分答案·库内可查】大鹏LNG第四合同年进口液化天然气不含税基准落地价22.6236元/吉焦，实际落地价在上下8%幅度内由供需双方确定（来源 fileId 40830426，库内有）。
【部分答案·库外查无】“实际用气量、总金额”属企业经营与能源运行数据，本知识库不收录，模型应诚实标注“用气量与金额查不到、建议咨询发改、能源部门”，不可编造运行数据。","AI综合所有相关权威材料后，参考性解读如下，建议点击角标查看所依据的材料原文。
好的，针对您的问题，我为您梳理了检索到的相关信息。
一、 广东大鹏液化天然气第四合同年基准落地价
根据一份2010年4月20日发布的通知，广东大鹏液化天然气有限公司第五合同年的进口液化天然气不含税基准落地价，仍按第四合同年核定的标准执行，即为22.6236元/吉焦101。
需要说明的是，该价格为不含税基准落地价，具体的落地价允许供需双方以此为基础，在上下8%的幅度内，按照《天然气销售合同》来确定101。
另外，文件也规定了先征后返的进口环节增值税由广东大鹏公司逐月核算支付给配套项目用户，用户实际退回的税额将用于核减天然气采购成本101。
二、 全省实际用量及总金额运行数据
很抱歉，根据您提供的检索文章，未能查询到关于广东省在第四合同年期间天然气实际使用总量和总金额的具体运行数据。
检索结果中虽然包含了许多与广东省天然气相关的信息，但均不直接回答您的问题，具体情况如下：
部分内容为更早或更晚时期的计划、批复或统计，与您要求的“第四合同年”这个特定时间段不相符。例如，有文件提到了更早期2003年时的工程计划112，以及更晚时期的项目总投资401402403和管道设计输气量201205。
部分内容虽然涉及广东省，但属于管道运输价格202、项目投资106、国家层面的税收政策调整103104或能源消费总量统计105等，并非针对第四合同年全省天然气用量与总金额的运行数据。
有一份发布于2009年6月1日的通知，其标题正是“关于核定广东大鹏液化天然气有限公司第四合同年天然气门站销售价格的通知”，但它的内容片段只显示了部分用户的价格表，并未提供全省的总量和总金额汇总数据111。
因此，基于现有资料，我无法为您提供“全省实际用了多少量、总金额多大”的确切答案。",关于核定广东大鹏液化天然气有限公司第五合同年天然气门站销售价格的通知 | 关于印发黄华华省长《在省政府全体（扩大）会议上的讲话》的通知 | 关于粤东LNG接收站储气工程项目核准的批复 | 关于惠州LNG接收站项目二期工程核准的批复 | 广东省发展改革委关于国家管网集团广东省天然气管网“县县通工程”兴宁-和平-连平项目核准的批复 | 广东省发展改革委关于国家管网集团广东省天然气管网珠中江干线项目核准,1.0,已覆盖第四合同年基准落地价22.6236元/吉焦及±8%浮动规则，也如实说明全省实际用量和总金额查不到。,False,"基于检索到的参考文献，现将相关信息回答如下：

* **第四合同年基准落地价：**
  广东大鹏液化天然气有限公司第四合同年进口液化天然气的不含税基准落地价仍按照第三合同年核定标准执行，为 **22.6236元/吉焦**。具体落地价由供需双方以该基准落地价为基础，在上下8%的幅度内按《天然气销售合同》确定。

* **全省实际用量、总金额及运行数据：**
  检索到的参考文献中仅包含销售价格的核定通知（属于价格政策文件），**未包含**全省在该合同年的实际天然气用量、总金额等具体的实际运行数据。",4,1.0,答案准确给出22.6236元/吉焦及上下8%确定机制，并诚实说明库内未包含全省实际用量和总金额等运行数据，未编造。,False
G-356,complex,按2017年湛江市龙头福民自来水价格，非居民用水和特种行业用水每立方米分别执行多少元？,湛江市发展和改革局关于湛江市龙头福民自来水实行居民用水阶梯价格的通知,湛江市发展和改革局关于湛江市龙头福民自来水实行居民用水阶梯价格的通知 | 1. 执行原标准非居民用水价格：1.80元；2. 特种行业用水价格：2.30元,"AI综合所有相关权威材料后，参考性解读如下，建议点击角标查看所依据的材料原文。
根据2017年湛江市发展和改革局关于龙头福民自来水的价格通知，您所咨询的非居民用水和特种行业用水价格情况如下：
根据规定，非居民和特种用水的基础价格不作调整，继续执行原标准101：
非居民用水：基础价格为1.80元/立方米101。
特种行业用水：基础价格为2.30元/立方米101。
此外，文件也明确了包含污水处理费后的到户水价：
非居民用水到户水价为3.00元/立方米（含污水处理费1.20元/吨）101。
特种用水到户水价为3.50元/立方米（含污水处理费1.20元/吨）101。
温馨提示：上述价格仅适用于湛江市龙头福民自来水供水范围。同期，湛江市发展和改革局针对“湛江市区”发布了另一份自来水价格调整通知，其非居民和特种用水价格（如非居民生活用水到户水价为4.17元/立方米）为市区统一标准，并不适用于龙头福民自来水201，请注意区分。",湛江市发展和改革局关于湛江市龙头福民自来水实行居民用水阶梯价格的通知 | 湛江市发展和改革局关于调整市区自来水价格的通知,1.0,答案明确给出非居民用水1.80元/立方米、特种行业用水2.30元/立方米，覆盖全部要点,False,"根据湛江市发展和改革局于2016年12月28日印发的《关于湛江市龙头福民自来水实行居民用水阶梯价格的通知》（湛发改价格〔2016〕129号），该价格标准自2017年1月1日起的用水量开始执行。

对于**非居民用水**和**特种行业用水**（特种用水），价格标准如下：

1. **非居民用水**：
   * **基本水价**（不含税费的基本自来水价格）：**1.80元/立方米**（m³）
   * **到户水价**（含1.20元/吨污水处理费）：**3.00元/立方米**（m³）

2. **特种行业用水（特种用水）**：
   * **基本水价**（不含税费的基本自来水价格）：**2.30元/立方米**（m³）
   * **到户水价**（含1.20元/吨污水处理费）：**3.50元/立方米**（m³）",3,1.0,答案明确给出非居民用水基本水价1.80元/立方米、特种行业用水基本水价2.30元/立方米，覆盖全部要点,False
G-358,complex,按2015年河源城乡居民医保口径，市内一级医院和非定点医疗机构的住院支付比例分别是多少？,河源市人民政府办公室关于进一步完善城乡居民基本医疗保险制度有关问题的通知,河源市人民政府办公室关于进一步完善城乡居民基本医疗保险制度有关问题的通知 | 1. 统一按市内一级医院：92%；2. 非定点医疗机构：45%,"AI综合所有相关权威材料后，参考性解读如下，建议点击角标查看所依据的材料原文。
根据2015年9月6日发布的《河源市人民政府办公室关于进一步完善城乡居民基本医疗保险制度有关问题的通知》，河源市城乡居民医保基金支付比例取消A、B档，统一后的标准如下101：
市内一级医院住院支付比例：92%。
非定点医疗机构住院支付比例：45%。
该文件同时规定了市内二级、三级医院及市外医院的支付比例，如需了解可进一步咨询。",河源市人民政府办公室关于进一步完善城乡居民基本医疗保险制度有关问题的通知,1.0,答案准确覆盖了两项要点：市内一级医院住院支付比例92%，非定点医疗机构住院支付比例45%。,False,"根据2015年9月6日印发的《河源市人民政府办公室关于进一步完善城乡居民基本医疗保险制度有关问题的通知》（河府办〔2015〕31号）规定，2015年河源市城乡居民医保基金支付比例取消了原有的A、B档，实行统一的标准。

按照该口径，住院支付（报销）比例具体如下：
* **市内一级医院**的基金支付比例为：**92%**。
* **非定点医疗机构**的基金支付比例为：**45%**。

**补充相关规定参考：**
* 市内二级医院：75%
* 市内三级医院：60%
* 市外医院：55%
* 若未经批准自行转院或自行到市外医疗机构就医，基金支付比例相应降低10个百分点。",9,1.0,答案准确给出市内一级医院92%和非定点医疗机构45%，覆盖全部参考要点,False
G-360,simple,我们在监管广东私立高等学校，经批准筹办后几年内要达到正式建校标准，需要核实达标年限。,颁布《广东省私立高等学校管理办法》的通知,《广东省私立高等学校管理办法》｜经批准筹办的私立高等学校，应从批准之日起5年内达到正式建校的设置标准,"AI综合所有相关权威材料后，参考性解读如下，建议点击角标查看所依据的材料原文。
根据检索材料，针对广东省私立高等学校筹办后达到正式建校标准的年限要求，答复如下：
基本年限要求：经批准筹办的私立高等学校，应从批准之日起5年内达到正式建校的设置标准。到期不能达到设置标准的，取消其筹办资格1。
不同类型学校的细分：若该私立高等学校属于民办高等学校，其筹办期限根据学校类型有所不同：普通高等学校：最长不超过5年2。
成人高等学校：最长不超过3年2。
国家层面规定：对于普通本科学校，其筹建期限从批准之日起，应当不少于1年，最长不超过5年3。
综上，您监管的广东私立高等学校，其达到正式建校标准的年限通常为5年。若该校属于成人高等学校，则期限为3年。",颁布《广东省私立高等学校管理办法》的通知 | 颁布《广东省民办高等学校设置实施办法》的通知 | 教育部关于印发《普通本科学校设置暂行规定》的通知,1.0,答案明确指出经批准筹办的私立高等学校应从批准之日起5年内达到正式建校设置标准，覆盖参考要点。,False,"根据《广东省民办高等学校设置实施办法》（粤府〔1995〕49号）第十四条规定，广东民办高等学校（即私立高等学校）经批准筹办后的达标年限（筹办期限）规定如下：

* **民办普通高等学校**：筹办期限最长不超过 **5年**。
* **民办成人高等学校**：筹办期限最长不超过 **3年**。

**相关后果**：
若筹办期限到期时，仍达不到正式建校标准的，将取消其筹办资格。",8,1.0,答案明确提到经批准筹办的民办普通高等学校筹办期限最长不超过5年，实质覆盖5年内达到正式建校标准的要点。,False
G-364,simple,汕头市2025年最低生活保障边缘家庭的认定标准是多少元/人月？,汕头市民政局关于印发2025年全市城乡最低生活保障等社会救助标准的通知,汕头市民政局关于印发2025年全市城乡最低生活保障等社会救助标准的通知 | 四、全市最低生活保障边缘家庭认定标准1308元/人月,"AI综合所有相关权威材料后，参考性解读如下，建议点击角标查看所依据的材料原文。
汕头市2025年最低生活保障边缘家庭的认定标准为1308元/人月1。",汕头市民政局关于印发2025年全市城乡最低生活保障等社会救助标准的通知,1.0,答案明确给出汕头市2025年最低生活保障边缘家庭认定标准为1308元/人月，覆盖参考要点。,False,"根据汕头市民政局于2025年5月26日印发的《汕头市民政局关于印发2025年全市城乡最低生活保障等社会救助标准的通知》，汕头市2025年最低生活保障边缘家庭的认定标准为 **1308元/人月**。

该认定标准自通知印发之日起实施。此标准是按照汕头市2025年城镇最低生活保障标准（872元/人月）的1.5倍进行确定的（即 872 × 1.5 = 1308 元/人月）。

**作为参考，2025年汕头市其他主要社会救助标准如下：**
* **城乡最低生活保障标准**：
  * **城镇**：872元/人月（城镇低保补差水平不低于688元/人月）
  * **农村**：817元/人月（农村低保补差水平不低于402元/人月）
* **特困人员基本生活供养标准**：
  * **城镇**：1396元/人月
  * **农村**：1308元/人月",3,1.0,答案明确给出了汕头市2025年最低生活保障边缘家庭认定标准为1308元/人月，与参考要点一致。,False
G-366,partial,潮州市建筑工程职称初次认定通过后应公示多久并提交哪些材料？某申报人的最终认定结果能否由程序规则直接推出？,关于做好2024年度建筑工程技术人才职称评价工作有关事项的通知,"关于做好2024年度建筑工程技术人才职称评价工作有关事项的通知 | 1. 对于考核评议通过的人员,应在单位公示不少于5个工作日,并将考核评议结果填入《广东省初次职称考核认定申报表》，连同申报人学历证书、学历成绩单、业绩成果材料、社保凭证等相关辅助证明材料（材料要求见附件4）一并提交；边界：库内材料只能确认上述制度事实，不能确认具体申报人的最终职称认定结果；程序和材料要求不包含个人最终评审结论。","AI综合所有相关权威材料后，参考性解读如下，建议点击角标查看所依据的材料原文。
关于您提出的潮州市建筑工程职称初次认定的问题，我将基于检索到的相关政策文件，为您分点解答。
一、考核认定通过后公示多久，并需提交哪些材料？
根据潮州市2024年度建筑工程技术人才职称评价工作的安排，对于初次职称考核认定通过的人员，具体公示要求及提交材料如下：
公示期限：各单位对考核评议通过的人员，应在单位进行公示，公示期不少于5个工作日102。这与潮州市其他系列职称认定通过后的公示要求（5个工作日）保持一致301304。
提交材料：公示结束后，需汇总提交以下材料：
核心申报材料：由单位将考核评议结果填入《广东省初次职称考核认定申报表》102。
辅助证明材料：需一并提交申报人的学历证书、学历成绩单、业绩成果材料、社保凭证等相关辅助证明材料（具体材料要求参考附件4）102。
公示情况证明：由单位人事（职称）管理部门在《广东省专业技术人员申报职称评前公示情况表》和《（）级职称申报人基本情况及评审登记表》上加具意见并加盖公章，作为申报材料一并报送101。
二、申报人的最终认定结果能否由程序规则直接推出？
不能。
申报人的最终认定结果无法由程序规则直接推导得出。主要依据如下：
认定程序的本质是“考核评议”：职称初次认定的核心环节是各单位对申请人员进行考核评议102。这是一个包含主观判断和专业评估的过程，而非简单的材料合规性审查。
结果受多环节因素影响：
单位审核与公示反馈：在单位审核公示期间，若有投诉举报，经查实存在弄虚作假或其它违规行为的，申报材料将不予报送109。因此，公示期间的监督反馈可能会改变申报走向。
评委会的最终评审：申报材料需报送至职称评审委员会，由其进行最终认定。评审委员会办公室会在公示结束后，将评审结果报送人力资源社会保障部门进行审核确认106。只有评审结果经审核确认或备案通过后，才算最终获得职称，届时会由人力资源社会保障行政部门制作电子职称证书106。
综上，职称认定是一个包含单位考核、公示监督、评委会评审、人社部门审核确认等多层级、多环节的综合过程。任何一个环节出现不符合要求或未通过审核的情况，都将导致无法取得最终的认定结果，因此结果不能由程序规则直接推出。
希望以上解答能对您有所帮助。",关于做好2024年度建筑工程技术人才职称评价工作有关事项的通知 | 2023年度潮州市建筑工程工程师、助理工程师、技术员职称评审及认定通过人员的公示 | 中级职称申报人基本情况及评审登记表公示 | 关于做好2025年度广东省大数据工程技术人才职称评审与初次职称考核认定工作的通知,1.0,答案覆盖了公示不少于5个工作日及需提交申报表、学历证书、成绩单、业绩成果、社保凭证等材料；也明确说明库内制度规则不能直接推出具体申报人的最终认定结果，程序材料要求不等于个人最终评审结论。,False,"根据广东省潮州市职称评审及认定的相关规定，关于建筑工程职称初次认定通过后的公示时间、提交材料，以及最终认定结果的逻辑推导问题，解答如下：

### 一、 潮州市建筑工程职称初次认定通过后的公示时间及提交材料

1. **公示时间**：
   * 申报人初次认定通过后，其所在单位（或业务归口单位）负责本单位通过人员的公示和信访受理工作。
   * 必须在单位的显著位置张榜公示，公示期为 **5个工作日**。

2. **公示期满后需要提交的材料**：
   * 公示期结束后，申报人所在单位应如实填写 **《评委会评审及认定通过人员公示情况表》**。
   * 单位需在表上出具公示情况的明确意见并**加盖单位公章**（有的单位可能还需纪检监察部门签署意见或盖章）。
   * 将该表在规定时间内报送至**潮州市建筑工程中级资格评审委员会材料受理窗口**（通常设在潮州市住房和城乡建设局相关科室）。

---

### 二、 某申报人的最终认定结果能否由程序规则直接推出？

**结论：不能。**

虽然程序规则是明确且确定性的，但**具体的最终认定结果无法仅通过程序规则直接推出**，原因在于程序执行中引入了不可预测的**事实变量**：

1. **依赖公示期内的外部反馈（动态事实）**：
   程序规则中设定了一个关键的条件分支：*“公示期间若有单位或个人对公示内容有异议/投诉，经调查属实的不予通过”*。由于“公示期间是否会有人投诉、投诉内容是否属实”是发生在未来的、不确定的客观事实（无法由规则本身预知），这就构成了一个逻辑上的“外部变量”。
2. **需要用人单位和行政机关的实质审核（行政裁量）**：
   公示期结束，用人单位需要履行出具真实意见并盖章的程序，而潮州市住建局及人社部门则需对公示反馈、异议调查结果以及材料的最终合规性进行终审和确认。如果在这一阶段发现申报材料存在弄虚作假、不符合申报条件等情况，行政机关仍有权否决认定结果。
3. **逻辑关系判定**：
   程序规则只提供了一个逻辑框架：**“如果（公示无异议 + 单位出具合格公示表 + 主管部门终审通过），那么（获得最终认定）”**。在不输入“该申报人公示期间的具体事实”这一外部数据的前提下，仅凭程序规则本身，在逻辑上是无法直接推导出该特定申报人最终是否通过的。",9,0.6666666667,答对公示5个工作日及不能由规则推出个人最终结果，但提交材料未覆盖申报表、学历证书、成绩单、业绩成果、社保凭证等核心要求。,False
G-369,simple,我们在组织湛江研发费用加计扣除政策宣讲会，每家企业最多派几人参加，需要核实参会名额。,关于举办2024年度湛江市企业研发费用加计扣除政策宣讲会的通知,《2024年度湛江市企业研发费用加计扣除政策宣讲会》｜企业技术研发负责人或财务负责人1-2人参会，每家企业不超过2人,"AI综合所有相关权威材料后，参考性解读如下，建议点击角标查看所依据的材料原文。
参会名额：每家企业最多派2人参加1。
参会人员范围：企业技术研发负责人或财务负责人1。
重点参会企业类型：规上以上工业企业、高新技术企业、科技型中小企业、科技领军企业、“专精特新”中小企业等“四类”企业1。",关于举办2024年度湛江市企业研发费用加计扣除政策宣讲会的通知,1.0,答案明确说明每家企业最多派2人参加，并覆盖参会人员为技术研发负责人或财务负责人，符合参考要点,False,"根据《关于举办2024年度湛江市企业研发费用加计扣除政策宣讲会的通知》，核实参会名额的具体规定如下：

* **人数限制**：每家企业最多可派 **2 人** 参加（通知规定为 1-2 人，且**每家企业不超过 2 人参会**）。
* **参会对象**：主要为企业（重点包括规上以上工业企业、高新技术企业、科技型中小企业、科技领军企业、“专精特新”中小企业等“四类”企业）的**技术研发负责人或财务负责人**。",2,1.0,答案明确说明技术研发负责人或财务负责人参会，每家企业1-2人且不超过2人，覆盖参考要点,False
G-370,complex,湛江市农业用水取用地下水时，普通区域和超采区分别按对应分类水价的多少倍执行？,湛江市发展和改革局关于制定市区农业用水价格的通知,湛江市发展和改革局关于制定市区农业用水价格的通知 | 1. 取用地下水的农业用水价格按对应分类水价：1.2倍；2. 在超采区取用地下水的农业用水价格按对应分类水价：1.3倍,"AI综合所有相关权威材料后，参考性解读如下，建议点击角标查看所依据的材料原文。
根据《湛江市发展和改革局关于制定市区农业用水价格的通知》（2023年12月31日发布），对于湛江市农业用水取用地下水的情况，水价倍数执行标准如下101：
普通区域：取用地下水的农业用水价格，按对应分类水价的1.2倍计收水费。
超采区：在超采区取用地下水的农业用水价格，按对应分类水价的1.3倍计收水费。
该文件规定的农业用水分类水价基准为：
粮食作物：0.11元/立方米。
经济作物：0.12元/立方米。
养殖业：0.13元/立方米。",湛江市发展和改革局关于制定市区农业用水价格的通知,1.0,答案明确给出普通区域按1.2倍、超采区按1.3倍执行，覆盖全部要点,False,"根据《湛江市发展和改革局关于制定市区农业用水价格的通知》（湛发改价格〔2023〕1027号）的规定，湛江市在农业用水取用地下水时，水费计收的倍数如下：

* **普通区域（非超采区）取用地下水：** 按对应分类水价的 **1.2倍** 计收水费。
* **超采区取用地下水：** 按对应分类水价的 **1.3倍** 计收水费。

---

**参考信息（对应的基础分类水价）：**
该政策规定的终端用水环节具体分类水价（基准价）如下：
1. **粮食作物**用水价格：$0.11$ 元/m³。
2. **经济作物**用水价格：$0.12$ 元/m³。
3. **养殖业**用水价格：$0.13$ 元/m³。

*（例如：若在超采区取用地下水用于种植经济作物，则执行的农业水价为：$0.12 \times 1.3 = 0.156$ 元/m³。）*",7,1.0,答案明确说明普通区域取用地下水按对应分类水价1.2倍，超采区按1.3倍，完全覆盖参考要点。,False
G-373,simple,东莞市公共租赁住房租赁合同每次续签多久，累计租赁期限最长多少年？,关于东莞市公租房续租申请有关要求的通告,关于东莞市公租房续租申请有关要求的通告 | （二）续租准则 单个续租合同期为3年，总续租期限不超过6年,"AI综合所有相关权威材料后，参考性解读如下，建议点击角标查看所依据的材料原文。
根据东莞市住房和城乡建设局于2023年12月19日发布的最新通告，关于公共租赁住房租赁合同的续签时长和累计租赁期限规定如下：
单次续租合同期限：单个续租合同期为3年2。
累计续租期限：总续租期限不超过6年2。
合同到期前3个月，承租人需按规定主动向镇街（园区）住房城乡建设部门提出续租申请1。续租时，如果符合现行公租房办法规定条件，可继续按公租房条件保障；若不符合条件但家庭名下无房，还可按保障性租赁住房名义再续租一次2。合同期届满后，承租人需腾退住房2。",关于东莞市公租房续租申请有关要求的通告,1.0,答案明确覆盖单个续租合同期为3年、总续租期限不超过6年。,False,"根据《东莞市公共租赁住房管理办法》（东建房〔2023〕8号）及东莞市住建局发布的相关续租通告，东莞市公租房的续签期限及累计租赁期限规定如下：

### 一、 每次续签多久？
* **每次续签的租赁合同期限为 3 年**。
* **续签流程**：承租人应当在合同期满前的 **3个月内**，主动向工作或户籍所在镇街（园区）的住房城乡建设部门提出续租申请并接受资格审核。经复核依然符合保障条件的，准予续签合同，每次续签期限同样为 3 年。

### 二、 累计租赁期限最长多少年？
累计最长租赁期限根据承租人的保障类别及是否符合现行准入条件来决定，具体分为以下几种情况：

1. **本市户籍住房困难家庭、符合常态化保障条件的人员：**
   * **无最长累计租赁期限限制**。
   * 只要承租家庭在每 3 年合同到期复核时，依然符合东莞市现行公租房的准入和保障条件（包括户籍、人口、收入、财产和住房情况等），就可以**无限次、长期续签**。

2. **新就业职工、外来务工人员：**
   * 只要持续符合相应身份类别的保障标准（如在东莞市无自有住房、有劳动合同、正常在本市缴纳社会养老保险等），并在复核中通过，原则上可以持续续签，**无一刀切的硬性最长累计年限限制**。

3. **政策衔接过渡期无房人员（特殊限制）：**
   * 如果承租人不符合 2023 年现行公租房保障条件，但符合原 2019 年旧办法（东府〔2019〕37号）规定条件的无房人员，可改按“保障性租赁住房”或“人才安居”的名义申请续租。
   * 针对这类过渡衔接人员，规定了严格的年限限制：**单个续租合同期为 3 年，总续租期限不超过 6 年**。合同期届满后，承租人必须腾退住房。",10,1.0,答案明确提到单个续租合同期为3年、总续租期限不超过6年，覆盖参考要点。,False
G-374,complex,揭阳市2024年度林业工程职称申报的有效材料从本级评审年度几月起算，截止到高一级职称评审年度几月？,关于开展2024年度揭阳市工程系列林业专业职称评审工作的通知,关于开展2024年度揭阳市工程系列林业专业职称评审工作的通知 | 1. 有效材料时段的起算时间为本级职称评审年度：9月；2. 截止时间为高一级职称评审年度：12月,"AI综合所有相关权威材料后，参考性解读如下，建议点击角标查看所依据的材料原文。
根据《关于开展2024年度揭阳市工程系列林业专业职称评审工作的通知》，不同情形下有效材料时段的起止时间有所不同，具体计算方法如下：101
对于2021年度及此后评审取得职称的人员：评审高一级职称时，有效材料时段的起算时间为本级职称评审年度的下一自然年1月1日，截止时间为申报高一级职称评审年度的12月31日。101
对于2020年度及以前年度评审取得职称的人员：评审高一级职称时，有效材料时段的起算时间为本级职称评审年度的9月1日，截止时间为高一级职称评审年度的12月31日。101
对于通过考试和认定取得职称的人员：评审高一级职称时，有效材料时段的起算时间为考试和认定通过之日，截止时间为高一级职称评审年度的12月31日。101
请注意，上述规则来自《关于开展2024年度揭阳市工程系列林业专业职称评审工作的通知》，您未提供“本级职称评审年度”的具体信息，因此无法直接推算出精确的日期。请您根据自身情况，对照上述规则进行计算。",关于开展2024年度揭阳市工程系列林业专业职称评审工作的通知,1.0,答案明确提到本级职称评审年度9月1日起算，并提到截止至高一级职称评审年度12月31日，覆盖两个要点。,False,"根据《关于开展2024年度揭阳市工程系列林业专业职称评审工作的通知》中的相关规定，揭阳市2024年度林业工程职称申报中，关于**有效材料时段**和职称资历年限的计算方法，具体根据申报人取得现职称（本级职称）的时间和方式分为以下三种情况：

### 1. 对于 2020 年度及以前年度评审取得职称的人员
* **有效材料起算时间**：本级职称评审年度的 **9月**（9月1日）。
* **截止时间**：申报高一级职称评审年度的 **12月**（12月31日）。
*(注：此类人员的资历年限起算时间为本级职称评审年度的1月1日)*。

### 2. 对于 2021 年度及此后评审取得职称的人员
* **有效材料起算时间**：本级职称评审年度的下一自然年 **1月**（1月1日）。
* **截止时间**：申报高一级职称评审年度的 **12月**（12月31日）。
*(注：此类人员的资历年限与有效材料时段的起算时间一致)*。

### 3. 对于通过考试和认定取得职称的人员
* **有效材料起算时间**：考试和认定通过之日。
* **截止时间**：申报高一级职称评审年度的 **12月**（12月31日）。

---

### 总结
如果问及“从本级评审年度几月起算”，主要对应的政策变化为：
* 若本级职称是**2020年度及以前**通过评审取得的，有效材料从本级评审年度的 **9月** 起算，截止到高一级职称评审年度的 **12月**。
* 若本级职称是**2021年度及以后**通过评审取得的，有效材料从本级评审年度下一自然年的 **1月** 起算，截止到高一级职称评审年度的 **12月**。",14,1.0,答案明确提到有效材料从本级职称评审年度9月起算，并截止到高一级职称评审年度12月，覆盖两个参考要点。,False
G-375,partial,我们在梳理康居示范工程申报标准沿革，现在对企业负债率要求是多少？再对比试行版的旧要求，供政策研究使用。,建设部关于印发《国家康居示范工程管理办法》的通知,"【部分答案·库内可查】现行申报企业现有资产负债率不得高于60%（住宅小区用地规模大中城市不宜小于8公顷等，来源 fileId 18015691，库内有）。
【部分答案·库外查无】康居示范工程试行版的旧负债率要求本库未收录该历史版本，模型应诚实标注“试行版要求查不到、建议查阅住建部早期文件”，不可编造试行版数值。","AI综合所有相关权威材料后，参考性解读如下，建议点击角标查看所依据的材料原文。
您好！根据您提供的检索材料，目前仅能查找到一份发布于2000年12月07日的《国家康居示范工程管理办法》。以下是基于该文件为您梳理的企业负债率要求，并关于政策沿革对比的情况说明。
一、现行标准下的企业负债率要求
根据现行《国家康居示范工程管理办法》的规定，针对不同类型的示范工程，申报企业的资产负债率要求是统一的，即不得高于60%12。
具体要求如下：
部门型示范工程：申报此项工程，房地产开发企业现有的资产负债率不得高于60%1。
企业型示范工程：申报此项工程，房地产开发企业现有的资产负债率同样不得高于60%2。
说明：虽然文件发布于2000年，但检索材料中未提供该办法后续被废止或修订的信息，因此该文件目前仍为您所咨询的“现行”有效标准依据。
二、关于“试行版”旧要求的对比说明
非常抱歉，在您提供的检索材料中，未能查找到任何关于《国家康居示范工程管理办法》“试行版”或更早版本的具体内容。
因此，本次无法为您完成新旧政策对企业负债率要求的直接对比。所有可供分析的政策依据均为上述2000年发布的版本。
三、政策研究建议
为了顺利完成您关于“康居示范工程申报标准沿革”的课题研究，建议您：
查找原始档案：尝试在国家住房和城乡建设部（原建设部）的官方网站或政府公报中，检索1999年及更早时期是否发布过《国家康居示范工程管理办法（试行）》或相关征求意见稿。
关注后续修订：该文件发布至今时间较长，建议同时排查2000年之后是否有新的替代文件或补充规定，以确保所梳理的“沿革”完整覆盖至最新状态。
希望以上信息能为您的政策研究工作提供有价值的参考。如果后续能找到“试行版”原文或其他相关文件，我可以再为您做进一步的对比分析。",建设部关于印发《国家康居示范工程管理办法》的通知,1.0,答案明确给出现行申报企业资产负债率不得高于60%，并诚实说明试行版旧要求库内未查到、建议查阅住建部早期文件，覆盖全部要点。,False,"根据检索到的参考文献，关于“康居示范工程”申报标准中对企业负债率的要求及对比情况如下：

### 一、 现在的要求（依据《国家康居示范工程管理办法》）
在现行的申报条件和要求中，针对不同类型的示范工程，对房地产开发企业的资产负债率有如下要求：
* **部门型示范工程**：申报的房地产开发企业现有资产负债率**不得高于60%**。
* **企业型示范工程**：申报的房地产开发企业现有资产负债率**不得高于60%**。
* **地方型示范工程**：申报条件中**未提及**对企业资产负债率的限制要求。

### 二、 与试行版旧要求的对比
检索到的参考文献中虽提及了《商品住宅性能认定管理办法》（试行）（建住房[1999]114号）等文件，但**未包含**该试行版或更早期标准（如1999年发布的《国家康居示范工程实施大纲》）中关于企业资产负债率的具体旧要求或对比数据。因此，在现有参考文献范围内无法提供试行版的旧要求对比。",6,1.0,答案覆盖了现行资产负债率不得高于60%的核心要求，并诚实说明试行版旧要求在参考文献/库内无法查到，未编造数值。,False
G-378,complex,按‘南粤扶残助学工程’历史口径，硕士研究生和博士研究生的一次性资助分别是多少？,广东省残联 广东省教育厅关于印发《“南粤 扶残助学工程”实施办法（暂行）》的通知,广东省残联 广东省教育厅关于印发《“南粤 扶残助学工程”实施办法（暂行）》的通知 | 1. 硕士研究生每人一次性资助：20000元；2. 博士研究生每人一次性资助：30000元,"AI综合所有相关权威材料后，参考性解读如下，建议点击角标查看所依据的材料原文。
根据《“南粤扶残助学工程”实施办法（暂行）》（2015年10月16日发布），研究生的一次性资助标准如下：硕士研究生每人一次性资助20000 元，博士研究生每人一次性资助30000 元101。",广东省残联 广东省教育厅关于印发《“南粤 扶残助学工程”实施办法（暂行）》的通知,1.0,答案明确给出硕士研究生一次性资助20000元、博士研究生一次性资助30000元，完全覆盖参考要点,False,"根据广东省教育厅、广东省残疾人联合会印发的《“南粤扶残助学工程”实施办法（暂行）》历史口径规定，对符合条件的残疾人大学生（新入学且无固定工资收入）给予的一次性资助标准如下：

* **硕士研究生**：每人一次性资助 **20,000元**。
* **博士研究生**：每人一次性资助 **30,000元**。

---

**补充参考（本专科生资助标准）**：
* **专科生**：每人一次性资助 **10,000元**。
* **本科生**：每人一次性资助 **15,000元**。",7,1.0,答案准确覆盖了硕士研究生20000元和博士研究生30000元两项一次性资助标准。,False
G-379,simple,我们在经办潮州公积金委托划转还贷业务，对账户余额有什么要求，需要核实办理条件。,潮州市住房公积金管理中心关于开展“委托划转还贷”业务的通知,《潮州市住房公积金委托划转还贷业务通知》｜职工住房公积金须正常按月缴存，且账户余额不少于3个月以上缴存额；申请人信用记录须优良,"AI综合所有相关权威材料后，参考性解读如下，建议点击角标查看所依据的材料原文。
根据您的问题，我为您梳理了潮州市住房公积金“委托划转还贷”业务（即公积金按月冲还贷）的办理条件及账户余额要求。该业务的政策依据是2018年8月6日发布的《潮州市住房公积金管理中心关于开展“委托划转还贷”业务的通知》1。
核心办理条件
申请办理此项业务，需要同时满足以下四个条件：
贷款类型要求：申请人必须已办理住房公积金贷款（含组合贷款）1。
银行一致性要求：申请人所在单位的住房公积金缴存银行，必须与办理贷款的受托银行保持一致。如果目前不一致，需要等待系统升级后才能办理1。
账户余额及缴存要求：申请人的住房公积金账户必须处于正常按月缴存状态，且账户上的余额不少于3个月以上的缴存额1。
信用状况要求：申请人（包括其配偶或房屋产权共有人）需信用记录优良1。
总结
对于您最关心的账户余额要求，核心是确保公积金账户正常按月缴存，且账户余额 ≥ 3个月的月缴存额。这是办理该业务的关键门槛之一，请您重点核实。
温馨提示：
本次为您检索到的政策文件发布时间较早（2018年），在办理前，建议您通过官方渠道（如“潮州市住房公积金管理中心”官网或服务热线）再次确认上述条件、所需材料及办理流程是否有新的调整。
检索结果中还包含了2025年发布的“商业性贷款转住房公积金贷款”政策，因与您咨询的“委托划转还贷”属于不同业务，故未作为本次回答的依据23。",潮州市住房公积金管理中心关于开展“委托划转还贷”业务的通知 | 关于开展潮州市住房商业性贷款转住房公积金贷款业务的通知,1.0,答案明确说明账户正常按月缴存且余额不少于3个月缴存额，并覆盖申请人信用记录须优良。,False,"根据《潮州市住房公积金管理中心关于开展“委托划转还贷”业务的通知》，在经办潮州公积金委托划转还贷业务时，对账户余额的要求及需要核实的相关办理条件如下：

### 一、 账户余额要求
1. **公积金账户余额要求**：职工的住房公积金账户内，其余额必须**不少于3个月以上的缴存额**。
2. **还款账户余额提示**：由于职工所在单位缴存住房公积金的时间、金额存在不确定因素，职工仍需要于每月还款日之前自行查询其还款储蓄账户（卡/折）内的余额，并存入足够的资金以确保按月足额归还贷款本息。还款账户内余额不足造成的贷款逾期责任由职工承担。

### 二、 办理条件（适用条件）
经办该业务时，需要核实申请人是否同时满足以下条件：
1. **贷款状态**：申请职工必须是**已办理住房公积金贷款（含组合贷款）**的职工。
2. **银行一致性**：职工单位的住房公积金缴存银行与贷款受托银行必须一致（注：若缴存银行与贷款受托银行不一致的，需等系统升级后方可办理）。
3. **缴存及余额**：职工的住房公积金须**正常按月缴存**，且公积金账户上余额**不少于3个月以上缴存额**。
4. **信用记录**：申请人（包括配偶或产权共有人）的**信用纪录优良**。

### 三、 其他核实与办理要求
在具体经办时，还需核实并遵守以下规则：
* **单/双方申请限制**：如果借款人及其配偶（或产权共有人）均在潮州市（县）缴存公积金，**必须同时申请**，不得单方申请；但如果**单方的每月公积金缴存额大于或等于每月的还贷额**，则允许单方申请。
* **经办地点**：该业务必须在**主借款人**的住房公积金缴存部门办理。
* **经办方式**：办理委托划转还贷、变更等业务**必须由本人办理**，不可由他人代办。",9,1.0,答案明确提到账户需正常按月缴存且余额不少于3个月缴存额，也提到申请人信用记录须优良。,False
G-380,simple,我们在梳理河源2017年保障性安居工程落实情况，政府安排了多少棚改和补贴指标，需要核实任务数据。,河源市人民政府办公室关于印发河源市2017年保障性安居工程建设实施方案的通知,《河源市2017年保障性安居工程建设实施方案》｜2017年任务：新增新开工棚户区改造住房1751套、基本建成保障性及棚改住房511套、新增发放廉租住房租赁补贴40户,"AI综合所有相关权威材料后，参考性解读如下，建议点击角标查看所依据的材料原文。
根据《河源市人民政府办公室关于印发河源市2017年保障性安居工程建设实施方案的通知》，河源市2017年保障性安居工程的任务指标如下1：
棚户区改造：新增新开工1751套（户）；基本建成511套（户）。
租赁补贴：新增发放廉租住房租赁补贴40户。
公租房分配：2013年底前政府投资开工建设的公租房共2487套，2017年底前需完成分配不少于2238套（占比90%）。
2014年政府投资开工建设的公租房共718套，2017年底前需完成分配不少于610套（占比85%）。",河源市人民政府办公室关于印发河源市2017年保障性安居工程建设实施方案的通知,1.0,答案完整覆盖了2017年棚改新开工1751套、基本建成511套及新增廉租住房租赁补贴40户等任务数据,False,"在梳理**河源市2017年保障性安居工程落实情况**及核实任务数据时，您可以参考以下结合政府公开文件（如《河源市人民政府办公室关于印发河源市落实2017年保障性安居工程跟踪审计发现问题整改工作方案的通知》【河府办〔2018〕27号】）及广东省2017年城镇保障性安居工程相关计划指标所梳理的数据核心要点：

### 一、 整体背景与跟踪审计情况
2017年保障性安居工程落实后，广东省审计厅对河源市进行了跟踪审计（《审计报告》粤审社报〔2018〕103号）。
* **审计发现问题**：共发现需整改问题 **105个**。
  * **保障性安居工程方面**：48个问题。
  * **农村危房改造工作方面**：57个问题。
* **整改落实**：河源市于2018年专门成立了由分管副市长任组长的审计问题整改工作领导小组，对各县区的棚改资金使用、公租房分配、租赁补贴发放等指标落实情况进行了逐项清查与纠偏。

---

### 二、 2017年各县区保障性安居工程及补贴核心任务指标
根据广东省下达河源市各县区的保障性安居工程计划表，各主要县区涉及的棚户区改造新开工、基本建成、分配入住及租赁补贴发放指标数据如下（*注：由于系统表格OCR识别可能存在个别字符偏差，数据提供核心参考区间*）：

#### 1. 东源县（部分系统登记可能写作“东海县”）
* **新开工棚户区改造安置**：计划任务为 **33套**（其中城市棚户区 **23套**）。
* **发放租赁补贴指标**：计划约 **6.36户**（或取整 **6户**）。
* **基本建成目标**：**20套**。
* **分配入住目标**：**20套**。

#### 2. 和平县
* **新开工棚户区改造安置**：计划任务为 **5套** 或 **7套**（其中包含城市棚户区部分）。
* **发放租赁补贴指标**：计划 **5户**。
* **基本建成目标**：**3套**。
* **分配入住目标**：**6套**。

#### 3. 龙川县
* **新开工棚户区改造安置**：计划任务为 **2套**。
* **发放租赁补贴指标**：计划约 **11.90户**（或取整 **12户**）。
* **基本建成目标**：约 **4.40套**（由于考核细分折算）。

#### 4. 紫金县
* **新开工棚户区改造安置**：计划任务为 **37套**（其中城市棚户区 **37套**）。
* **发放租赁补贴指标**：计划约 **7.3户**（或取整 **7户**）。
* **基本建成目标**：约 **4.30套**。
* **分配入住目标**：约 **26套**。

#### 5. 连平县
* **新开工棚户区改造安置**：计划任务为 **2套**（或在部分调整批次中含关联指标 **22套**）。
* **发放租赁补贴指标**：计划约 **5.90户**（或取整 **6户**）。
* **基本建成目标**：约 **7.50套**。

---

### 三、 建议核实步骤与调阅文件
为了确保您梳理的任务数据达到精确的“账实相符”和“账账相符”，建议重点调阅并核对以下两份内部及关联成果文件：
1. **《河源市落实2017年保障性安居工程跟踪审计发现问题整改情况汇总表》**：该表作为河府办〔2018〕27号文的附件，详细记录了全市各县区（含源城区、高新区、江东新区等）在保障房和棚改项目中的资金拨付数、实际开工/建成数、以及补贴违规收回或重新发放的具体户数。
2. **市住建局/房管局的《2017年度保障性安居工",35,0.0,答案未给出参考要点中的全市2017年任务指标1751套、511套、40户，且列出的县区数据与核心任务不一致。,False
G-381,complex,雄安新区绿色建筑标准中，新建居住建筑和新建公共建筑分别执行多少比例的节能标准？,国家发展改革委 河北省人民政府关于推动雄安新区建设绿色发展城市典范的意见,国家发展改革委 河北省人民政府关于推动雄安新区建设绿色发展城市典范的意见 | 1. 新建居住建筑全面执行：75%；2. 新建公共建筑全面执行：72%,"AI综合所有相关权威材料后，参考性解读如下，建议点击角标查看所依据的材料原文。
根据《国家发展改革委 河北省人民政府关于推动雄安新区建设绿色发展城市典范的意见》，雄安新区新建居住建筑和新建公共建筑执行的节能标准比例如下：
新建居住建筑：全面执行75%及以上节能标准101
新建公共建筑：全面执行72%及以上节能标准101
此外，该文件还提出，新建政府投资及大型公共建筑全面执行三星级绿色建筑标准，并计划在2025年实现新建民用建筑全部达到绿色建筑标准。101",国家发展改革委 河北省人民政府关于推动雄安新区建设绿色发展城市典范的意见,1.0,答案明确给出新建居住建筑执行75%及以上节能标准、新建公共建筑执行72%及以上节能标准，覆盖全部要点。,False,"在雄安新区的绿色建筑与节能标准中，新建居住建筑和新建公共建筑分别执行以下比例的节能标准：

* **新建居住建筑**：执行 **83%** 的节能标准（依据《雄安新区居住建筑节能设计标准》 DB13(J)/T 8316-2020）。
* **新建公共建筑**：执行 **72%** 的节能标准（依据《雄安新区公共建筑节能设计标准》 DB13(J)/T 8317-2020）。

### 补充背景信息
1. **标准水平全国领先**：雄安新区实施的这一标准显著高于我国现行的国家和行业标准（国家现行寒冷地区居住建筑节能标准一般为75%），是目前国内乃至国际上极为严格的超低能耗/绿色建筑节能指标要求。
2. **100%覆盖率**：根据雄安新区的规划纲要及绿色建筑专项规划，雄安新区的所有**新建建筑100%强制执行绿色建筑标准**，且城镇新建建筑中二星级及以上绿色建筑比例需达到100%，其中政府投资及大型公共建筑需达到三星级标准。",7,0.5,公共建筑72%覆盖；居住建筑答案给83%，与参考75%不符。,False
G-388,simple,我们在经办企业所得税汇算清缴，应当在年度终了后多久内完成，需要核实时限标准。,国家税务总局关于印发《企业所得税汇算清缴管理办法》的通知,《企业所得税汇算清缴管理办法》｜纳税人应自纳税年度终了之日起5个月内进行汇算清缴；终止经营的应自停止生产经营之日起60日内办理,"AI综合所有相关权威材料后，参考性解读如下，建议点击角标查看所依据的材料原文。
纳税人应当自纳税年度终了之日起5个月内，进行汇算清缴，结清应缴应退企业所得税税款3。
若纳税人在年度中间发生解散、破产、撤销等终止生产经营情形，需进行企业所得税清算的，应自实际经营终止之日起60日内进行汇算清缴，结清应缴应退企业所得税款3。
纳税人有其他情形依法终止纳税义务的，应当自停止生产、经营之日起60日内，向主管税务机关办理当期企业所得税汇算清缴3。",国家税务总局关于印发《企业所得税汇算清缴管理办法》的通知,1.0,答案明确说明年度终了之日起5个月内汇算清缴，并覆盖终止经营自停止生产经营或实际经营终止之日起60日内办理。,False,"根据《企业所得税汇算清缴管理办法》，企业所得税汇算清缴的时限标准如下：

1. **一般情况**：纳税人应当自**纳税年度终了之日起5个月内**进行汇算清缴，并结清应缴应退的企业所得税税款。
2. **年度中间终止经营等情形**：
   * 纳税人在年度中间发生解散、破产、撤销等终止生产经营情形需进行企业所得税清算的，应当在清算前报告主管税务机关，并自**实际经营终止之日起60日内**进行汇算清缴，结清应缴应退的企业所得税款。
   * 纳税人有其他情形依法终止纳税义务的，应当自**停止生产、经营之日起60日内**，向主管税务机关办理当期企业所得税汇算清缴。
3. **汇算清缴前的预缴申报时限**：纳税人12月份或者第四季度的企业所得税预缴纳税申报，应当在纳税年度终了后15日内完成，预缴申报后再进行当年企业所得税汇算清缴。",4,1.0,答案明确说明年度终了后5个月内汇算清缴，并覆盖终止经营自停止生产经营之日起60日内办理。,False
G-389,complex,汕头市危险废物处置收费中，稳定化固化填埋和物化稳定化固化填埋的每吨价格分别是多少？,汕头市发展和改革局汕头市生态环境局关于我市危险废物处置价格收费标准有关问题的通知,汕头市发展和改革局汕头市生态环境局关于我市危险废物处置价格收费标准有关问题的通知 | 1. 稳定化固化填埋价格为每吨：4800元；2. 物化稳定化固化填埋价格为每吨：6000元,"AI综合所有相关权威材料后，参考性解读如下，建议点击角标查看所依据的材料原文。
根据《汕头市发展和改革局 汕头市生态环境局关于我市危险废物处置价格收费标准有关问题的通知》（2021年8月18日发布），汕头市危险废物填埋处置方式中，两种相关处置的每吨最高限价分别为：
稳定化固化填埋：每吨4800 元1
物化稳定化固化填埋：每吨6000 元1
以上价格为最高限价，不得上浮，下浮不限；计重收费不足1吨按1吨计1。",汕头市发展和改革局汕头市生态环境局关于我市危险废物处置价格收费标准有关问题的通知,1.0,答案明确给出稳定化固化填埋4800元/吨、物化稳定化固化填埋6000元/吨，完全覆盖参考要点,False,"根据汕头市发展和改革局与汕头市生态环境局联合印发的《关于我市危险废物处置价格收费标准有关问题的通知》（汕市发改函〔2021〕315号）：

* **稳定化固化填埋**的价格为：**每吨 4800 元**。
* **物化稳定化固化填埋**的价格为：**每吨 6000 元**。

### 补充说明及相关收费标准
1. **最高限价管理**：汕头市危险废物处置收费标准实行最高限价管理，价格可向下浮动，但不得上浮。危险废物处置价格按计重收费，以吨为计量单位（不足1吨按1吨计）。
2. **其他填埋及焚烧处置价格参考**：
   * **直接填埋**：每吨 3600 元。
   * **焚烧处置（热值 > 4500 kcal/kg）**：每吨 4800 元。
   * **焚烧处置（热值 ≤ 4500 kcal/kg，或硫 > 2%、或氯 > 3%、或氟 > 0.1%）**：每吨 6000 元。
   * **HW49（900-047-49 实验室废物）**：每吨 9600 元。",6,1.0,两项价格都明确给出，且与参考要点一致。,False
G-390,simple,我们在经办梅州省级企业技术中心认定申报，有企业问网上申报截止什么时候，需要核实申报截止时间答复。,关于做好2024年省级企业技术中心（第23批）认定工作的通知,《梅州市2024年省级企业技术中心（第23批）认定通知》｜符合条件的企业须于2024年7月31日前完成网上申报并提交市工信局审核，8月5日前报送纸质材料,"AI综合所有相关权威材料后，参考性解读如下，建议点击角标查看所依据的材料原文。
网上申报截止时间：2024年7月31日前1。
检索材料不足以完整回复，以上仅供参考。",关于做好2024年省级企业技术中心（第23批）认定工作的通知,1.0,答案明确给出网上申报截止为2024年7月31日前，覆盖用户需核实的核心截止时间；虽未提8月5日前纸质材料，不影响该问题回答。,False,"根据检索到的参考文献，以梅州市工业和信息化局于2024年6月27日发布的《关于做好2024年省级企业技术中心（第23批）认定工作的通知》为例：

* **网上申报截止时间**：企业需于 **2024年7月31日前** 完成网上申报，并提交至市工信局审核。
* **纸质与电子材料报送截止时间**：企业需于 **2024年8月5日前**，将加盖企业公章后的申报材料（纸质材料一式三份、电子光盘一份）报送至梅州市工业和信息化局（技术改造与创新科）。

*注：检索到的参考文献仅包含2024年（第23批）梅州省级企业技术中心认定的申报截止时间，未检索到更晚年份（如2025年、2026年等）梅州市该项申报的截止时间信息。*",4,1.0,答案明确覆盖了2024年7月31日前完成网上申报并提交市工信局审核，以及8月5日前报送纸质材料的要求,False
G-392,complex,我们在核定一辆3.5升排量新乘用车的税费，需要核实消费税和车辆购置税。这车厂家要交消费税、购车人要交车辆购置税，分别按多少税率、谁交？,财政部 国家税务总局关于调整乘用车消费税政策的通知;财政部 国家税务总局关于减征1.6升及以下排量乘用车车辆购置税的通知,"消费税(18920753)：气缸容量3.0升以上至4.0升(含)的乘用车消费税税率25%(2008.9.1起由15%上调至25%)，由生产企业生产销售环节缴纳、含在车价里
车辆购置税(18923421)：自2018.1.1起恢复按10%法定税率征收(2017年曾减按7.5%)，由购车人购置应税车辆时向税务机关缴纳
推导：3.5L乘用车——消费税25%由厂家生产环节缴(含进车价)、车购税10%由购车人购置时缴，两税纳税人不同(厂家vs个人)、环节不同(生产vs购置)","AI综合所有相关权威材料后，参考性解读如下，建议点击角标查看所依据的材料原文。
根据您提供的官方文件，针对一辆3.5升排量的新乘用车，其消费税和车辆购置税的税率及缴纳主体情况如下：
一、消费税
税率：25%。 根据文件规定，气缸容量在3.0升以上至4.0升（含4.0升）的乘用车，消费税税率为25%101102201。您提到的3.5升排量就属于这一档。
纳税义务人：生产厂家（或进口商）。 消费税是在生产（或进口）环节征收的，因此由生产该车辆的厂家缴纳201。
二、车辆购置税
税率：10%。 车辆购置税的法定税率为10%303。检索到的文件中，部分关于减征车辆购置税的政策范围仅针对2.0升及以下排量的乘用车，且设有购置时间和价格门槛301305。因此，您所咨询的3.5升排量乘用车不属于减征范围，应按照10%的法定税率全额征收。
纳税义务人：购车人。 车辆购置税由车辆购置者（即购车人）在办理车辆注册登记前缴纳。",财政部 国家税务总局关于调整乘用车消费税政策的通知 | 财政部 国家税务总局关于对超豪华小汽车加征消费税有关事项的通知 | 财政部 税务总局关于车辆购置税有关具体政策的公告 | 财政部 税务总局关于减征部分乘用车车辆购置税的公告 | 国家税务总局关于贯彻落实减征1.6升及以下排量乘用车车辆购置税有关问题的通知,1.0,答案明确覆盖3.5L乘用车消费税25%且由厂家生产环节缴纳，车辆购置税10%且由购车人购置/登记前缴纳，核心税率、纳税主体和环节均一致。,False,"依据检索到的参考文献，对于一辆3.5升排量的新乘用车，其消费税和车辆购置税的核定情况如下：

### 一、 消费税
1. **税率**：
   * **生产（进口）环节税率**：该车排量为3.5升，属于“气缸容量在3.0升以上至4.0升（含4.0升）”的乘用车，其对应的生产环节消费税税率为**25%**。
   * *(注：如果该车属于零售价格在130万元及以上（不含增值税）的“超豪华小汽车”，在生产环节税率基础上，还需在零售环节加征10%的消费税)*。
2. **谁交（纳税人）**：
   * **生产企业（厂家）**：由国内汽车生产企业（厂家）在生产（销售）环节缴纳。
   * *(注：如果属于超豪华小汽车且在零售环节加征消费税，其零售环节的纳税人为将超豪华小汽车销售给消费者的单位和个人)*。

### 二、 车辆购置税
1. **税率**：
   * 法定税率为**10%**。
2. **谁交（纳税人）**：
   * **购车人**：由购买自用应税车辆的单位或个人（即购车人/购买者）缴纳。",10,1.0,答案覆盖3.5L乘用车消费税25%且由厂家在生产销售环节缴纳，并覆盖车辆购置税10%由购车人缴纳；虽未明确含在车价里和向税务机关缴纳，但核心要点完整。,False
G-395,complex,梅州市科技成果入股新设公司申领奖励时，实缴注册资本需达到多少万元，奖励按实缴注册资本的多少比例计算？,“免费梅州”科技创新支持政策汇编,“免费梅州”科技创新支持政策汇编 | 1. 实缴注册资本：200万元；2. 给予实缴注册资本*：10%,"AI综合所有相关权威材料后，参考性解读如下，建议点击角标查看所依据的材料原文。
根据《梅州市强化科技创新实施细则》第十七条“科技成果转化奖”的规定，梅州市对以科技成果入股新设公司的奖励要求如下1：
实缴注册资本要求：需达到200万元以上（含200万元），且公司须有10名以上全职员工。
奖励计算比例：按实缴注册资本的10%给予企业科技成果入股团队奖励，最高奖励100万元。
此外，全市每年奖励不超过10个入股团队；若符合条件的团队超过10个，则按当年实缴注册资本金额排名取前十名确定奖励对象1。",“免费梅州”科技创新支持政策汇编,1.0,答案明确说明实缴注册资本需达到200万元以上（含200万元），并按实缴注册资本的10%计算奖励，覆盖全部要点,False,"根据《梅州市强化科技创新实施细则》（《梅州市加快实体经济振兴发展若干措施》配套文件）的规定，科技成果入股新设公司的奖励标准如下：

* **实缴注册资本要求**：新设立公司的实缴注册资本需达到 **200万元以上**。
* **奖励计算比例**：奖励按照实缴注册资本的 **10%** 比例进行计算。

**其他相关申领条件及限制：**
1. **员工人数**：新设立公司需拥有 **10名以上** 的全职员工。
2. **奖励上限**：单个团队的最高奖励金额为 **100万元**。
3. **数量限制**：梅州市全市每年奖励不超过 **10个** 入股团队。若符合条件的团队超过10个，则按照当年实缴注册资本的金额从高到低进行排序，奖励前十名。",6,1.0,答案明确写出实缴注册资本需达到200万元以上，奖励按实缴注册资本的10%计算，覆盖两项要点。,False
G-396,simple,湛江市2024年度中小学教师职称资历从何时起算，计算截止到哪一天？,关于做好2024年度湛江市中小学教师职称评审工作的通知,关于做好2024年度湛江市中小学教师职称评审工作的通知 | （一）职称资历年限和申报材料时段按以下计算：申报人资历起算时间为本级聘任时间，截止时间为2024年12月31日,"AI综合所有相关权威材料后，参考性解读如下，建议点击角标查看所依据的材料原文。
根据《关于做好2024年度湛江市中小学教师职称评审工作的通知》，湛江市2024年度中小学教师职称评审的资历年限计算规定如下：
起算时间：从本级聘任时间开始计算3。
截止时间：计算至2024年12月31日3。
相关提示：
上述规定适用于湛江市2024年度中小学教师职称评审3。
您的业绩成果、学术成果等申报材料的起算时间同样为本级聘任时间，截止时间也为2024年12月31日，此后取得的材料不作为本次评审的有效材料3。",关于做好2024年度湛江市中小学教师职称评审工作的通知,1.0,答案明确说明资历起算时间为本级聘任时间，截止时间为2024年12月31日，覆盖参考要点。,False,"根据湛江市教育局印发的《关于做好2024年度湛江市中小学教师职称评审工作的通知》及其附件《2024年度湛江市中小学高级教师职称评审工作方案》，2024年度湛江市中小学教师职称的资历年限及申报材料时段的计算规则如下：

* **资历起算时间**：申报人资历的起算时间为**本级聘任时间**。
* **计算截止时间**：截止到**2024年12月31日**。

**补充说明：**
除了职称资历年限外，申报人所提交的**业绩成果、学术成果等业绩材料**的起算和截止时间也同样以此计算（即起算时间为本级聘任时间，截止时间为2024年12月31日）。在2024年12月31日之后取得的业绩成果、学术成果等，将不作为本次职称评审的有效材料。",4,1.0,答案准确覆盖了资历起算时间为本级聘任时间、截止到2024年12月31日。,False
G-398,complex,中央党校相关收费中，场地费和讲课费合计标准、资料交通等其他费用标准分别是多少？,国家发展改革委财政部关于重新核发中共中央党校行政事业性收费标准等有关问题的通知,国家发展改革委财政部关于重新核发中共中央党校行政事业性收费标准等有关问题的通知 | 1. 场地费和讲课费：100元；2. 资料费、交通费和其他费用：60元,"AI综合所有相关权威材料后，参考性解读如下，建议点击角标查看所依据的材料原文。
根据您的问题，中央党校的场地费和讲课费合计标准、资料交通等其他费用标准如下：
场地费和讲课费合计标准：100元/人天101。
资料费、交通费和其他费用标准：60元/人天101。
补充说明上述两项费用是中央党校全国党校教师进修学院培训费综合定额标准的组成部分。该综合定额标准是收费的上限，各项费用之间可以调剂使用101。培训时长不同，费用控制的基准也有所不同：
15天以内的培训按综合定额标准控制。
超过15天的培训，超过天数按综合定额标准的80%控制。
超过30天的培训，超过天数按综合定额标准的70%控制101。",国家发展改革委财政部关于重新核发中共中央党校行政事业性收费标准等有关问题的通知,1.0,答案明确给出场地费和讲课费合计100元/人天，以及资料费、交通费和其他费用60元/人天，覆盖全部要点。,False,"根据国家发展改革委和财政部联合印发的《关于重新核发中共中央党校行政事业性收费标准等有关问题的通知》（发改价格〔2016〕2491号），中共中央党校（全国党校教师进修学院）计划内培训的各项费用实行综合定额标准：

*   **场地费和讲课费合计标准**：**100元/人·天**。
*   **资料、交通等其他费用标准**（即资料费、交通费和其他费用）：**60元/人·天**。

**相关补充说明：**
1.  **综合定额总标准**：合计为 **450元/人·天**（其中还包含住宿费180元/人·天，伙食费110元/人·天）。
2.  **控制与调剂规则**：
    *   综合定额标准是培训费收费标准的上限，各项费用之间可以调剂使用。
    *   15天以内的培训按照综合定额标准控制；超过15天的培训，超过天数按照综合定额标准的80%控制；超过30天的培训，超过天数按照综合定额标准的70%控制。",6,1.0,答案准确给出了场地费和讲课费合计100元、资料交通等其他费用60元，覆盖全部要点。,False
G-400,simple,我们在经办潮州工业领域优先发展产业项目认定，有企业问投资额和税收门槛具体要达到多少，需要核实认定标准答复。,关于明确工业领域优先发展产业项目认定标准的通知,《潮州市工业领域优先发展产业项目认定标准》｜项目总投资额不低于1亿元；投资强度、容积率、亩均税收须达“标准地”修正标准2倍（其中亩均税收不低于15万元）,"AI综合所有相关权威材料后，参考性解读如下，建议点击角标查看所依据的材料原文。
根据潮州市现行有效的政策文件，工业领域优先发展产业项目的认定标准主要依据2023年5月31日发布的《关于明确工业领域优先发展产业项目认定标准的通知》，具体门槛如下1：
项目总投资额：不低于1亿元。该总投资额指项目固定资产总投资，包括厂房、设备和地价款12。
亩均税收：项目投资强度、容积率、亩均税收指标需分别达到“标准地”指标修正标准的2倍，其中亩均税收须不低于15万元1。
此外，项目还需符合市人民政府公布的优先发展产业目录范围，对我市经济社会发展有重要促进作用，有利于节约资源、保护环境、产业结构优化升级1。",关于明确工业领域优先发展产业项目认定标准的通知,1.0,答案明确提到项目总投资额不低于1亿元，并说明投资强度、容积率、亩均税收需达到“标准地”修正标准2倍且亩均税收不低于15万元，覆盖全部要点。,False,"根据潮州市工业和信息化局发布的《关于明确工业领域优先发展产业项目认定标准的通知》，潮州市工业领域优先发展产业项目认定的投资额和税收具体门槛标准如下：

1. **投资额门槛**：
   * 项目**总投资额不低于1亿元**。
   * *注：项目总投资额是指项目固定资产总投资，包括厂房、设备和地价款。*

2. **税收及其他相关指标门槛**：
   * 项目的**亩均税收**指标须达到“标准地”指标修正标准的**2倍**，且**亩均税收须不低于15万元**。
   * *注：同时，项目的投资强度、容积率指标也须分别达到“标准地”指标修正标准的2倍。其中“标准地”指标修正标准是指《广东省工业用地“标准地”供应工作指引（试行）》对应行业指标标准经修正系数修正后的标准值。*",5,1.0,答案明确覆盖项目总投资额不低于1亿元，并说明投资强度、容积率、亩均税收达标准地修正标准2倍且亩均税收不低于15万元。,False
G-401,partial,我们在梳理社保卡制发周期政策沿革，现在补办一般多久能拿到？2015年那会儿旧标准是多久？请做沿革对比供研究。,人力资源社会保障部办公厅关于压缩制发周期优化社会保障卡管理服务的通知,"【部分答案·库内可查】社保卡批量制发周期压缩至30个工作日以内、零星制发5个工作日以内，特殊延长不超过10个工作日（现行，来源 fileId 53217745，库内有）。
【部分答案·库外查无】2015年前后社保卡制发的旧版周期标准本库未收录，模型应诚实标注“旧版周期查不到、建议查阅人社部门历史规定”，不可编造旧版天数。","AI综合所有相关权威材料后，参考性解读如下，建议点击角标查看所依据的材料原文。
好的，根据您提供的检索资料，我们为您梳理广州市社保卡制发卡周期的政策沿革，并对2026年补办与2015年的情况进行对比。
首先需要向您说明，本次检索到的文件内容中，并未包含任何关于“2015年社保卡制发卡周期”的直接规定。同时，对于2026年补办卡的时效，资料提供的是截至2026年的一项原则性指导意见。因此，下面的沿革梳理将基于现有文件，并明确指出信息缺口。
政策沿革梳理与对比分析
以下是根据现有政策文件梳理的广州市社保卡制发周期演变过程，可清晰看到从“周期长且不稳定”到“即时立等可取”的跨越式转变。
1.2015年：旧标准参考
结论：检索资料中无明确信息。本次提供的所有文件中，最早的一份是2011年的全国性指导意见，仅要求加快发放社保卡，并未提及具体的制发周期标准201。因此，无法从现有资料中确知广州市2015年的社保卡补办需要多久。如需深入了解，建议您查阅广州市2015年前后发布的特定年份的业务规范或通知。
2.2019年：国家定调，迈向“立等可取”
政策分水岭出现在2019年。人力资源社会保障部办公厅发布通知，为全国的社保卡办理时效划定了明确目标：
批量制卡：要求在2019年底前，从受理到通知领卡的周期普遍压缩至30个工作日以内104。
零星制卡：要求在2019年底前，周期压缩至5个工作日以内；到2020年底，70%以上的区县要实现“立等可取”104。对于特殊原因确需延长制发时间的，延长期限不得超过10个工作日105。
3.2020-2022年：广州落地与特殊情况
广州市在落实国家要求的过程中，经历了系统切换和外部环境影响，时效出现波动：
时效大幅提升：自2020年5月起，广州社保卡实现一对一精准发放，可选择即时领卡，也可邮寄或在12个工作日后到银行网点领卡401402。
系统切换影响：2020年10月，因切换省社保卡管理信息系统，申领、补换领业务耗时可能延长103。
疫情导致延迟：2022年4月，因芯片供应商位于上海，受疫情影响供货紧缺，导致社保卡生产延迟，无法确定具体到货时间。但官方同时建议，急需用卡者可选择即时制卡网点，现场立等可取101102。
4.2026年：广东省级最新要求
结论：明确推广“立等可取”。根据2026年5月1日起施行的《广东省社会保障卡合作金融机构管理办法》，省级层面对合作银行提出了明确的时效要求：推广“立等可取”的即时制卡业务107。这意味着，在2026年进行社保卡补办，通过即时制卡渠道可以当场拿到新卡。该办法是当前最新的省级指导文件，适用于包括广州在内的广东省各地市。
综合对比表
时间节点政策要求或实际情况补办时效备注2015年（资料缺失）不详检索资料中未找到广州市2015年的明确时限规定。2019年底前国家人社部设定目标零星制发5个工作日内104为后续“立等可取”打下基础。2020年起广州实际执行情况可选择即时领卡，或12个工作日内领卡401402常态下时效已大幅缩短，但仍保留了非即时的限时办理选项。2026年起广东省最新管理办法大力推广“立等可取”的即时制卡业务107这是最新的省级指导原则，即时制卡应是主流高效渠道。综上，2026年在广州补办社保卡，强烈建议您首选合作银行的即时制卡网点，可以实现“立等可取”107。若选择非即时渠道，按照广州市2020年以来的实践，仍有12个工作日的选项402，但最新的省级政策更鼓励银行全面推行即时制卡服务。关于2015年的具体时效，由于缺乏直接的政策依据，目前无法进行准确的沿革对比。",关于城镇居民社会养老保险信息系统建设的指导意见 | 人力资源社会保障部办公厅关于压缩制发周期优化社会保障卡管理服务的通知 | 广州市社会保险基金管理中心关于全面推行使用社保卡银行账户发放基本养老保险待遇的通知 | 广州市社会保障卡服务中心关于切换广东省社会保障卡管理信息系统办理社保卡业务的通告 | 关于近期我市社会保障卡延迟领卡的公告（2022年4月） | 广东省人力资源和社会保障厅关于印发《广东,1.0,答案覆盖了现行批量30个工作日、零星5个工作日、特殊延长不超过10个工作日的时限要求，也诚实说明2015旧版周期库内无明确资料并建议查阅历史规定。,False,"关于社保卡制发周期与补办政策的沿革，我国在过去十余年中经历了从“慢速审批”到“即时制卡、立等可取”的巨大转变。以下是为您整理的详尽沿革对比与研究参考：

### 一、 核心对比：补办（零星制发）拿到卡的时间

1. **现在（2026年）的政策与实际标准：**
   * **线下窗口补办（即时制卡）**：实现**“立等可取”**。参保人携带身份证前往社保卡合作银行的快速/即时制卡网点办理补换卡，通常仅需 **10-20分钟** 即可现场完成制卡、发卡及激活。
   * **线上申请补办（零星制发）**：通过线上政务平台、小程序或APP（如粤省事、各地人社APP、穗好办等）申请补换卡并选择邮寄，零星制发周期已普遍压缩至 **5个工作日以内**（加上快递邮寄一般在5-10天左右收到）。

2. **2015年那会儿的旧标准：**
   * 在2015年及之前，社保卡补换卡属于典型的“慢速业务”。
   * **个人补办（零星制发）**：由于当时尚未普及银行网点即时制卡设备，且数据多级流转，全国大部分地区的旧政策规定补办周期为 **30个工作日** 或 **45个工作日**（换算成自然日约为1.5到2个月）。
   * **批量首次申领**：批量制发周期更是长达 **2到3个月（60-90天）**，在一些信息化落后或偏远地区，甚至需要 **4到6个月** 才能拿到卡。

---

### 二、 政策演革里程碑与关键节点

梳理我国社保卡制发周期政策，主要经历了以下三个重要发展阶段：

#### 阶段一：规范与摸索期（2015年及之前）
* **政策与技术背景**：这一时期正值第二代社保卡在全国范围内大规模推广，但制发卡流程繁琐。信息需要在“人社部门—社保经办机构—卡商—商业银行—密钥管理机构”之间多重流转，且全国缺乏统一的高效制发卡机制，社银合作程度较低。
* **制卡标准**：批量申领通常为2-3个月，个人补换基本在 **30至45个工作日**。

#### 阶段二：过渡与全面提速期（2016-2018年）
* **政策背景**：2016年人社部发布《关于加快推进全国社会保障卡应用工作的通知》，各地开始优化经办规程。一些沿海发达地区率先推出新规（例如广东省人社厅2016年出台《社会保障卡业务的经办规程》），开始探索“网上申领”和在部分网点试点“快速制卡”。
* **制卡标准**：部分城市开始提供针对急需用卡人群的“临时社保卡”服务（当天可拿，但功能受限）；正常补换卡周期在部分先进地市缩短至 **15-20个工作日** 左右。

#### 阶段三：“一快办”与“立等可取”普及期（2019年至今）
* **核心推动政策**：**2019年7月**，人力资源社会保障部办公厅印发了具有里程碑意义的**《关于压缩制发周期优化社会保障卡管理服务的通知》（人社厅发〔2019〕79号）**。
  * **该文件明确了硬性时限目标**：
    1. **批量制发**：周期从原来的2-3个月，普遍压缩至 **30个工作日以内**。
    2. **零星制发（含补换卡）**：周期压缩至 **5个工作日以内**。
    3. **立等可取**：到2020年底，全国 **70%以上的区县** 零星制发要实现 **“立等可取”**。
    4. **社银合作**：要求快速发卡网点实现区县全覆盖，将社保卡申领、补换全面转为由合作银行网点“一站式”经办。
* **现状表现**：随着第三代社保卡全面推广，“即时制卡”设备在各大银行网点普及，全国各地已基本实现物理卡补办“立等可",42,0.5,现行周期覆盖了批量30个工作日内、零星5个工作日内等核心内容，但遗漏特殊延长不超过10个工作日；2015旧标准应说明库内查不到，答案却给出30/45个工作日等未证实天数。,False
G-405,complex,按2015年河源市创业带动就业政策，国家级创业型城市与省级创业型城市（县、区）的补助分别是多少？,河源市人民政府关于进一步促进创业带动就业工作的实施意见,河源市人民政府关于进一步促进创业带动就业工作的实施意见 | 1. 国家级创业型城市每个补助：50万元；2. 省级创业型城市（县、区）每个补助：30万元,"AI综合所有相关权威材料后，参考性解读如下，建议点击角标查看所依据的材料原文。
根据2015年河源市的创业带动就业政策，关于国家级创业型城市与省级创业型城市（县、区）的补助标准如下：
国家级创业型城市：每个补助50万元1。
省级创业型城市（县、区）：每个补助30万元1。
该标准与广东省省级促进就业专项资金的相关规定一致2。",河源市人民政府关于进一步促进创业带动就业工作的实施意见 | 关于印发《广东省省级促进就业专项资金使用管理办法》的通知,1.0,答案明确给出国家级每个补助50万元、省级创业型城市（县、区）每个补助30万元，覆盖全部要点,False,"根据《河源市人民政府关于进一步促进创业带动就业工作的实施意见》（河府〔2015〕41号）文件中的相关规定，在“资助优秀就业项目”政策中，国家级创业型城市与省级创业型城市（县、区）的补助标准分别如下：

* **国家级创业型城市**：每个补助 **50 万元**。
* **省级创业型城市（县、区）**：每个补助 **30 万元**。

---

### **补充相关项目补助标准：**
在该政策中，还对其他就业创业相关的优秀项目和示范单位提供了相应的资金补助：
* **农村劳动力转移就业示范县**：
  * 国家级农村劳动力转移就业示范县：每个补助 **30 万元**。
  * 省级农村劳动力转移就业示范县：每个补助 **20 万元**。
* **创业孵化示范基地**：
  * 省级创业孵化示范基地：每个补助 **20 万元**（若被认定为国家级创业孵化示范基地，则再额外补助 **10 万元**）。
* **充分就业示范社区**：
  * 国家级充分就业示范社区：每个补助 **2 万元**。
  * 省级充分就业星级社区（村）：每个补助 **1 万元**。
* **家庭服务企业（单位）**：
  * 全国“千户百强”家庭服务企业（单位）：每个补助 **2 万元**。
  * 省“百户十强”家庭服务企业（单位）：每个补助 **1 万元**。",10,1.0,答案准确给出国家级50万元、省级30万元，核心要点全部覆盖。,False
G-408,complex,肇庆市中小企业信贷风险补偿中，单个企业贷款总额和其中信用类贷款的上限分别是多少？,肇庆市工业和信息化局 肇庆市财政局关于印发《肇庆市中小企业信贷风险补偿资金实施办法》的通知,肇庆市工业和信息化局 肇庆市财政局关于印发《肇庆市中小企业信贷风险补偿资金实施办法》的通知 | 1. 单个企业列入风险补偿金贷款总额上限：2000万元；2. 信用类贷款总额上限：1000万元,"AI综合所有相关权威材料后，参考性解读如下，建议点击角标查看所依据的材料原文。
根据《肇庆市中小企业信贷风险补偿资金实施办法》（2024年1月1日发布），肇庆市中小企业信贷风险补偿资金对单个企业的贷款额度上限规定如下：
贷款总额上限：单个企业列入风险补偿金的贷款总额不超过2000万元101102。
信用类贷款上限：其中，以信用方式发放的贷款总额不超过1000万元101。
计算方式说明：在统计贷款总额时，已归还的贷款不计算在内101。如果有多家合作银行向同一企业发放贷款，该企业纳入风险补偿资金支持的总金额也同样遵循不超过2000万元的上限102。
其他贷款条件：贷款期限：信用贷款的期限最长1年；采取抵（质）押方式的，纳入重点支持的企业贷款期限最长不超过3年，其他企业最长不超过2年101。
融资成本：贷款利率不得超过人民银行同期LPR的1.3倍；合作保险或融资性担保机构收取的年化费率不超过2%101。",肇庆市工业和信息化局 肇庆市财政局关于印发《肇庆市中小企业信贷风险补偿资金实施办法》的通知,1.0,答案明确给出单个企业贷款总额上限2000万元、信用类贷款上限1000万元，完全覆盖参考要点。,False,"根据2024年1月1日起实施的《肇庆市中小企业信贷风险补偿资金实施办法》的规定：

* **单个企业贷款总额上限**：
  列入风险补偿金的单个企业贷款总额**不超过2000万元**（已归还的贷款不计算在内）。
  *注：如有两家或多家合作银行向同一企业发放贷款，同一企业列入风险补偿金支持的贷款总金额同样**不超过2000万元**。*

* **信用类贷款（无抵质押）上限**：
  其中，信用类贷款总额**不超过1000万元**。

### 补充相关规定（贷款期限限制）：
* **抵（质）押方式贷款**：对于纳入重点支持的贷款对象企业（如专精特新、高新技术企业等制造业中小企业），贷款期限最长不超过**3年**；其他企业最长不超过**2年**。
* **信用方式（无抵质押）贷款**：贷款期限最长为**1年**。",6,1.0,答案准确覆盖了单个企业贷款总额2000万元和信用类贷款1000万元两个上限。,False
G-412,complex,我们在经办就业补贴和创业贷款业务，需要核实韶关和河源两地规则。韶关招用脱贫人口每人补多少？河源每年新增创业担保贷款担保基金不少于多少？,韶关市人民政府办公室关于印发韶关市农业转移人口市民化就业创业政策扶持实施细则（2024年修订版）的通知（韶府办发函〔2024〕44号）;河源市人民政府关于进一步做好新形势下就业创业工作的实施意见,"韶关《农业转移人口市民化就业创业政策扶持实施细则》：用人单位招用本市及协作地区脱贫人口、签1年以上劳动合同并缴社保满6个月，每人一次性补贴5000元
河源《关于进一步做好新形势下就业创业工作的实施意见》：将小额担保贷款调整为创业担保贷款，全市每年新增小额（创业）贷款担保基金不少于1000万元
差异：韶关给“招用脱贫人口5000元/人”补贴，河源给“担保基金年新增≥1000万”融资支撑","AI综合所有相关权威材料后，参考性解读如下，建议点击角标查看所依据的材料原文。
根据检索到的政策文件，现就韶关市与河源市的相关规定答复如下：
一、韶关市招用脱贫人口就业补贴标准
根据2024年4月10日发布的《韶关市农业转移人口市民化就业创业政策扶持实施细则（2024年修订版）》明确规定，用人单位符合条件招用脱贫人口的，可按每人一次性5000元的标准申领补贴102。
申请要点如下：
补贴条件：用人单位招用韶关本市及协作地区（广西、贵州、西藏、新疆）的脱贫人口，签订1年以上劳动合同，并按规定为其缴纳6个月以上社会保险费102。
申请时限：须在相关人员稳定就业满6个月之日起1年内提出申请102。
限制说明：同一人员在同一单位就业的，本项补贴与其他吸纳就业补贴、创业带动就业补贴不得叠加享受102。
二、河源市每年新增创业担保贷款担保基金规模
关于此项要求，检索到的河源市政策文件存在版本差异，为保证信息准确，现将最新且直接相关的政策原文呈现如下，供你参考：
最新规定（采纳此条）： 根据2016年1月1日发布的《河源市人民政府关于进一步做好新形势下就业创业工作的实施意见》，文件明确指出：“……全市每年新增小额贷款担保基金不少于1000万元”201。该文件同时说明，此处的“小额贷款担保基金”即对应创业担保贷款业务，明确规定了年度新增规模的下限201。
早前规定（仅供参考）： 另有一份2015年6月3日发布的文件显示，当时的年度新增规模要求为不少于500万元202。此规定发布时间更早，现已被上述2016年的新标准所取代。
结论：当前河源市最新的政策要求是每年新增创业担保贷款担保基金不少于1000万元。
请注意，以上信息均基于最新检索到的官方文件，具体业务办理时请以当地人社部门的最新解释和系统要求为准。",韶关市人民政府办公室关于印发韶关市农业转移人口市民化就业创业政策扶持实施细则（2024年修订版）的通知（韶府办发函〔2024〕44号） | 河源市人民政府关于进一步做好新形势下就业创业工作的实施意见 | 河源市人民政府关于进一步促进创业带动就业工作的实施意见,1.0,答案准确覆盖韶关招用脱贫人口每人一次性补贴5000元及主要条件，也覆盖河源每年新增小额/创业贷款担保基金不少于1000万元，并说明两地规则差异。,False,"根据广东省及韶关、河源两地的相关政策，为您整理的核实规则如下：

### 1. 韶关招用脱贫人口每人补多少？
* **补贴项目**：吸纳脱贫人口就业补贴
* **补贴标准**：按**每人 5000 元**的标准给予一次性补贴。
* **享受条件**：用人单位（机关事业单位、劳务派遣单位除外）招用脱贫人口，与其签订 1 年以上劳动合同，并按规定连续缴纳 6 个月（含）以上社会保险费。

---

### 2. 河源每年新增创业担保贷款担保基金不少于多少？
* **资金标准**：每年新增不少于 **1000 万元**。
* **规则依据**：根据《广东省创业担保贷款担保基金和贴息资金管理办法》的相关规定，各地级以上市需建立健全担保基金持续补充机制。其中，**地级以上市**（河源市作为地级市）每年新增创业担保贷款担保基金不少于 **1000 万元**；各县（市、区）每年新增不少于 **200 万元**。",4,1.0,答案准确覆盖韶关招用脱贫人口5000元/人一次性补贴及河源每年新增创业担保贷款担保基金不少于1000万元两个核心规则，条件表述也基本一致。,False
G-417,complex,潮州市市政公用设施外线工程适用简易并联审批时，道路红线宽度上限是多少米，建设工期最长多少天？,关于印发《潮州市水、电、气、排水、通信、有线电视等市政公用服务设施外线工程建设项目并联审批实施细则（试行）》的通知,关于印发《潮州市水、电、气、排水、通信、有线电视等市政公用服务设施外线工程建设项目并联审批实施细则（试行）》的通知 | 1. 适用简易并联审批的道路红线宽度上限：30米；2. 对道路交通影响较小的建设工期上限：15天,"AI综合所有相关权威材料后，参考性解读如下，建议点击角标查看所依据的材料原文。
根据您的问题，以下是潮州市市政公用设施外线工程适用简易并联审批的相关条件：
道路红线宽度上限：30米101建设工期最长天数：15天101
详细说明： 上述标准出自《潮州市水、电、气、排水、通信、有线电视等市政公用服务设施外线工程建设项目并联审批实施细则（试行）》中“简易办理流程”的规定。该流程实行备案制，相关部门在5个工作日内提出同意意见后即可开工104。
需要特别提示的是，适用该道路红线宽度和建设工期限制的工程，还需同时满足其他前提条件：线路总长度不超过200米、对道路交通影响较小，且工程位于道路红线宽30米及以内的城市道路一侧（另一侧无同类管线）101。",关于印发《潮州市水、电、气、排水、通信、有线电视等市政公用服务设施外线工程建设项目并联审批实施细则（试行）》的通知 | 关于印发潮州市水电气等市政公用服务设施接入外线工程简易办理程序的通知,1.0,答案明确给出道路红线宽度上限30米、建设工期最长15天，覆盖全部要点,False,"根据《潮州市水、电、气、排水、通信、有线电视等市政公用服务设施外线工程建设项目并联审批实施细则（试行）》以及相关简易办理程序的规定：

当潮州市市政公用设施外线工程适用简易并联审批（简易办理流程）时：
* **道路红线宽度上限**：**30米**。
* **建设工期最长**：**15天**。

**具体适用条款（第三项条件）为：**
> “位于道路红线宽**30米**及以内的城市道路一侧（另一侧无同类管线），线路总长度不超过200米且对道路交通影响较小、建设工期不超过**15天**的。”

**注：** 此外，如果工程涉及新建、改扩建交付使用后5年内或者大修竣工后3年内的城市道路，或者涉及占用城市绿化用地超过3平方米、需要砍伐迁移城市树木的，即使符合上述宽度和工期，也不适用简易办理流程。",8,1.0,答案明确给出道路红线宽度上限30米、建设工期最长15天，完全覆盖参考要点。,False
G-422,complex,按2022年广州城乡居民医保口径，在校学生个人缴费率和财政补助标准费率分别是多少？,【政策解读】《广州市人民政府办公厅关于印发广州市城乡居民社会医疗保险办法的通知》的解读,【政策解读】《广州市人民政府办公厅关于印发广州市城乡居民社会医疗保险办法的通知》的解读 | 1. 在校学生的个人缴费率：0.73%；2. 财政补助标准费率：1.69%,"AI综合所有相关权威材料后，参考性解读如下，建议点击角标查看所依据的材料原文。
根据《广州市人民政府办公厅关于印发广州市城乡居民社会医疗保险办法的通知》的政策解读，2022年广州城乡居民医保针对在校学生的缴费费率标准如下102：
个人缴费率：0.73%
财政补助标准费率：1.69%
该文件同时指出，以2022年度的费率标准计算，在校学生对应的个人缴费标准为363元103。",《广州市人民政府办公厅关于印发广州市城乡居民社会医疗保险办法的通知》的解读,1.0,答案明确给出了在校学生个人缴费率0.73%和财政补助标准费率1.69%，覆盖全部要点,False,,0,0.0,非安全题无引用→判错,True
G-424,complex,我们在梳理成品油消费税沿革，需要核实2008年税费改革前后标准。改革后无铅汽油、柴油、石脑油的消费税每升分别多少？改革前又是多少？,财政部 国家税务总局关于提高成品油消费税税率的通知;财政部 国家税务总局关于调整部分成品油消费税政策的通知,"改革前(18920693)：自2008.1.1起石脑油、溶剂油、润滑油按每升0.2元征收消费税、燃料油按每升0.1元征收
改革后(18920772)：自2008年成品油税费改革起，无铅汽油消费税由每升0.2元提高到1.0元、含铅汽油由0.28元提高到1.4元、柴油由0.1元提高到0.8元、石脑油/溶剂油/润滑油由0.2元提高到1.0元、航空煤油和燃料油由0.1元提高到0.8元
推导：无铅汽油0.2→1.0元/升(涨0.8)、柴油0.1→0.8元/升(涨0.7)、石脑油0.2→1.0元/升(涨0.8)，2008年改革后成品油消费税单位税额大幅上调","AI综合所有相关权威材料后，参考性解读如下，建议点击角标查看所依据的材料原文。
好的，根据您提供的官方文件，以下为您梳理的2008年成品油消费税税费改革前后，无铅汽油、柴油、石脑油的税额标准对比：
税目改革前税额（每升）改革后税额（每升）无铅汽油0.2元1021.0元101102柴油0.1元1030.8元101103石脑油0.2元1041.0元101104文件依据补充说明：
此次调整来源于《财政部 国家税务总局关于提高成品油消费税税率的通知》，该文件明确将无铅汽油、柴油及石脑油的消费税单位税额分别从原有的较低标准，提高至上述改革后标准102103104。",财政部 国家税务总局关于提高成品油消费税税率的通知,1.0,答案准确给出改革前后无铅汽油0.2→1.0元/升、柴油0.1→0.8元/升、石脑油0.2→1.0元/升，覆盖核心要点。,False,"根据《财政部 国家税务总局关于提高成品油消费税税率的通知》，在2008年成品油价格和税费改革前后，无铅汽油、柴油和石脑油的消费税单位税额标准具体如下：

* **无铅汽油**
  * **改革前**：每升 **0.2元**
  * **改革后**：每升 **1.0元**

* **柴油**
  * **改革前**：每升 **0.1元**
  * **改革后**：每升 **0.8元**

* **石脑油**
  * **改革前**：每升 **0.2元**
  * **改革后**：每升 **1.0元**

上述改革后的新税率标准自2009年1月1日起开始执行。",5,1.0,答案准确给出改革前后无铅汽油0.2→1.0元/升、柴油0.1→0.8元/升、石脑油0.2→1.0元/升，覆盖参考要点核心内容。,False
G-426,simple,汕头市2025年城镇和农村特困人员基本生活供养标准分别是多少元/人月？,汕头市民政局关于印发2025年全市城乡最低生活保障等社会救助标准的通知,汕头市民政局关于印发2025年全市城乡最低生活保障等社会救助标准的通知 | 二、全市城镇特困人员基本生活供养标准1396元/人月，全市农村特困人员基本生活供养标准1308元/人月,"AI综合所有相关权威材料后，参考性解读如下，建议点击角标查看所依据的材料原文。
根据《汕头市民政局关于印发2025年全市城乡最低生活保障等社会救助标准的通知》，汕头市2025年特困人员基本生活供养标准如下101：
城镇特困人员基本生活供养标准：1396元/人月101
农村特困人员基本生活供养标准：1308元/人月101",汕头市民政局关于印发2025年全市城乡最低生活保障等社会救助标准的通知,1.0,答案准确给出了城镇1396元/人月、农村1308元/人月，覆盖参考要点。,False,"根据汕头市民政局印发的《关于印发2025年全市城乡最低生活保障等社会救助标准的通知》，汕头市2025年城乡特困人员基本生活供养标准如下：

* **城镇特困人员基本生活供养标准**：**1396元/人月**
* **农村特困人员基本生活供养标准**：**1308元/人月**

这两项标准均自2025年1月1日起实施。

**相关补充信息（特困人员照料护理费用标准）：**
除基本生活供养外，2025年特困人员的护理费用标准如下（自2025年3月1日起实施）：
* **全自理**特困人员：37元/人月
* **半失能（半护理）**特困人员：740元/人月
* **全失能（全护理）**特困人员：1480元/人月",8,1.0,答案准确给出城镇1396元/人月、农村1308元/人月，与参考要点一致，且额外信息不影响覆盖判断。,False
G-429,complex,揭阳市义务教育作业管理中，小学三至六年级和初中学生每天书面作业平均完成时间上限分别是多少分钟？,揭阳市教育局关于加强义务教育学校作业管理的通知,揭阳市教育局关于加强义务教育学校作业管理的通知 | 1. 小学三至六年级每天书面作业完成时间平均上限：60分；2. 初中每天书面作业完成时间平均上限：90分,"AI综合所有相关权威材料后，参考性解读如下，建议点击角标查看所依据的材料原文。
根据揭阳市教育局2021年10月13日发布的《关于加强义务教育学校作业管理的通知》，对义务教育阶段学生每天书面作业平均完成时间作出如下明确规定101：
小学三至六年级：每天书面作业完成时间平均不超过 60 分钟。
初中：每天书面作业完成时间平均不超过 90 分钟。
同时，该通知还要求小学一二年级不布置书面家庭作业，并强调在周末、寒暑假、法定节假日也要合理控制书面作业时间总量101。",揭阳市教育局关于加强义务教育学校作业管理的通知,1.0,答案明确给出小学三至六年级平均不超过60分钟、初中平均不超过90分钟，完全覆盖参考要点。,False,"根据《揭阳市教育局关于加强义务教育学校作业管理的通知》规定，揭阳市义务教育阶段学生每天书面作业平均完成时间的上限分别为：

* **小学三至六年级：** 每天书面作业完成时间平均不超过 **60分钟**。
* **初中学生：** 每天书面作业完成时间平均不超过 **90分钟**。

*(注：小学一、二年级不布置书面家庭作业)*",4,1.0,答案准确给出小学三至六年级60分钟、初中90分钟，覆盖全部参考要点,False
G-430,simple,我们在落实茂名清理化解农村义务教育债务工作，公示时间不少于几天，需要核实公示要求。,印发茂名市清理化解农村义务教育债务工作方案的通知,《茂名市清理化解农村义务教育债务方案》｜清理核实的债务须在学校、所在行政村和乡镇范围公示，公示时间不少于5个工作日,"AI综合所有相关权威材料后，参考性解读如下，建议点击角标查看所依据的材料原文。
茂名市清理化解农村义务教育债务工作的公示时间要求为不少于5个工作日1。
公示内容需包括债务发生时间、用途、数额、债权人、债务人以及举报投诉电话、受理部门等，并在学校、所在行政村和乡镇范围内进行公示1。",印发茂名市清理化解农村义务教育债务工作方案的通知,1.0,答案明确说明须在学校、所在行政村和乡镇范围公示，且公示时间不少于5个工作日，覆盖参考要点,False,"根据《茂名市人民政府办公室关于贯彻落实省政府办公厅关于全面清理化解农村义务教育债务的实施意见的通知》（茂府办〔2011〕49号）的要求，关于清理化解农村义务教育债务工作的公示具体要求如下：

1. **公示时间**：**不少于5个工作日**。
2. **公示范围**：需在**学校、所在行政村和乡镇范围内**进行公示。
3. **公示内容**：应当将清理核实的**债务发生时间、用途、数额、债权人、债务人以及举报投诉电话、受理部门**等内容予以公示，接受群众监督。",3,1.0,答案明确包含在学校、所在行政村和乡镇范围公示，且公示时间不少于5个工作日，完全覆盖参考要点,False
G-432,complex,湛江市区公办中小学住宿费减免中，困难学生减免幅度不得低于收费标准的多少，减免人数一般占住宿生多少？,关于改革市区公办中小学校学生宿舍住宿收费标准核定方式的通知,关于改革市区公办中小学校学生宿舍住宿收费标准核定方式的通知 | 1. 对家庭经济困难学生减免幅度不少于住宿收费标准：30%；2. 减免学生人数一般为住宿生人数：5-10%,"AI综合所有相关权威材料后，参考性解读如下，建议点击角标查看所依据的材料原文。
根据《关于改革市区公办中小学校学生宿舍住宿收费标准核定方式的通知》的规定，湛江市区的公办中小学校在实行新办法核定住宿费后，需执行相应的减免优惠政策。具体标准如下：
减免幅度：对家庭经济困难学生的住宿费减免幅度不得少于住宿收费标准的30%102。
减免人数占比：享受减免的学生人数一般掌握在住宿生人数的5%至10%102。",关于改革市区公办中小学校学生宿舍住宿收费标准核定方式的通知,1.0,答案明确给出困难学生住宿费减免不少于收费标准30%，减免人数一般为住宿生5%至10%，完全覆盖参考要点。,False,"根据湛江市发展和改革局、湛江市教育局、湛江市财政局联合印发的《关于改革市区公办中小学校学生宿舍住宿收费标准核定方式的通知》（湛发改价格〔2016〕7号），湛江市区公办中小学校对家庭经济困难学生实行住宿费减免优惠政策的具体标准如下：

1. **减免幅度**：对家庭经济困难学生减免幅度**不得低于（不少于）住宿收费标准的 30%**。
2. **减免人数比例**：减免学生人数一般占住宿生人数的 **5% 至 10%**。",3,1.0,答案准确覆盖困难学生住宿费减免幅度不少于30%，以及减免人数一般占住宿生5%-10%两个要点。,False
G-436,complex,我们在调研教师队伍建设政策，需要核实河源学历提升和湛江师德处理两地情况。河源到2018年——幼儿园大专以上学历、小学和初中本科以上学历专任教师比例分别要提到多少？湛江对违反师德教师的处分期最长不超过多少个月、被撤销教师资格的几年内不能重新申请认定？,河源市人民政府办公室关于印发河源市教师学历提升工作方案（2016—2018年）的通知;湛江市教育局关于印发《湛江市中小学幼儿园教师违反职业道德行为处理实施办法》的通知,"河源《教师学历提升工作方案2016-2018》(40991622，河府办〔2016〕43号)：到2018年——幼儿园大专以上学历专任教师比例由68.57%提升到70%以上；小学本科以上由28.22%提升到70%以上；初中本科以上由69.79%提升到90%以上；提升对象为男未满50周岁、女未满45周岁专任教师；新招小学本科以上不低于70%、高中研究生不少于15%
湛江《中小学幼儿园教师违反职业道德行为处理实施办法》(41854709，湛教〔2022〕1号)：受处分期间受到新处分的，处分期为原未执行期限+新期限、最长不超过48个月；教师受处分期间暂缓教师资格定期注册；违反师德构成法定情形的撤销教师资格、自撤销之日起5年内不能重新申请认定；自印发之日起30日后施行、有效期5年
推导：河源教师学历目标——幼儿园大专70%/小学本科70%/初中本科90%；湛江师德处分——处分期最长≤48个月、撤销资格5年内禁申；两地分属教师能力提升与师德约束","AI综合所有相关权威材料后，参考性解读如下，建议点击角标查看所依据的材料原文。
好的，根据您调研的需求，我将为您逐一核实河源市教师学历提升目标和湛江市违反师德教师处理规定。
河源市教师学历提升比例要求（到2018年）
根据河源市人民政府办公室发布的《河源市教师学历提升工作方案（2016—2018年）》，到2018年，全市教师队伍的学历提升目标如下101：
教师类别要求学历目标比例幼儿园专任教师大专以上学历70%以上101小学专任教师本科以上学历70%以上101初中专任教师本科以上学历90%以上101该方案同时指出，完成以上任务是达到广东省推进教育现代化先进市标准的要求101。在同年的另一份相关实施方案中，也再次确认了幼儿园和小学“专任教师大专以上学历、本科以上学历比例均达70%以上”以及“初中专任教师本科率达90%以上”的目标102。
湛江市违反师德教师处理规定
根据湛江市教育局印发的《湛江市中小学幼儿园教师违反职业道德行为处理实施办法》，对违反师德教师的处分及相关限制如下：
1.处分期最长时限教师违反职业道德的处分种类及期限包括：警告（6个月）、记过（12个月）、降低岗位等级或撤职（24个月）104。若存在多种须处分的行为或处分期间再次违规，处分期会相应延长，但明确规定合并计算的处分期最长不得超过48个月105。因此，对违反师德教师的处分期，最长不超过48个月。
2.被撤销教师资格的重新认定限制该《实施办法》规定，教师若违反职业道德且行为构成《教师资格条例》第十九条规定的情形，将被依法撤销教师资格。被撤销教师资格的，自撤销之日起5年内不能重新申请认定教师资格106。
希望以上信息对您的政策调研有所帮助。如您需要了解更多细节，可查阅相关原始文件。",河源市人民政府办公室关于印发河源市教师学历提升工作方案（2016—2018年）的通知 | 河源市人民政府办公室关于印发河源市创建“广东省推进教育现代化先进市”工作实施方案(2016—2018年)的通知 | 湛江市教育局关于印发《湛江市中小学幼儿园教师违反职业道德行为处理实施办法》的通知,0.7,覆盖了河源三项学历比例和湛江两项处分规定，未提对象范围、施行时间等附加要点。,False,"根据您调研教师队伍建设政策的需求，以下是核实并整理的广东省河源市和湛江市两地相关政策的具体情况：

### 一、 河源市教师学历提升政策核实
根据河源市人民政府办公室印发的《河源市教师学历提升工作方案（2016—2018年）》（河府办〔2016〕43号），河源市设定的**到2018年**专任教师学历提升目标如下：
* **幼儿园**：具有**大专以上**学历的专任教师比例要提升到 **70%以上**；
* **小学**：具有**本科以上**学历的专任教师比例要提升到 **70%以上**；
* **初中**：具有**本科以上**学历的专任教师比例要提升到 **90%以上**。

---

### 二、 湛江市违反师德教师处理政策核实
根据湛江市教育局印发的《湛江市中小学幼儿园教师违反职业道德行为处理实施办法》（湛教〔2022〕1号），对违反职业道德教师的处分及教师资格认定规定如下：
* **处分期限制**：
  * **单次处分期最长**：处分期最长不超过 **24个月**。
    *(具体为：警告期限为6个月，记过期限为12个月，降低岗位等级或撤职期限为24个月；开除属于直接解除人事关系，无处分执行期限)*。
  * **受新处分叠加时的最长限制**：若在受处分期间受到新的处分，两处分期合并计算后，最长不得超过 **48个月**。
* **重新申请认定限制**：
  * 教师被依法**撤销教师资格**的，自撤销之日起 **5年内** 不能重新申请认定教师资格。",11,0.7,答案准确覆盖了用户实际询问的河源三项学历提升目标、湛江处分期合并最长48个月及撤销资格5年禁申；但未覆盖年龄对象、定期注册暂缓、施行有效期等补充要点，且新招教师要求未提及。,False
G-442,complex,我们在核定低保和特困标准，需要核实茂名和湛江两地规则。茂名2024年特困人员基本生活标准按低保标准几倍定？湛江2020年城镇和农村低保标准分别提到多少、补差水平多少？,关于调整2024年全市城乡低保标准和特困供养标准的通知;湛江市民政局关于印发2020年湛江市城乡低保最低标准及特困人员供养标准的通知,"茂名《调整2024年全市城乡低保标准和特困供养标准的通知》(41850410)：各地2024年特困供养标准不得低于2024年度当地城乡最低生活保障标准的1.6倍、且不低于当地现行特困人员基本生活标准
湛江《2020年城乡低保最低标准及特困人员供养标准》(41876372，2020.1.1起)：城镇低保标准提高到772元/人·月、补差水平609元/人·月以上；农村低保标准提高到532元/人·月、补差水平276元/人·月以上；城乡特困人员基本生活标准按不低于当地城乡低保标准1.6倍确定
推导：特困标准茂名/湛江均按低保标准1.6倍兜底；湛江2020年城镇低保772元/月(补差609)、农村532元/月(补差276)","AI综合所有相关权威材料后，参考性解读如下，建议点击角标查看所依据的材料原文。
根据您提供的政策文件，现为您核实茂名市和湛江市的相关标准如下：
茂名市2024年特困人员基本生活标准
根据茂名市2024年发布的通知，特困供养标准的制定下限与低保标准挂钩：
倍数要求：各地制订发布的2024年城乡特困供养标准，不得低于2024年度当地城乡最低生活保障标准的1.6倍201。
湛江市2020年城乡低保标准及补差水平
根据湛江市民政局发布的通知，从2020年1月1日起执行的标准如下：
城镇低保：标准提高到772元/人月，补差水平提高到609元/人月以上101。
农村低保：标准提高到532元/人月，补差水平提高到276元/人月以上101。",关于调整2024年全市城乡低保标准和特困供养标准的通知 | 湛江市民政局关于印发2020年湛江市城乡低保最低标准及特困人员供养标准的通知,1.0,茂名的1.6倍规则和湛江2020年城镇、农村低保标准及补差水平都已覆盖，且未见实质性缺失。,False,"根据检索到的参考文献，相关规定和标准如下：

1. **茂名市2024年特困人员基本生活标准（特困供养标准）：**
   * 各地制订发布的2024年城乡特困人员基本生活标准，不得低于2024年度当地城乡最低生活保障标准的 **1.6倍**（且不低于当地现行特困人员基本生活标准）。

2. **湛江市2020年城乡低保标准及补差水平：**
   * **城镇低保：** 标准提高到 **772元/人月**，补差水平提高到 **609元/人月以上**。
   * **农村低保：** 标准提高到 **532元/人月**，补差水平提高到 **276元/人月以上**。",3,1.0,答案覆盖茂名2024特困供养按当地低保1.6倍且不低于现行标准；湛江2020城镇低保772、补差609以上，农村532、补差276以上也均准确覆盖。,False
G-444,complex,湛江市2024年度交通运输工程职称评审中，中级和初级职称每人一次性收费分别是多少？,关于开展2024年度交通运输工程专业中、初级职称评审的通知,关于开展2024年度交通运输工程专业中、初级职称评审的通知 | 1. 申报评审和初次考核认定中级职称的每人一次性收费：450元；2. 申报评审和初次考核认定初级职称的每人一次性收费：280元,"AI综合所有相关权威材料后，参考性解读如下，建议点击角标查看所依据的材料原文。
根据《关于开展2024年度交通运输工程专业中、初级职称评审的通知》（2025年4月30日发布）的规定，湛江市2024年度交通运输工程职称评审的收费标准如下1：
中级职称（含评审和初次考核认定）：每人一次性收费450元。
初级职称（含评审和初次考核认定）：每人一次性收费280元。
费用直接缴入市财政专项账户，一经缴纳不予退款1。",关于开展2024年度交通运输工程专业中、初级职称评审的通知,1.0,答案明确给出中级450元、初级280元，且包含评审和初次考核认定范围，完全覆盖参考要点,False,"根据湛江市公路事务中心发布的《关于开展2024年度交通运输工程专业中、初级职称评审的通知》，2024年度交通运输工程专业技术职称评审及初次考核认定的收费标准如下：

* **中级职称**：每人一次性收费为 **450元**；
* **初级职称**：每人一次性收费为 **280元**。

**相关说明**：
* 该收费标准是依据《关于转发省物价局、省财政厅〈关于调整专业技术资格评审费标准的复函〉的通知》（粤人发〔2007〕35号）规定收取的。
* 评审费用将直接缴入市财政专项账户，一经缴纳，不予退款。",5,1.0,答案准确给出中级450元、初级280元，两项要点都覆盖。,False
G-445,complex,梅州市旧房装修、厨卫及适老化改造购置补贴中，普通产品按销售价格补贴多少，符合额外条件的产品再增加多少？,关于印发《梅州市旧房装修和厨卫、居家适老化改造所用物品材料购置补贴补充工作指引》的通知,关于印发《梅州市旧房装修和厨卫、居家适老化改造所用物品材料购置补贴补充工作指引》的通知 | 1. 按照产品销售价格：15%；2. 额外再给予产品销售价格：5%,"AI综合所有相关权威材料后，参考性解读如下，建议点击角标查看所依据的材料原文。
根据梅州市最新的政策规定，针对旧房装修、厨卫等局部改造所用物品材料购置补贴，相关补贴标准如下：
普通产品补贴：按照产品销售价格（剔除所有折扣和优惠后的价格）的15%给予补贴1。
符合额外条件的产品补贴：对购买1级及以上能效或水效标准产品的，补贴比例提高至产品销售价格的20%1。
重要说明： 上述信息基于梅州市2025年1月1日发布的最新实施细则。而在2024年11月发布的补充工作指引中，曾将补贴规则表述为“按销售价格15%补贴，满足1级能效（水效）的，额外再给予5%的补贴”2，其最终效果（总计补贴20%）与最新政策一致，但表述方式有所不同。建议您以最新发布的政策为准。",梅州市住房和城乡建设局关于印发《梅州市2025年度旧房装修、厨卫等局部改造所用物品材料购置补贴实施细则》的通知 | 关于印发《梅州市旧房装修和厨卫、居家适老化改造所用物品材料购置补贴补充工作指引》的通知,1.0,回答明确给出普通产品按销售价15%补贴，符合条件的产品再额外给予5%，两点都覆盖。,False,"根据《梅州市旧房装修和厨卫、居家适老化改造所用物品材料购置补贴工作指引》及相关实施细则，具体的补贴标准如下：

1. **普通产品补贴比例**：
   * 个人消费者购买符合条件的旧房装修、厨卫局部改造及居家适老化改造所需产品，普通产品按照产品销售价格（剔除所有折扣和优惠后的含税发票价格）的 **15%** 给予一次性补贴。

2. **符合额外条件的产品增加比例**：
   * **额外条件**：产品满足 **1级及以上能效或水效标准**。
   * **增加比例**：在15%的基础上，额外再增加产品销售价格 **5%** 的补贴，即此类高能效/水效产品累计可享受销售价格 **20%** 的补贴。

**其他相关限制补充：**
* **总额限制**：活动期间，单个消费者享受的所有品类补贴累计总金额最高不超过 **2万元**。
* **单项限制**（根据部分阶段细则）：此前部分规则中，每笔订单或每类产品最高补贴限额通常为不超过2000元。",9,1.0,答案明确给出普通产品按销售价格补贴15%，符合额外条件的产品再增加5%，与参考要点一致。,False
G-446,complex,我们在梳理婚姻登记跨区域办理政策，需要核实河源和湛江两地。河源全市婚姻登记“全城通办”从哪天开始？湛江全市区域通办从什么时候调整实施？两地是同一种通办吗？,河源市民政局关于婚姻登记“全城通办”的通告;湛江市民政局关于调整全市婚姻登记区域通办相关规定的通知,"河源《婚姻登记“全城通办”通告》(53868489)：全市婚姻登记机关自2021年6月21日开始实施婚姻登记“全城通办”(即市内跨县区办理婚姻登记)
湛江《调整全市婚姻登记区域通办规定》(40702174)：根据扩大内地居民婚姻登记“跨省通办”试点通知调整，自2023年6月1日起实施全市婚姻登记区域通办
推导：两地均推行市内跨县区婚姻登记——河源2021.6.21起“全城通办”、湛江2023.6.1起“区域通办”；河源早湛江约两年，均为跨区域办理便民措施","AI综合所有相关权威材料后，参考性解读如下，建议点击角标查看所依据的材料原文。
根据您提供的官方文件，现对河源市与湛江市的婚姻登记跨区域办理政策核实如下：
河源市全市婚姻登记“全城通办”从2021年6月21日开始实施106105。湛江市全市区域通办调整后的新规定是从2023年6月1日起实施104。
两地实施的是同一种通办模式，即婚姻登记“全城通办”（市内跨县区办理）106103。虽然名称相同，但两市在具体业务范围上存在细微差异，对比信息如下：
项目河源市湛江市通办名称婚姻登记“全城通办”107“全城通办”103实施时间2021年6月21日1062023年6月1日104实施范围结婚登记、离婚登记（含一方户籍在本市的涉外/涉港澳台/华侨婚姻登记）107内地居民（含现役军人）的结婚和离婚登记103暂不实施范围现役军人婚姻登记、补领婚姻登记证、档案查询、出具（无）婚姻登记记录证明107补领婚姻登记证、非本区域档案查询、出具（无）婚姻登记记录证明以及涉外/涉港澳台/华侨婚姻登记103办理方式实行预约优先办理108（文件中未提及）特别提醒：湛江市上述政策调整是基于《广东省民政厅办公室转发民政部办公厅关于扩大内地居民婚姻登记“跨省通办”试点的通知》相关规定做出的102。",河源市民政局关于婚姻登记“全城通办”的通告 | 湛江市民政局关于调整全市婚姻登记区域通办相关规定的通知,1.0,答案准确给出河源2021年6月21日、湛江2023年6月1日，并说明两地均为市内跨县区通办，覆盖了两个参考要点。,False,"根据检索到的参考资料，以下是您需要核实的相关信息：

* **河源全市婚姻登记“全城通办”开始时间**：  
  自 **2021年6月21日** 起开始实施。

* **湛江全市区域通办调整实施时间**：  
  自 **2023年6月1日** 起调整实施。

* **两地是否为同一种通办**：  
  **不是同一种通办**。两地在“全城通办”的业务范围上存在明显差异：
  1. **现役军人婚姻登记**：**湛江**的通办业务范围**包含**现役军人（内地居民含现役军人的结婚和离婚登记）；而**河源**的现役军人婚姻登记仍由户籍地办理，**不实行**跨区域通办。
  2. **涉外/涉港澳台/涉侨婚姻登记**：**河源**的通办业务范围**包含**户籍在本市的内地居民同港澳台居民、华侨、外国人的婚姻登记；而**湛江**则明确规定涉外国人、涉华侨、涉港澳台居民的婚姻登记**暂不实施**“全城通办”。",8,0.5,时间点都答对了；但对“两地是否同一种通办”的判断与要点不一致。参考要点强调两地都是市内跨县区婚姻登记便民通办，只是名称和实施时间不同。,False
G-448,simple,我们在落实潮州公积金贷款征信补授权工作，2025年起对新申请的借款人，征信授权怎么办理、还要不要提供纸质信用报告，需要核实。,关于开展个人住房公积金贷款征信补授权工作的通知,《潮州市个人住房公积金贷款征信补授权工作通知》｜自2025年1月1起新申请公积金贷款的借款人，提交申请时需本人现场签署授权书，无需再提供纸质版个人信用报告,"AI综合所有相关权威材料后，参考性解读如下，建议点击角标查看所依据的材料原文。
根据您提供的官方文件，关于潮州市2025年起新申请住房公积金贷款的征信授权办理要求，核实结果如下：
一、 征信授权如何办理：需现场签署《授权书》
自2025年1月1日起，新申请住房公积金贷款的借款人（含共同借款人）在提交贷款申请资料时，均需本人现场签署《金融信用信息基础数据库信息查询授权书》（以下简称《授权书》）103。
二、 是否需要纸质信用报告：无需再提供
对于上述新申请的借款人，在签署《授权书》后，无需再提供纸质版个人信用报告103。
三、 关联业务补充：“商转公”贷款同样需签署授权书
值得注意的是，在潮州市2025年5月6日起开展的“商转公”（住房商业性贷款转住房公积金贷款）业务中，申请人提供的材料也明确包含《金融信用信息基础数据库信息查询授权书》301。这表明签署授权书是当前潮州市住房公积金贷款相关业务中的普遍要求。
总结：您需要落实的潮州公积金贷款征信补授权工作，对于2025年起的新申请贷款借款人，征信授权方式已更新为现场签署《授权书》，并且不再要求其提供纸质信用报告。",关于开展个人住房公积金贷款征信补授权工作的通知 | 关于开展潮州市住房商业性贷款转住房公积金贷款业务的通知,1.0,答案准确覆盖了要点：2025年1月1日起，新申请公积金贷款借款人需本人现场签署授权书，且无需再提供纸质版个人信用报告。,False,"根据潮州市住房公积金管理中心发布的《关于开展个人住房公积金贷款征信补授权工作的通知》，自2025年1月1日起新申请住房公积金贷款的借款人（含共同借款人），征信授权及纸质信用报告的办理规定如下：

* **征信授权办理方式：** 借款人（含共同借款人）在提交贷款申请资料时，均需由**本人现场签署**《金融信用信息基础数据库信息查询授权书》（简称《授权书》）。
* **是否需要提供纸质信用报告：** **无需**再提供纸质版个人信用报告。",2,1.0,答案准确覆盖了2025年1月1日起新申请公积金贷款需本人现场签署授权书、且无需再提供纸质版个人信用报告的核心要点。,False
G-449,complex,我们在核定汕头在职职工门诊统筹待遇。2025年普通门诊每年最多报多少？去一级医院报几成？个人账户每月划入多少？,关于公布我市2025年度职工和城乡居民年度统筹基金及普通门诊年度最高支付限额等事项的通知;汕头市人民政府办公室关于印发《汕头市基本医疗保险门诊共济保障办法》的通知,"限额《2025年度统筹基金及普通门诊年度最高支付限额通知》(60465221)：2025年度普通门诊统筹支付限额在职职工每人每年1947元(退休2336元)，统筹基金每月支付普通门诊待遇不超过300元
比例+个账《汕头市基本医疗保险门诊共济保障办法》(60445555)：一级及以下定点医疗机构统筹基金支付70%；在职职工个人账户月计入标准为本人参保缴费月工资基数的2%
推导：在职职工2025年普通门诊→年度封顶1947元、月封顶300元、一级医院报70%、个人账户每月按缴费基数2%计入","AI综合所有相关权威材料后，参考性解读如下，建议点击角标查看所依据的材料原文。
您好，根据您的问题，我为您梳理了汕头市2025年度在职职工门诊统筹的相关待遇标准，具体信息如下。
一、 2025年普通门诊年度最高支付限额
2025年度，汕头市在职职工普通门诊统筹的年度最高支付限额为每人每年1947元201。此外，统筹基金每月支付普通门诊统筹待遇的额度上限为不超过300元201。
需要注意的是，该年度限额的计算方式在政策文件中也有明确，即“本市上上年度城镇在岗职工年平均工资的2%”，具体金额由市医疗保障行政部门按年度调整并公布102。
二、 在一级医院就诊的报销比例
在职职工在本市选定的基层定点医疗机构（一级及以下）就诊，发生符合规定的普通门诊医疗费用，不设起付标准，由统筹基金支付的比例为70%101。
作为对比，在职职工在二级及以上定点医疗机构的支付比例为60%101。这也体现了医保政策对在基层医疗机构就诊的支持，在基层就医的报销比例比在更高级别医院高了10个百分点401。
三、 个人账户每月划入标准
参加统账结合职工医保的在职职工，个人账户每月计入标准为您本人参保缴费月工资基数的2%103301。
补充说明：
个人账户的计入金额并非一个固定值，而是与您个人的缴费基数直接挂钩。
此政策仅针对参加“统账结合”模式的职工医保参保人，若参加“单建统筹”职工医保，则不建立个人账户301。
希望以上信息能对您办理业务有所帮助。由于政策细节可能随实际情况调整，建议在办理前也可通过官方渠道再次确认。",关于公布我市2025年度职工和城乡居民年度统筹基金及普通门诊年度最高支付限额等事项的通知 | 汕头市人民政府办公室关于印发《汕头市基本医疗保险门诊共济保障办法》的通知 | 汕头市卫生健康局关于对汕头市政协十四届二次会议第20230035号提案的答复 | 汕头经济特区职工基本医疗保险和生育保险规定,1.0,答案覆盖2025年在职职工普通门诊年度限额1947元、月封顶300元、一级及以下报销70%、个人账户按缴费基数2%划入等核心要点。,False,"根据检索到的参考文献，汕头市在职职工的门诊统筹及个人账户相关待遇标准如下：

1. **2025年普通门诊每年最多报多少？**
   在职职工普通门诊统筹年度最高支付限额为每人每年**1947元**（同时，统筹基金每月支付在职职工普通门诊统筹待遇不超过300元）。

2. **去一级医院报几成？**
   在职职工在**一级及以下定点医疗机构**普通门诊就诊时，统筹基金的支付比例为**70%（即报七成）**。

3. **个人账户每月划入多少？**
   参加统账结合职工医保的在职职工，个人账户月计入标准为**本人参保缴费月工资基数的2%**。",3,1.0,答案覆盖了2025年普通门诊年度限额1947元、一级及以下医院统筹报销70%、个人账户按缴费基数2%每月计入。,False
G-450,simple,有企业来咨询，公司公积金缴存比例定得比较高，听说国家有上限要求，问我最高不能超过多少，需要核实答复。,关于严格执行规范和阶段性适当降低住房公积金缴存比例政策的通知,《关于严格执行规范和阶段性适当降低住房公积金缴存比例政策的通知》｜凡是缴存比例超过12%的，要立即规范到12%以内（含）,"AI综合所有相关权威材料后，参考性解读如下，建议点击角标查看所依据的材料原文。
根据国家及广州市的相关规定，住房公积金缴存比例有明确的上限要求。
国家上限规定：住房公积金的缴存比例上限最高不得超过12%。单位可在5% 至 12%的区间内，自主确定具体的缴存比例2。对于缴存比例超过12%的，一律予以规范调整，不得超过12%4。
广州市执行标准：广州市遵循国家规定，单位及个人的住房公积金缴存比例上限各为12%，下限各为5%1。
因此，无论从国家层面还是广州市的具体执行来看，公司为员工缴存住房公积金的比例最高均不能超过12%。",对十三届全国人大一次会议第3314号建议的答复 | 住房城乡建设部 发展改革委 财政部 人民银行关于规范和阶段性适当降低住房公积金缴存比例的通知 | 广州住房公积金2025年年度报告,1.0,答案明确说明缴存比例最高不超过12%，并提到超过12%的要规范调整到12%以内，覆盖要点。,False,"根据国家相关政策规定，公司住房公积金的最高缴存比例**不能超过12%**。

具体政策依据和要求如下：
1. **上限规定**：根据住房和城乡建设部、发展改革委、财政部、人民银行联合发布的《关于规范和阶段性适当降低住房公积金缴存比例的通知》（建金〔2016〕74号）等文件，凡住房公积金缴存比例高于12%的，一律予以规范调整，**不得超过12%**。
2. **执行要求**：各地必须严格执行缴存比例上限规定，凡是缴存比例超过12%的，要立即规范到12%以内（含）。
3. **缴存区间**：企业可根据自身的经济效益状况，在**5%至12%**的区间内合理确定本企业的住房公积金缴存比例。",6,1.0,答案明确说明超过12%的要规范到12%以内（含），覆盖参考要点,False
R2-K2-002,simple,我们在核实一笔过渡性养老金待遇，广东按缴费年限定的那个计发比例，缴满15年和只缴12年的，分别按多少取？,关于统一全省基本养老金计发办法系统开发软件需求编制要点的通知,同上《…基本养老金计发办法…通知》｜缴费年限≥15年取1.2%，满10年不满15年取1.0%,"AI综合所有相关权威材料后，参考性解读如下，建议点击角标查看所依据的材料原文。
根据广东省的相关规定，过渡性养老金计发比例根据首次领取基本养老金时的缴费年限（含视同缴费年限）确定，您提到的两种情形对应的比例如下：
缴满15年及以上的：计发比例为1.2%101102。
满10年不满15年的（您所问的“缴12年”属于此档）：计发比例为1.0%101102。
这两档比例均用于计算被保险人1998年6月30日前的缴费年限所对应的过渡性养老金，每满一年计发本人指数化月平均缴费工资的相应比例101102。",关于统一全省基本养老金计发办法系统开发软件需求编制要点的通知 | 广东省社会养老保险实施细则00年3月30日执行,1.0,答案准确覆盖了要点：缴费年限≥15年取1.2%，满10年不满15年取1.0%，并明确12年属于后者。,False,"在广东省企业职工基本养老保险的**历史计发办法（老办法）**中，过渡性养老金的“年计发比例”（或过渡系数）确实是根据参保人的**累计缴费年限（含视同缴费年限）**来分档确定的 [d9e0fe156b0e13d49273e2db27f475bd]。

以下是具体的取值标准及核实注意事项：

### 一、 历史老办法中的计发比例取值

根据《广东省社会养老保险实施细则》及相关规定，过渡性养老金的历史计发比例按以下标准取值 [d9e0fe156b0e13d49273e2db27f475bd]：

1. **只缴12年（累计缴费年限 满10年不满15年）：**
   * **年计发比例取：1.0%** [d9e0fe156b0e13d49273e2db27f475bd]
   * 即：对于1998年6月30日前的缴费年限（含视同缴费年限），**每满1年按 1.0%** 计算过渡性养老金 [d9e0fe156b0e13d49273e2db27f475bd]。
2. **缴满15年（累计缴费年限 满15年及以上）：**
   * **年计发比例取：1.2%** [d9e0fe156b0e13d49273e2db27f475bd]
   * 即：对于1998年6月30日前的缴费年限（含视同缴费年限），**每满1年按 1.2%** 计算过渡性养老金 [d9e0fe156b0e13d49273e2db27f475bd]。

---

### 二、 核实计算时的重要细节

在核实这笔待遇时，请务必注意**“累计缴费年限”**与**“过渡性缴费年限”**的区别：

* **累计缴费年限（如15年、12年）：**
  这是指参保人一生中**总共**的缴费年限（包含1998年7月1日之后的实际缴费年限以及前期的视同缴费年限） [dab0baa3cb7b6ba54e4b910485261451]。这个年限**仅作为“门槛判定条件”**，用来决定适用 1.0% 还是 1.2% 的比例 [d9e0fe156b0e13d49273e2db27f475bd]。
* **过渡性缴费年限（用来乘以比例的年限）：**
  在历史老办法中，实际用来计算过渡性养老金的，只有**“1998年6月30日前”**的缴费年限（含视同缴费年限） [d9e0fe156b0e13d49273e2db27f475bd]。

**举个例子：**
* 假设某职工**累计总共缴费12年**（其中有5年是在1998年6月30日之前的视同缴费年限）。
  * 判定条件：12年属于“满10年不满15年”，适用 **1.0%** [d9e0fe156b0e13d49273e2db27f475bd]。
  * 计算时：5年（过渡期年限） $\times$ 1.0% = 5%。
* 假设另一职工**累计总共缴费15年**（其中同样只有5年是在1998年6月30日之前的视同缴费年限）。
  * 判定条件：15年属于“满15年及以上”，适用 **1.2%** [d9e0fe156b0e13d49273e2db27f475bd]。
  * 计算时：5年（过渡期年限） $\times$ 1.2% = 6%。

---

### 三、 补充核实提示（关于2021年后的新办法 reform）

如果您核实的是**近年退休人员**的养老金，需要注意广东省自 **2021年1月1日起** 实施了过渡性养老金计发办法改革（粤府函〔2021〕294号）：

1. **新办法的系数统一：**
   在新办法公式中，过渡系数**统一设定为 1.2%",0,0.0,非安全题无引用→判错,False
R2-K2-003,simple,我们处室在牵头研究居民阶梯水价，想参考韶关武江区江湾镇的做法——他们每阶梯单价差多少、是怎么拉开档的？,关于制定武江区江湾镇自来水销售价格的通知,《关于制定武江区江湾镇自来水销售价格的通知》(韶关)｜居民阶梯水价级差按1:1.6:3.2执行(不少于三级),"AI综合所有相关权威材料后，参考性解读如下，建议点击角标查看所依据的材料原文。
您好！根据您牵头研究居民阶梯水价的需求，我为您梳理了韶关市武江区江湾镇居民生活用水的阶梯单价及档位拉开的具体设计思路。
江湾镇的阶梯水价设置，核心是运用“价格杠杆”与“人户匹配的水量基数”双重机制来拉开档次，引导居民节约用水。
一、阶梯单价差：三档价格悬殊，第三档是第一档的3倍多
江湾镇居民阶梯水价的单价差距非常大，体现出“保基本、抑过度”的原则，具体价格如下1：
第一阶梯（基本需求）：水量为26m³/月·户及以下，价格为1.45元/m³1
第二阶梯（改善需求）：水量为27m³-34m³/月·户，价格为2.33元/m³1
第三阶梯（奢侈需求）：水量为35m³/月·户以上，价格为4.65元/m³1
价格跨度：从第一档到第三档，单价从1.45元跃升至4.65元，第三阶梯价格是第一阶梯的3.2倍1，价差高达3.2元。
简单计算：
第二档比第一档高出约0.88元/m³1。
第三档比第二档高出约2.32元/m³1。
作为对比，合表用户的价格为1.72元/m³1，介于第一阶梯和第二阶梯价格之间。
二、如何拉开档次：执行“1:1.6:3.2”的级差比例
江湾镇并不是随意拍脑袋定价，而是严格按照省级政策和本地实际，通过以下两个步骤精准拉开档次：
1.定价依据：严格执行省级指导比例，并调高上限
根据广东省发改委文件（粤发改规〔2022〕5号）的要求，居民阶梯水价级差应不低于1:1.5:3的比例安排2。江湾镇在召开价格听证会并征求意见后，结合本地实际，最终将级差确定为更激进的1:1.6:3.22。 这意味着江湾镇的第三阶梯与第一阶梯的价格差距，比省级规定的最低要求还要大，惩罚性更强。
2.水量核定：以“人”为本，动态调整
仅靠价格还不够，档位划分必须与家庭的合理用水量挂钩。江湾镇的做法是以“户”为单位，并与户籍人口动态匹配3：
基础户（4人及以下）：直接适用上述三级阶梯水量基数3。
大户（超过4人）：为避免因家庭人口多而被误伤在更高阶梯，文件规定，户籍人口每增加1人，其第一级和第二级的水量基数上限均相应增加8立方米3。超出增加后的第二级水量基数上限的用水量，才计入第三阶梯。例如：一个6口之家，其第一阶梯水量将调高至 26 + (6-4)×8 = 42m³，第二阶梯水量调高至 34 + (6-4)×8 = 50m³。超过50m³的部分才按4.65元/m³计费。
💎 总结：为贵处室提炼的研究要点
江湾镇“拉开档次”的本质，是“高额惩罚性价差”与“精细化人本水量核定”的组合拳：
用价格制造巨大落差：第一档与第三档3.2倍的价差，远超1.5倍的最低要求，让高耗水成本极高。
用人口校准公平性：通过“按人调量”的弹性机制，确保阶梯水价惩罚的是“超额用水”，而非“人多户大家庭”，让政策更显公平和人性化。
希望以上梳理对您的研究有帮助！如需查询该政策原文或了解其他配套规定，可以进一步参考发文单位的信息。",关于制定武江区江湾镇自来水销售价格的通知,1.0,答案明确提到江湾镇居民阶梯水价按1:1.6:3.2的级差比例执行，覆盖参考要点。,False,"根据韶关市发展和改革局发布的《关于制定武江区江湾镇自来水销售价格的通知》，韶关市武江区江湾镇的居民阶梯自来水价格在单价级差和档位划分上的具体做法如下：

### 一、 每阶梯单价及单价差

江湾镇居民生活用水执行的阶梯价格及具体单价差计算如下：

*   **各阶梯自来水销售单价：**
    *   **第一阶梯：** 1.45 元/m³
    *   **第二阶梯：** 2.33 元/m³
    *   **第三阶梯：** 4.65 元/m³
*   **各阶梯单价差：**
    *   **第二阶梯与第一阶梯单价差：** 2.33 - 1.45 = **0.88 元/m³**
    *   **第三阶梯与第二阶梯单价差：** 4.65 - 2.33 = **2.32 元/m³**
    *   **第三阶梯与第一阶梯单价差：** 4.65 - 1.45 = **3.20 元/m³**
*   **级差比例：**
    江湾镇实际执行的居民阶梯水价级差比例为 **1 : 1.6 : 3.2**。

---

### 二、 档位划分与拉开档位的方式

江湾镇通过“水量阶梯划分”和“多人口调档政策”两个维度来拉开档位：

#### 1. 水量档位划分（以月·户为计量单位）
*   **第一阶梯水量：** 26 m³/月·户及以下
*   **第二阶梯水量：** 27 m³ - 34 m³/月·户
*   **第三阶梯水量：** 35 m³/月·户以上

#### 2. “多人口家庭”水量核定机制（动态调档）
为了公平保障多人口家庭的用水，江湾镇采取了动态调整阶梯基数的做法：
*   **基准人数：** 阶梯价格以**每户4人（含）及以下**（以《居民户口本》户籍人数为准）为计量单位。
*   **调档机制：** 若每户户籍人数超过4人，**每增加1人**：
    *   第一级水量基数相应增加 **8 立方米**；
    *   第二级水量基数的上限、下限也相应增加 **8 立方米**；
    *   超出调整后的第二级水量上限值部分，再计入第三级水量。",11,1.0,明确给出了三级阶梯级差1:1.6:3.2，覆盖参考要点。,False
R2-K2-009,simple,有企业来窗口咨询，想在河源申请总部经济用地盖办公楼，拍下地后最晚多久得动工、多久得建好、一直开不了工会怎样，我需要找依据答复他。,河源市人民政府关于加快发展总部经济的意见,《河源市人民政府关于加快发展总部经济的意见》｜办公用地须土地交付后6个月内动工建设、2年内建成投入使用(大型项目经批准3年)；土地闲置满1年不足2年按出让价款20%缴闲置费，闲置2年以上无偿收回,"AI综合所有相关权威材料后，参考性解读如下，建议点击角标查看所依据的材料原文。
您好。关于企业在河源市申请总部经济用地建设办公楼的相关时限及闲置后果，根据《河源市人民政府关于加快发展总部经济的意见》中的专项规定，答复如下。
一、动工与竣工时限
企业通过公开出让方式竞得总部经济办公用地后，需遵守以下建设时限要求：
最晚动工时间：必须在土地交付后6个月内动工建设办公用房101。
竣工投入使用时间：原则上，办公用房须在2年内建成并投入使用101。
对于个别规模大的项目，经批准后，建设期限可适当放宽，但最晚应在3年内建成并投入使用101。
二、一直不开工的后果
如果企业未能在规定时间内动工开发，将面临以下处置措施：
土地闲置满1年、不足2年：按土地出让价款的20% 征收土地闲置费101。
土地闲置2年以上：将由市发展总部经济工作领导小组办公室会同市土地储备中心，依照法律程序报经市人民政府批准后，对土地进行无偿收回101。收回的土地将重新出让或出租给其他符合条件的企业101。
答复依据说明
上述时限及处置措施出自《河源市人民政府关于加快发展总部经济的意见》中针对“总部经济园区用地”的专项扶持政策段落101。由于该规定明确适用于“总部经济企业”竞得的“商务办公用地”，与您的问题范围完全相符，可作为直接依据。
请注意，以上为河源市针对总部经济用地的专项政策规定。对于土地闲置处理的一般性规定，国家及地方还有其他相关法律法规，但本答复优先采用与您问题最直接相关的专项政策依据。",河源市人民政府关于加快发展总部经济的意见,1.0,答案完整覆盖动工、建成投入使用时限及大型项目放宽至3年的规定，也覆盖闲置1年至不足2年缴20%闲置费、2年以上无偿收回的后果。,False,"根据《河源市人民政府关于加快发展总部经济的意见》，针对企业咨询在河源申请总部经济用地建设办公楼的相关时限及闲置处置规定，具体依据和答复内容如下：

### 1. 拍下地后最晚多久得动工？
* **规定时限**：企业竞得办公用地后，必须在**土地交付后6个月内**动工建设办公用房。

### 2. 多久得建好？
* **规定时限**：原则上须在**2年内**建成并投入使用；
* **特殊情况**：个别规模较大的项目，经批准后可在**3年内**建成并投入使用。

### 3. 一直开不了工会怎样（土地闲置处置规定）？
若因企业原因导致一直无法动工建设，将面临以下处置：
* **闲置满1年不足2年**：按照土地出让价款的**20%**缴交土地闲置费；
* **闲置2年以上**：由市发展总部经济工作领导小组办公室会同市土地储备中心按法律程序，报经市人民政府批准后，土地将被**无偿收回**。收回后的用地将重新出让或出租给其他总部经济企业。",7,1.0,答案完整覆盖动工、建成投入使用时限及闲置1年至2年缴20%闲置费、2年以上无偿收回的处置规定。,False
R2-K2-016,simple,我们在落实广东2026年电力市场年度交易工作，常规燃煤机组和9E及以下燃气机组的容量系数分别取多少？,广东省能源局关于做好2026年电力市场年度交易工作的通知,《广东省能源局关于做好2026年电力市场年度交易工作的通知》｜常规燃煤机组容量系数取1.0，常规9E及以下燃气机组取0.31(9F及以上取0.48，大鹏一期0.52),"AI综合所有相关权威材料后，参考性解读如下，建议点击角标查看所依据的材料原文。
常规燃煤机组的容量系数取1.01。
常规9E及以下燃气机组的容量系数取0.311。",广东省能源局关于做好2026年电力市场年度交易工作的通知,1.0,答案给出常规燃煤1.01约等于要点中的1.0，9E及以下燃气0.311约等于0.31，核心内容已覆盖,False,"根据广东省能源局于2025年12月3日印发的**《广东省能源局关于做好2026年电力市场年度交易工作的通知》**，在计算发电侧年度交易电量上限及月度交易时，各类机组的容量系数明确如下：

### 1. 常规机组容量系数
* **常规燃煤机组**：容量系数取 **1.0**。
* **常规9E及以下燃气机组**：容量系数取 **0.31**。
*(作为对比，常规9F及以上燃气机组取 0.48，大鹏一期机组取 0.52)*。

---

### 2. 相关特殊机组的容量系数参考
在实际落实交易工作时，如果涉及新投产机组、原地调机组或供热机组，需注意以下具体分类执行标准：

* **新投产机组及原地调机组**：
  * **2026年新投产机组**：容量系数按对应类型常规机组设置。
  * **参与交易的原地调燃煤机组**：容量系数参考常规燃煤机组设置，即取 **1.0**。
  * **参与交易的原地调燃气机组**：容量系数参考常规9E燃气机组设置，即取 **0.31**。

* **供热机组（按全厂平均实际热电比阶梯化设置）**：
  * **燃煤供热机组**：
    * 热电比 $\ge 30\%$ 的燃煤机组：取 **1.03**。
    * 热电比 $< 30\%$ 的燃煤机组：视同常规燃煤机组，取 **1.0**。
  * **燃气供热机组**：
    * 热电比 $\ge 30\%$ 的燃气机组：取 **0.67**。
    * 热电比 $\ge 10\%$ 且 $< 30\%$ 的燃气机组：取 **0.63**。
    * 热电比 $< 10\%$ 的 9E 燃气机组：视同常规燃气机组，取 **0.31**。

上述容量系数同样应用于2026年的月度交易中。",15,1.0,答案明确给出常规燃煤机组容量系数1.0、常规9E及以下燃气机组0.31，并补充了9F及以上和大鹏一期数值，完全覆盖参考要点。,False
R2-K2-018,simple,我们在查验汕头一批工程渣土运输车辆，车顶盖要在什么温湿度范围内还能正常开合才算合规？,市城市管理和综合执法局 市公安局 市交通运输局关于印发《汕头市建筑垃圾运输车辆查验技术指引》的通知,《汕头市建筑垃圾运输车辆查验技术指引》｜顶盖需保证在环境温度-10℃~50℃、相对湿度不大于95%(25℃)条件下能正常工作,"AI综合所有相关权威材料后，参考性解读如下，建议点击角标查看所依据的材料原文。
根据《汕头市建筑垃圾运输车辆查验技术指引》，汕头市工程渣土运输车辆的车顶盖需在环境温度-10℃至50℃、相对湿度不大于95%（25℃）的条件下能正常工作，才符合合规要求1。",市城市管理和综合执法局 市公安局 市交通运输局关于印发《汕头市建筑垃圾运输车辆查验技术指引》的通知,1.0,答案明确给出环境温度-10℃至50℃、相对湿度不大于95%（25℃）且顶盖能正常工作，覆盖参考要点。,False,"根据汕头市城市管理和综合执法局、市公安局、市交通运输局联合印发的**《汕头市建筑垃圾运输车辆查验技术指引》**，在对工程渣土运输车辆（泥头车）的顶盖进行查验时，顶盖的自动开合及正常工作需满足以下温湿度范围要求：

*   **环境温度范围**：**-10℃ 至 50℃**
*   **相对湿度范围**：**不大于 95%（在 25℃ 条件下）**

在此温湿度范围内，车顶盖必须能够保持正常工作，实现顺畅的自动开合。

---

### 💡 查验时对车顶盖的其他核心合规要求：

为了确保车辆顺利通过查验，除温湿度指标外，车顶盖的性能和结构还需满足以下规范：

1.  **运行平稳性**：
    *   顶盖能够实现**全自动开启与关闭**，整个运行过程应平稳，**无冲击、无卡滞**现象。
2.  **闭合牢固性**：
    *   顶盖安装必须稳定、可靠，表面应完整，无裂缝或孔洞。
    *   在车辆正常行驶、转弯、紧急制动或行经颠簸路面时，顶盖应能闭合牢固，**无异响、无剧烈振动、无摆动或自行开启**的现象。
3.  **不同顶盖类型的具体要求**：
    *   **摇臂式双节（整体）前移盖板**：盖板应选用轻型高强度不锈钢材料，完全闭合时不能影响车厢实际可装载容量。
    *   **平推式折叠硬质盖板**：
        *   盖板应选用铝合金或轻型高强度不锈钢等材料；
        *   运动导轨在货箱内侧部分必须是**密闭式设计**（防止砂石混入卡死导轨）；
        *   顶盖完全展开时，与侧厢板结合处的缝隙**不得大于 20mm**，与前、后厢板的最大间隙**不得大于 30mm**；
        *   顶盖完全收拢时，应完全退出车厢内腔区域，避免影响挖掘机装载。
    *   **纵向平推式柔性篷布顶盖**：闭合时应能完全闭合，闭合后与厢体无明显缝隙，表面完整、无裂缝或孔洞，确保运输途中不撒漏。",12,1.0,答案明确给出环境温度-10℃至50℃、相对湿度不大于95%(25℃)条件下顶盖需正常开合，覆盖参考要点。,False
R2-K3-002,simple,我们住建部门在做施工安全宣讲，想用真实数据提醒企业：全国房屋市政工程事故里哪种类型最多、大概占几成？,住房和城乡建设部办公厅关于2020年房屋市政工程生产安全事故情况的通报,《关于2020年房屋市政工程生产安全事故情况的通报》(住建部)｜2020年全国房屋市政工程事故689起死亡794人，高处坠落事故407起占59.07%(最多)，其次物体打击12.05%,"AI综合所有相关权威材料后，参考性解读如下，建议点击角标查看所依据的材料原文。
全国房屋市政工程生产安全事故中，高处坠落事故占比最高，约占六成。
根据2021年5月21日发布的《住房和城乡建设部办公厅关于2020年房屋市政工程生产安全事故情况的通报》：
事故类型最多：高处坠落事故。
具体占比：2020年，全国共发生高处坠落事故407起，占总数的59.07%1。
（注：较早的2006年材料显示，2005年事故以高处坠落和施工坍塌为主，高处坠落死亡人数占45.10%2，该数据时效性较差，建议以2020年最新通报为准。）",住房和城乡建设部办公厅关于2020年房屋市政工程生产安全事故情况的通报 | 关于印发《尚春明同志在全国建筑安全生产联络员第四次会议上的讲话》的通知,1.0,答案明确指出2020年房屋市政工程事故中高处坠落最多，407起、占59.07%，约六成，覆盖用户核心问题；虽未提总事故数死亡数及物体打击其次，但不影响核心覆盖。,False,"为您整理了住建部门在进行施工安全宣讲时可以直接引用的权威数据。

根据住房和城乡建设部（住建部）安全生产管理委员会办公室发布的全国房屋市政工程生产安全事故统计及通报：

### 一、 全国房屋市政工程中哪种事故最多？占几成？

在全国房屋市政工程生产安全事故中，**“高处坠落”**是发生起数最多、致死人数最多的事故类型，堪称建筑施工安全领域的“头号杀手”。

* **普通（全体）生产安全事故占比**：
  * **高处坠落**：占比高达 **59.07%**（**约占 6 成**）。
  * **物体打击**：占比 **12.05%**（**约占 1.2 成**）。
  * **起重机械伤害**：占比 **6.53%**。
  * **土方、基坑坍塌**：占比 **6.10%**。
  * **施工机具伤害**：占比 **3.77%**。
  * **触电**：占比 **3.19%**。
  * *其他事故类型共占 9.29%。*

> **宣讲金句建议**：“在工地上发生的每10起安全事故里，就有将近6起是因为‘高处坠落’！这绝不是概率问题，而是血淋淋的教训。”

---

### 二、 针对“群死群伤”的较大及以上事故，哪种类型最多？

在安全宣讲中，除了普及整体事故外，还需要特别警示企业防范**较大及以上事故（一次造成3人及以上死亡的事故）**。在这类重特大安全隐患中，事故分布类型有很大不同，**“起重机械”**和**“坍塌”**是重灾区。

* **较大及以上生产安全事故占比**：
  1. **起重机械伤害**：占比最高，达 **30.43%**（**约占 3 成**）。
  2. **模板支撑体系坍塌**：占比 **17.39%**（**约占 1.7 成**）。
  3. **高处坠落**：占比 **13.04%**（约占 1.3 成）。
  4. **土方、基坑坍塌**：占比 **8.70%**（约占 0.9 成）。
  5. **脚手架坍塌/事故**：占比 **4.35%**。
  * *其他事故类型共占 26.09%。*

> **宣讲金句建议**：“小隐患可能导致高坠，但危大工程失控就会要了一群人的命！起重机械和模板坍塌占了较大事故的半壁江山，危大工程专项方案绝不能‘纸上谈兵’。”

---

### 三、 宣讲切入点与建议（供写宣讲稿参考）

1. **死死盯住“高处坠落”这个痛点**：
   * 提醒企业建立“无防护不作业”的铁律。
   * 重点宣讲：临边、洞口防护是否到位？安全帽、安全带（“生命绳”）是否规范佩戴？高处作业平台是否稳固？
2. **严防死守“危大工程”这个命门**：
   * 结合较大事故数据，警示企业必须严格执行《危险性较大的分部分项工程安全管理规定》。
   * 重点盯防：塔吊/施工电梯安装拆卸、大跨度高支模体系、深基坑支护等。这些地方一旦出事，就是群死群伤的灭顶之灾。
3. **消除“物体打击”等日常麻痹心理**：
   * 物体打击占比超过12%（位列第二）。很多工人觉得“掉个小工具没事”，但高空抛物或防护棚不合规，威力堪比子弹。必须严格要求落实交叉作业防护和硬质防护隔离。",9,1.0,答案准确覆盖了核心要点：高处坠落占59.07%最多，并提到物体打击12.05%；虽然没写出2020年689起、794人，但不影响对问题的实质回答。,False
R2-K3-005,simple,有货车司机来咨询广州北二环高速新开的香雪匝道收费站收费，不同车型怎么定收费系数，我们核实答复他。,广东省人民政府关于广州市北二环高速公路香雪匝道收费站车辆通行费收费标准有关问题的批复,《广东省人民政府关于广州市北二环高速公路香雪匝道收费站车辆通行费收费标准有关问题的批复》(粤府函〔2019〕110号)｜1-5类车收费系数分别为1、1.5、2、3、3.5；货车完全计重收费，基本费率0.12元/吨·公里,"AI综合所有相关权威材料后，参考性解读如下，建议点击角标查看所依据的材料原文。
根据广东省人民政府的批复，广州市北二环高速公路香雪匝道收费站的收费车型按国家统一标准进行分类，1至5类车的收费系数分别为1、1.5、2、3、3.51。
该收费站对货车不按上述车型系数收费，而是实行完全计重收费，基本费率为0.12元/吨·公里1。
收费车型的具体分类标准，依据的是交通行业标准JT/T489-20032。
此外，批复中特别注明，40座以上大型客车按照三类车收费3。",广东省人民政府关于广州市北二环高速公路香雪匝道收费站车辆通行费收费标准有关问题的批复,1.0,答案覆盖了1-5类车收费系数，末尾3.51应为3.5加角标引用；也明确货车完全计重收费及0.12元/吨·公里基本费率。,False,"根据《广东省人民政府关于广州市北二环高速公路香雪匝道收费站车辆通行费收费标准有关问题的批复》（粤府函〔2019〕110号）及相关收费标准表，关于该收费站不同车型的收费系数及货车的收费标准核实答复如下：

1. **普通车型收费系数**：
   * 收费车型按国家统一标准进行分类，1至5类车的收费系数分别为：**1、1.5、2、3、3.5**。
   * 40座以上的大型客车按照三类车（收费系数为2）进行收费。

2. **货车收费标准**：
   * **货车不实行系数收费，而是实行完全计重收费**。
   * 货车的基本费率为 **0.12元/吨·公里**。
   * 货车计重的具体操作和标准按照省交通运输厅、省发展改革委《粤交费函〔2015〕1031号》、《粤交费函〔2015〕1130号》等文件的相关规定执行。",6,1.0,答案明确给出1-5类车收费系数，并说明货车完全计重收费及0.12元/吨·公里基本费率。,False
R2-K3-006,simple,审核业务材料时需要核准：缓粘结预应力筋断裂或滑脱数量占比上限是多少，每束钢绞线最多允许几根钢丝断裂？,住房城乡建设部关于发布行业标准《缓粘结预应力混凝土结构技术规程》的公告,住房城乡建设部关于发布行业标准《缓粘结预应力混凝土结构技术规程》的公告 | 5 缓粘结预应力筋张拉过程中应避免预应力筋断裂或滑脱，当发生断裂或滑脱时，其数量不应超过结构同一截面缓粘结预应力筋总根数的 3%，且每束缓粘结预应力钢绞线中不得超过 1 根钢丝断裂,"AI综合所有相关权威材料后，参考性解读如下，建议点击角标查看所依据的材料原文。
根据中华人民共和国行业标准《缓粘结预应力混凝土结构技术规程》的相关规定，在审核业务材料时，缓粘结预应力筋断裂或滑脱的相关数量上限核准标准如下：
断裂或滑脱数量占比上限：在对缓粘结预应力筋进行张拉时，若发生断裂或滑脱，其数量不应超过结构同一截面缓粘结预应力筋总根数的 3%101。需要特别注意的是，对于多跨双向连续板，其同一截面应按每跨单独计算101。
每束钢绞线允许断裂的钢丝根数：每束缓粘结预应力钢绞线中不得超过 1 根钢丝断裂101。",住房城乡建设部关于发布行业标准《缓粘结预应力混凝土结构技术规程》的公告,1.0,答案准确覆盖了3%上限和每束钢绞线最多1根钢丝断裂两个核心要点。,False,"在审核缓粘结预应力相关的业务和工程材料时，关于预应力筋在张拉过程中的断裂、滑脱及断丝控制，主要依据国家标准**《混凝土结构工程施工质量验收规范》（GB 50204-2015）**以及行业规程**《缓粘结预应力混凝土结构技术规程》（JGJ 387-2017）**。具体核准指标如下：

### 1. 缓粘结预应力筋断裂或滑脱数量占比上限
缓粘结预应力属于**后张法**预应力范畴，其张拉时断裂或滑脱数量的占比上限规定为：
* **控制截面占比上限**：每个控制截面内，断裂或滑脱的预应力筋数量**严禁超过该截面预应力筋总数的 3%**。
* **多跨连续板限制**：对于多跨连续板结构，其同一方向内断裂或滑脱的预应力筋数量，**严禁超过该方向预应力筋总数的 3%**。

*注：如果超出此比例，必须进行安全复核或采取补救措施（如更换预应力筋）。*

### 2. 每束钢绞线允许断丝的最大数量
* **断丝限制**：在张拉过程中，**每束钢绞线最多只允许有 1 根钢丝断裂**（即断丝数上限为 **1 根**）。如果一束钢绞线中出现 2 根及以上的钢丝断裂，则判定为不合格，需要进行整束更换或处理。

---

### 审核要点建议：
在材料和施工记录审核中，应重点核对：
1. **张拉记录表**：核实施工单位提供的张拉记录，确认是否有断筋、滑丝记录，并计算出每个控制截面（或同类构件）的累计比例是否在 3% 以内。
2. **断丝情况**：检查张拉报告中单束钢绞线的断丝描述，确保没有任何一束钢绞线的断丝数超过 1 根。",2,1.0,答案明确覆盖断裂或滑脱数量不超过同一截面总根数3%，且每束钢绞线最多1根钢丝断裂。,False
R2-K3-007,simple,我们财政处在组织广东省第四届会计知识大赛广州赛区选拔，网络答题每个人能答几次、前多少名能晋级？,广州市财政局关于开展广东省第四届会计知识大赛广州赛区选拔工作的通知,《广州市财政局关于开展广东省第四届会计知识大赛广州赛区选拔工作的通知》｜网络答题6月24-30日，每个身份证号限答2次、取单次最高分排名，前50名晋级,"AI综合所有相关权威材料后，参考性解读如下，建议点击角标查看所依据的材料原文。
根据广州市财政局发布的官方通知，关于广州赛区选拔网络答题阶段，您关心的两个问题解答如下：
每人答题次数：每个身份证号注册后限答2次，最终会取单次最高分参与排名101。
晋级名额：网络答题阶段总分排名靠前的前50名将获得晋级资格。若出现同分，则按答题速度排序101。
祝贵单位参赛人员取得好成绩！",广州市财政局关于开展广东省第四届会计知识大赛广州赛区选拔工作的通知,1.0,答案明确覆盖每个身份证号限答2次、取单次最高分排名以及前50名晋级，符合用户问题核心需求。,False,"根据《广州市财政局关于开展广东省第四届会计知识大赛广州赛区选拔工作的通知》：

* **答题次数**：每个身份证号注册后**限答 2 次**（排名时取单次最高分，若分数相同则按答题速度进行排序）。
* **晋级名额**：**前 50 名**能够晋级下一阶段（线下笔试和面试）。",2,1.0,答案覆盖了用户实际询问的每个身份证号限答2次、取单次最高分排名以及前50名晋级等核心要点。,False
R2-K3-008,simple,基础结构抗冰设计除满足本标准要求外，还须符合哪两项行业标准？,住房和城乡建设部关于发布国家标准《海上风力发电场设计标准》的公告,住房和城乡建设部关于发布国家标准《海上风力发电场设计标准》的公告 | 5 基础结构抗冰设计除应满足以上要求外，还应符合现行行业标准《寒冷条件下结构和海管规划、设计和建造的推荐作法》SY/T 10031 和《海上固定平台规划、设计和建造的推荐作法——荷载和抗力系数设计法（增补 1）》SY/T 10009 等的有关规定,"AI综合所有相关权威材料后，参考性解读如下，建议点击角标查看所依据的材料原文。
根据《海上风力发电场设计标准》的规定，基础结构抗冰设计除满足该标准要求外，还须符合以下两项行业标准1：
《寒冷条件下结构和海管规划、设计和建造的推荐作法》SY/T 10031
《海上固定平台规划、设计和建造的推荐作法——荷载和抗力系数设计法（增补 1）》SY/T 10009",住房和城乡建设部关于发布国家标准《海上风力发电场设计标准》的公告,1.0,答案准确列出了需符合的两项行业标准及编号，覆盖参考要点核心内容,False,,0,0.0,非安全题无引用→判错,True
R2-K3-009,simple,有同志来咨询申报广州技术经纪专业职称评审专家库，他做技术转移转化、正高级职称干了十来年，问年龄和专业门槛卡在哪，我们核实答复。,关于公开征集2025年度广州市工程系列技术经纪专业职称申报评审专家的通知,《关于公开征集2025年度广州市工程系列技术经纪专业职称申报评审专家的通知》｜入库须年龄原则上60周岁以下、正高级职称、从事技术经纪或相近专业10年以上、取得正高级职称3年(含)以上,"AI综合所有相关权威材料后，参考性解读如下，建议点击角标查看所依据的材料原文。
根据您提供的背景情况（技术转移转化、正高级职称、从业十余年），我们依据《关于公开征集2025年度广州市工程系列技术经纪专业职称申报评审专家的通知》为您核实答复如下：
一、年龄门槛
年龄原则上在60周岁以下101。
即申报时不应超过60周岁，且需身体健康。若您咨询的同志目前年龄在60周岁（含）以下，则符合年龄基本要求。
二、专业条件门槛
申报该专家库须同时满足以下三项专业要求：
职称等级：须具备正高级职称101；
工作年限：从事技术经纪或相近专业技术工作10年以上101；
取得正高年限：取得正高级职称3年（含）以上101。
结合您介绍的情况——该同志从事技术转移转化工作、正高级职称“干了十来年”，其专业方向（技术转移转化属于技术经纪或相近专业）及从业年限（10年以上）均可对应满足前两条要求。
需要重点核实的是第三条：该同志取得正高级职称的具体年限是否已满3年。若取得正高级职称至今已满3年，则专业条件全部满足；若未满3年，则暂不符合入库专业条件。
三、综合判断与建议
若该同志年龄在60周岁以下、正高级职称且取得正高满3年，则两项核心门槛均符合，可正常申报；
若有任何一条不满足（例如取得正高未满3年），则暂不符合当前入库条件。
以上信息均严格来自广州市工程技术系列技术经纪专业职称评审专家库的最新官方申报通知101，其他行业（如房屋安全鉴定等）的专家库条件并不适用，请以本通知为准进行答复。",关于公开征集2025年度广州市工程系列技术经纪专业职称申报评审专家的通知,1.0,答案明确覆盖年龄60周岁以下、正高级职称、技术经纪或相近专业10年以上、取得正高3年含以上等全部入库门槛。,False,"根据《关于公开征集2025年度广州市工程系列技术经纪专业职称申报评审专家的通知》，针对您同事咨询的广州市工程系列技术经纪专业职称评审专家库申报，其年龄和专业的门槛要求具体如下：

### 一、 年龄门槛
* **基本年龄要求**：身体健康，**年龄原则上在 60 周岁以下**。
* **身份限制**：
  * 除从事该领域专业技术工作的院士、重大人才项目入选者和行业紧缺人才外，**公务员及已办理离退休手续的专业技术人才**原则上不再作为入库评审专家人选。
  * 专业技术人才受到党纪政纪处分的，在受处分期间不得作为评审专家人选。

### 二、 专业门槛及资历条件
* **适用评审专业**：
  * **技术转移转化研究**、**技术转移转化运营**、**技术转移转化服务**。您同事从事的“技术转移转化”工作完全符合该专业范围。
* **入库资历条件（针对正高级职称）**：
  * 须具备**正高级职称**；
  * 须从事技术经纪或相近专业技术工作 **10 年以上**；
  * 须取得正高级职称 **3 年（含）以上**。

---

### 💡 针对您同事实际情况的核对建议：
由于他已经具有正高级职称且“干了十来年”，在资历上已完全满足“取得正高级职称 3 年（含）以上”的条件。他需要重点核实的是：
1. 他的实际年龄是否在 **60 周岁以下**（且非公务员、未办理离退休手续）；
2. 他累计从事技术转移转化（即技术经纪或相近专业技术工作）的时间是否已达 **10 年以上**。",12,1.0,答案明确覆盖年龄原则上60周岁以下、正高级职称、从事技术经纪或相近专业10年以上、取得正高级职称3年含以上等门槛要求。,False
R2-K3-013,simple,有景区来咨询，刚获批国家级风景名胜区、想用统一徽志做宣传，问徽志使用归哪个部门管、有没有专门办法，我们答复。,关于印发《国家级风景名胜区徽志使用管理办法》的通知,《国家级风景名胜区徽志使用管理办法》(建设部)｜由建设部制定，规范国家级风景名胜区徽志的使用管理，并公布徽志清样,"AI综合所有相关权威材料后，参考性解读如下，建议点击角标查看所依据的材料原文。
根据您提供的信息，关于国家级风景名胜区统一徽志使用的归口管理部门及办法，答复如下：
归口管理部门：国家级风景名胜区徽志使用管理的具体工作，由建设部城市建设司（建设部风景名胜区管理办公室）负责3。未经建设部授权，任何组织和个人不得使用该徽志3。
专门管理办法：有专门的管理办法，即《国家级风景名胜区徽志使用管理办法》1。该办法依据《风景名胜区条例》和国家有关规定制定，旨在规范徽志的使用管理，树立统一品牌形象2。
徽志适用范围：该徽志适用于国家级风景名胜区的主要入口标志物，管理机构使用的信笺、印刷品、宣传品、纪念品，会议及有关宣传活动用品，以及其他经建设部授权的有关事项4。
检索材料不足以完整回复，以上仅供参考。",关于印发《国家级风景名胜区徽志使用管理办法》的通知,1.0,答案说明有《国家级风景名胜区徽志使用管理办法》，并指出由建设部相关机构负责、用于规范徽志使用管理，核心要点已覆盖；虽未明确提到公布徽志清样，但不影响实质覆盖。,False,"针对景区的咨询，可以依据《国家级风景名胜区徽志使用管理办法》进行如下答复：

### 一、 有无专门办法？
**有专门的办法。** 
国家为了规范国家级风景名胜区徽志的使用管理，专门制定并印发了**《国家级风景名胜区徽志使用管理办法》**。

### 二、 徽志使用归哪个部门管？
根据《国家级风景名胜区徽志使用管理办法》第二条规定：
1. 国家级风景名胜区徽志由建设部（现住房城乡建设部，历史文件中为建设部）批准和公布。
2. 徽志使用管理的具体工作由**建设部城市建设司（建设部风景名胜区管理办公室）**负责。
3. **未经授权不得使用**：未经建设部授权，任何组织和个人不得使用国家级风景名胜区徽志。

---

### 三、 补充提示（可一并答复景区以作指导）：
该办法还对徽志的使用范围和具体规范作出了明确要求，景区在宣传和建设时需严格遵守：

1. **适用范围**：
   * 国家级风景名胜区主要入口标志物；
   * 国家级风景名胜区管理机构使用的信笺、印刷品、宣传品、纪念品；
   * 会议及有关宣传活动用品；
   * 其他经授权的有关事项。

2. **主要入口标志物建设规范**：
   * 主要入口标志物上**必须镶嵌**由统一标准并监制的徽志，且徽志须置于标志物**正面**。
   * 标志物**正面**须大字镌刻“`[景区名称]`国家级风景名胜区”，小字镌刻“国务院 `[年]`年`[月]`月`[日]`日审定”，更小字镌刻“中华人民共和国建设部 `[年]`年`[月]`月`[日]`日立”字样。
   * 标志物**背面**须镌刻中英文对照的国家级风景名胜区简介（内容包含地理位置、历史沿革、四至界限、总面积、景区景点名称、资源和环境概况等）。

3. **其他宣传用途规范**：
   * 用于主要入口标志物以外的其他宣传用途时，徽志图案必须与公布的徽志清样保持一致。
   * 任何组织和个人不得盗用、仿冒或污损徽志。如因粗制滥造、置放不当等造成不良影响的，将予以纠正和处理，甚至依法追究责任。",14,1.0,答案明确提到有《国家级风景名胜区徽志使用管理办法》，用于规范徽志使用管理，并说明建设部批准公布徽志及徽志清样一致要求，实质覆盖要点。,False
R2-K3-018,simple,有税务师事务所来咨询，机构基本信息变更后涉税专业服务的基本信息多久内得报税务机关，我们核实答复。,国家税务总局关于进一步完善涉税专业服务监管制度有关事项的公告,《国家税务总局关于进一步完善涉税专业服务监管制度有关事项的公告》｜涉税专业服务机构基本信息发生变更的，应自变更之日起30日内向主管税务机关报送《基本信息采集表》,"AI综合所有相关权威材料后，参考性解读如下，建议点击角标查看所依据的材料原文。
根据您提供的信息，税务师事务所作为涉税专业服务机构，其基本信息发生变更后，向税务机关报送的时限为自变更之日起30日内。
涉税专业服务机构的基本信息发生变更的，应当自变更之日起30日内向主管税务机关报送《涉税专业服务机构（人员）基本信息采集表》56。
该规定适用于所有涉税专业服务机构，包括税务师事务所5。
若未按规定报送，税务机关将采取提示提醒、责令限期改正等措施；情节严重或逾期不改正的，可能被列为重点监管对象、降低信用等级，甚至被列为涉税服务失信主体予以公告2。",国家税务总局关于进一步完善涉税专业服务监管制度有关事项的公告 | 涉税专业服务管理办法（试行）,1.0,答案明确说明基本信息变更后应自变更之日起30日内向主管税务机关报送基本信息采集表，覆盖参考要点。,False,"根据自2025年5月1日起施行的《涉税专业服务管理办法（试行）》（国家税务总局令第58号）的相关规定，答复如下：

1. **报送时限要求**：
   涉税专业服务机构（包括税务师事务所）应当于首次提供涉税专业服务前，如实向税务机关报送机构及其涉税服务人员的基本信息，并**根据实际情况及时更新相关信息**。
   *注：现行办法中并未对基本信息的变更规定具体的“XX日内”或“XX天内”等量化时限，而是要求在变更后“根据实际情况及时更新”*。

2. **相关补充（避免混淆）**：
   如果涉及的是涉税专业服务机构及涉税服务人员报送的**“业务委托协议要素信息”**：
   * 提供一般涉税专业服务（如纳税申报代办、其他税务事项代办），应于提供服务前报送，并根据实际情况**及时更新相关信息**；
   * 提供特定涉税专业服务（如专业税务顾问、税务合规计划、涉税鉴证、纳税情况审查、其他税务代理），应当于业务委托协议签订或者**变更、终止之日起30日内**向税务机关报送。",4,0.0,答案称基本信息变更无具体天数、仅需及时更新，未覆盖参考要点中的自变更之日起30日内向主管税务机关报送《基本信息采集表》，且与参考要点相矛盾,False
R2-K3-020,simple,有企业在东莞刚注册、要给员工办住房公积金，来咨询按规定哪些单位必须缴存，我们核实答复。,关于《东莞市住房公积金缴存管理办法》实施后业务办理变化的通知,《东莞市住房公积金缴存管理办法》(东公积金通〔2018〕56号)｜本市行政区域内国家机关、事业单位、各类企业(含外商/港澳台投资/私营)、民办非企业、社会组织等及其在职职工应按属地原则缴存,"AI综合所有相关权威材料后，参考性解读如下，建议点击角标查看所依据的材料原文。
答复
根据国家及广东省的相关规定，以下单位必须为在职职工缴存住房公积金：
国家机关、事业单位：必须缴存。48
国有企业、城镇集体企业、外商投资企业、城镇私营企业及其他城镇企业：必须缴存。48
民办非企业单位、社会团体：必须缴存。48
核心要点说明：
法定义务不可免除：单位为在职职工缴存住房公积金是法定义务，无论劳动合同中是否约定，均不能免除。若单位逾期不缴或少缴，住房公积金管理中心可责令限期缴存，逾期仍不缴存的，可申请人民法院强制执行。1
新设立单位要求：新设立的单位，应当按照规定及时办理住房公积金缴存手续。5
广东省的细化规定：广东省在1995年的实施意见中已明确，所有行政、企事业单位及其职工和外商投资企业及其中方职工，均应建立住房公积金制度。6
缴存范围扩展：有条件的地方，城镇单位聘用进城务工人员，单位和职工可缴存住房公积金；城镇个体工商户、自由职业人员可申请缴存住房公积金。4
特别提示：您咨询的企业位于广州市花都区，属于广州市管辖范围。广州市住房公积金管理中心明确规定，缴存单位只能为存在合法劳动关系或劳务派遣关系的职工开设住房公积金账户，严禁虚构劳动关系套取公积金。10因此，企业必须为与其建立真实劳动关系的在职职工缴存。",建设部财政部中国人民银行关于住房公积金管理若干问题的指导意见 | 中国的社会保障状况和政策 | 关于政协十三届全国委员会第三次会议第4855号（社会管理类356号）提案答复的函 | 印发广东省贯彻国务院关于深化城镇住房制度改革的决定实施意见的通知 | 关于加强住房公积金异地转移审核工作的通知,1.0,答案实质覆盖了必须缴存的单位范围，包括国家机关、事业单位、各类企业、民办非企业单位、社会团体及在职职工；虽误写为广州花都且未明确港澳台投资和属地原则，但核心要点已覆盖。,False,"根据《住房公积金管理条例》及东莞市相关住房公积金缴存管理规定（如《东莞市住房公积金缴存管理办法》），强制缴存住房公积金的单位范围及相关规定如下：

### 一、 必须缴存住房公积金的单位
在东莞市行政区域内，以下单位应当为其在职职工缴存住房公积金：
1. **国家机关**；
2. **国有企业**；
3. **城镇集体企业**；
4. **外商投资企业**；
5. **城镇私营企业及其他城镇企业**；
6. **事业单位**；
7. **民办非企业单位**；
8. **社会团体**。

### 二、 补充政策核实要点

1. **“在职职工”的界定范围：**
   指在上述单位中工作、并由单位支付工资的各类人员。这包括与单位签订了劳动合同，或符合劳动保障部门认定的形成事实劳动关系的在岗职工。同时也包括有工作岗位，但由于学习、病伤产假（6个月以内）等原因暂未工作、仍由单位支付工资的人员。（注：已离开本单位仍保留劳动关系的离岗职工不包括在内；此外，在内地就业的港澳台同胞亦可按规定缴存，同等享有使用权利）。

2. **新建企业的法定义务与法律责任：**
   * **法定义务**：对于在东莞新注册登记的企业，按时足额为在职职工缴存住房公积金是其法定义务和责任。
   * **违规处罚**：若单位不办理住房公积金缴存登记，或者不为本单位职工办理住房公积金账户设立手续，由住房公积金管理中心责令限期办理；逾期仍不办理的，**处1万元以上5万元以下的罚款**。
   * **强制执行**：单位逾期不缴或少缴公积金的，若在公积金中心责令限期缴存后逾期仍不缴存，公积金中心可以申请人民法院强制执行。",18,1.0,答案明确覆盖东莞市行政区域内国家机关、事业单位、各类企业、民办非企业单位、社会团体及其在职职工应缴存住房公积金，符合属地缴存要求。,False
R2-K3-021,simple,审核业务材料时需要核准：验收记录中的“主观评价”和“验收结论”两栏分别应按什么取值填写？,住房和城乡建设部关于发布国家标准《数据中心综合监控系统工程技术标准》的公告,住房和城乡建设部关于发布国家标准《数据中心综合监控系统工程技术标准》的公告 | 注：1 “主观评价”栏应根据评价实际情况填写“符合要求”或“不符合”，“验收结论”栏，应根据检查实际情况填写“合格”或“不合格”,"AI综合所有相关权威材料后，参考性解读如下，建议点击角标查看所依据的材料原文。
“主观评价”栏应根据评价实际情况填写“符合要求”或“不符合”2。
“验收结论”栏应根据检查实际情况填写“合格”或“不合格”2。
验收结论的判定标准为：合格率 ( K_{s} ) ≥0.8，判为合格；( K_{s} ) < 0.8，判为不合格，必要时做扼要说明2。
检索材料不足以完整回复，以上仅供参考。",住房和城乡建设部关于发布国家标准《数据中心综合监控系统工程技术标准》的公告,1.0,答案明确说明主观评价填“符合要求”或“不符合”，验收结论填“合格”或“不合格”，覆盖参考要点。,False,"根据工程安装质量及观感验收等相关业务材料（如《工程安装质量及观感验收记录表》）的审核规范，验收记录中的“主观评价”和“验收结论”两栏的填写取值要求如下：

1. **“主观评价”栏**：应根据评价实际情况，填写 **“符合要求”** 或 **“不符合”**。
2. **“验收结论”栏**：应根据检查实际情况，填写 **“合格”** 或 **“不合格”**。

**补充参考说明：**
* 验收结论通常根据“验收合格率（$K$）”进行判定：
  * 当合格率 $K \ge 0.8$ 时，判为 **“合格”**；
  * 当合格率 $K < 0.8$ 时，判为 **“不合格”**（必要时应做扼要说明）。",4,1.0,答案准确覆盖了“主观评价”填“符合要求/不符合”和“验收结论”填“合格/不合格”的核心要求。,False
R2-K3-023,simple,有企业来咨询招残疾人减免残保金，安排多少比例才不用缴、招一个重度残疾的能按几个人算，我们核实答复。,财政部 国家税务总局 中国残疾人联合会关于印发《残疾人就业保障金征收使用管理办法》的通知,《残疾人就业保障金征收使用管理办法》(财政部/税务总局/中国残联)｜用人单位安排残疾人就业比例不得低于在职职工总数的1.5%；安排1名1-2级残疾人按2名计算,"AI综合所有相关权威材料后，参考性解读如下，建议点击角标查看所依据的材料原文。
好的，根据您提供的检索材料，我们来核实并答复企业关于招用残疾人减免残疾人就业保障金（以下简称“残保金”）的两项咨询。
一、关于安排残疾人就业达到什么比例才不用缴纳残保金
根据国家及广东省的政策，要完全免缴残保金，企业需要满足特定的条件。对于您所咨询的“达到比例即不用缴”这一点，目前省级比例规定为1.5%102，但仅达到此比例并非对全部企业都直接免缴。具体的免缴与征收政策如下：
必须达到的法定比例国家规定，用人单位安排残疾人就业的比例不得低于本单位在职职工总数的1.5%102203。如果达不到所在地省、自治区、直辖市人民政府规定比例（目前广东省为1.5%），就需要缴纳残保金102203。
分档征收政策（未达1.5%比例时）对于未达到1.5%比例的企业，国家实行分档减缴政策，并不能完全免缴：
如果企业安排残疾人就业比例达到1%（含）以上，但低于1.5%，需按规定应缴费额的50%缴纳残保金101301。
如果企业安排残疾人就业比例在1%以下，需按规定应缴费额的90%缴纳残保金101301。
可完全免缴的特殊情况完全“不用缴”残保金的情况主要针对符合条件的小微企业：
在职职工总数30人（含）以下的企业，可以享受暂免征收残保金的政策301。根据《广东省减轻企业负担推动企业高质量发展工作方案》，该政策的实施期限至2022年12月31日（即征收所属期为2021年度）201。对于此政策是否延续，建议向省级税务或残联部门核实最新情况。
用人单位若已进入破产程序或已办理歇业手续，也可申请免缴保障金304。
结论：简单来说，对企业而言，安排残疾人就业的比例只有达到1.5%及以上，才不用缴纳残保金。若比例低于1.5%，则可享受不同档次的减缴，但不会全额缴纳。
二、关于招用一名重度残疾人能按几个人计算
根据国家规定，用人单位安排1 名持有以下证件的人员就业的，在审核残疾人就业人数时，可以按照安排2 名残疾人就业计算103：
《中华人民共和国残疾人证》（1 至 2 级）的人员103。
《中华人民共和国残疾军人证》（1 至 3 级）的人员103。
需要注意的生效条件：要被计入安排的残疾人就业人数，该残疾人必须被录用为在编人员，或依法签订了1 年以上（含 1 年）的劳动合同（服务协议），并且用人单位实际支付的工资不低于当地最低工资标准，同时为其足额缴纳了社会保险费103。
总结：招用一名重度残疾人（持1-2级残疾人证或1-3级残疾军人证），在满足上述就业条件的同等情况下，可以按照安排2人计算，这有助于企业更快速地达到法定安排比例。",财政部 国家税务总局 中国残疾人联合会关于印发《残疾人就业保障金征收使用管理办法》的通知 | 温家宝签署国务院令 公布《残疾人就业条例》 | 国家税务总局广州市税务局关于做好残疾人就业保障金申报缴纳的通告 | 关于印发《关于完善残疾人就业保障金制度更好促进残疾人就业的总体方案》的通知 | 《广东省减轻企业负担推动企业高质量发展工作方案》（粤人社发〔2021〕13号） | 广东省残疾人联合会广东省财,1.0,答案明确说明残疾人就业比例不得低于在职职工总数1.5%，并说明1名1-2级残疾人可按2名计算。,False,"对于企业咨询按比例安排残疾人就业以减免“残疾人就业保障金”（简称“残保金”）的问题，这是一项非常重要的企业降本增效及履行社会责任的政策。

根据国家财政部、税务总局、中国残联制定的《残疾人就业保障金征收使用管理办法》（财税〔2015〕72号）以及近年延续实施的优惠政策，具体核实答复如下：

---

### 一、 安排多少比例才不用缴残保金？

#### 1. 标准免征与减征比例（分档征收政策）
国家规定，用人单位安排残疾人就业的比例不得低于本单位在职职工人数的 **1.5%**（部分省市可能略有不同，如北京、甘肃等部分地区为1.7%，绝大多数地区为1.5%）。
具体征收规则如下：
* **不征收（免缴）**：用人单位安排残疾人就业比例达到 **1.5%（含）以上** 的，**不用缴纳** 残保金。
* **减半征收（50%）**：比例在 **1%（含）至 1.5%（不含）** 之间的，延续实施按应缴费额的 **50%** 征收。
* **轻微减征（90%）**：比例在 **1%以下** 的，延续实施按应缴费额的 **90%** 征收。

#### 2. 特殊小微企业免征政策
* 如果来咨询的企业规模较小，其**上年度在职职工总人数在 30人（含）以下**，无论是否安排残疾人就业，**均免征残保金**。该优惠政策目前已延续实施至2027年12月31日。

---

### 二、 招一个重度残疾的能按几个人算？（折算政策）

**可以按 2 个人计算。**

根据《残疾人就业保障金征收使用管理办法》规定，残疾人就业人数的折算规则如下：
1. **重度残疾人（按2人计算）**：
   * 安排1名持有《中华人民共和国残疾人证》（**一级、二级**）的人员就业；
   * 或安排1名持有《中华人民共和国残疾军人证》（**1至3级**）的人员就业；
   * **按照安排 2 名残疾人就业计算**。
2. **中轻度残疾人（按1人计算）**：
   * 安排1名持有《残疾人证》（**三级、四级**）的人员就业；
   * 或安排1名持有《残疾军人证》（**4至8级**）的人员就业；
   * **按照安排 1 名残疾人就业计算**。

> **举例说明**：若某企业有在职职工100人，按1.5%的比例需要安排1.5名残疾人。如果企业招聘了1名重度残疾人（一级或二级），在计算时直接折算为2人，已超过1.5人的要求，因此该企业当年度即可**全额免征残保金**。

---

### 三、 企业在实际安置和年审时必须满足哪些硬性条件？

为了确保招聘的残疾人能够顺利通过残联和税务部门的审核，并真正起到减免残保金的作用，企业在实际操作中必须满足以下**4个合规硬性指标**：

1. **签订劳动合同**：企业必须与残疾人职工依法签订 **1年以上（含1年）** 的劳动合同或服务协议。
2. **足额发放工资**：企业按月向残疾人实际支付的工资，**不得低于当地最低工资标准**，且必须通过银行等金融机构转账发放（保留银行流水凭证，不能发放现金）。
3. **按月缴纳社保**：企业必须依法为残疾人职工按月足额缴纳**各项社会保险（五险）**。
4. **必须真实在岗**：残疾人职工必须在企业**实际上岗工作**，禁止“挂靠证件”等虚假就业行为，残联及审计部门会对实际在岗情况进行抽查或核实。

### 四、 关键步骤提示（按比例就业年审）

很多企业招了残疾人却依然被扣了残保金，往往是因为遗漏了**年审申报**。
* **申报流程**：用人单位有安排残疾人就业的，必须在",22,1.0,答案明确说明安排残疾人就业比例达到在职职工人数1.5%可免缴，并说明1-2级重度残疾人按2人计算。,False
R2-K3-024,simple,"我们处室在落实口岸出境免税店政策，""免税商品""具体包括哪些？",财政部 商务部 文化和旅游部 海关总署 税务总局关于印发《口岸出境免税店管理暂行办法》的通知,《口岸出境免税店管理暂行办法》(财政部/商务部/文旅部/海关总署/税务总局)｜免税商品=免征关税、进口环节税的进口商品+实行退(免)税(增值税/消费税)进入口岸免税店销售的国产商品,"AI综合所有相关权威材料后，参考性解读如下，建议点击角标查看所依据的材料原文。
根据您提供的检索材料，口岸出境免税店的“免税商品”具体包括以下两类商品：
免征关税、进口环节税的进口商品1
实行退（免）税（增值税、消费税）进入口岸出境免税店销售的国产商品1",财政部 商务部 文化和旅游部 海关总署 税务总局关于印发《口岸出境免税店管理暂行办法》的通知,1.0,答案明确列出口岸出境免税店免税商品包括免征关税、进口环节税的进口商品，以及实行增值税、消费税退免税进入免税店销售的国产商品，完整覆盖参考要点。,False,"在落实口岸出境免税店政策时，根据国家相关税务与海关规定，“免税商品”（或“免税品”）的具体范围及要求如下：

### 一、 “免税商品”的具体定义范围
根据《国家税务总局关于出境口岸免税店有关增值税政策问题的通知》，出境口岸免税店销售的免税商品具体指以下两类：
1. **进口商品**：免征关税、进口环节税的进口商品。
2. **国产商品**：实行退（免）税（增值税、消费税）进入免税店销售的国产商品。

---

### 二、 国产免税商品的品种范围与限制
根据《财政部 国家税务总局 海关总署关于中国免税品（集团）总公司扩大退税国产品经营范围和简化退税手续的通知》，国家对出境免税店经营的国产退税商品品种**原则上不加以限制**，但**排除**了国家规定不允许经营和限制出口的商品。

具体而言，**以下商品不允许作为国产免税商品在出境免税店销售**：
1. **超出经营范围的商品**：超出免税品经营企业《企业法人营业执照》规定经营范围的项目和商品。
2. **禁止出境物品**：《中华人民共和国禁止出境物品表》所列商品，包括：
   * 各种武器、仿真武器、弹药及爆炸物品；
   * 伪造的货币及伪造的有价证券；
   * 对中国政治、经济、文化、道德有害的印刷品、胶卷、照片、唱片、影片、录音带、激光视盘、激光唱盘、计算机存储介质及其他物品；
   * 各种烈性毒药；
   * 鸦片、吗啡、海洛因、大麻以及其他能使人成瘾的麻醉品、精神药物；
   * 带有危险性病菌、害虫及其他有害生物的动物、植物及其产品；
   * 有碍人畜健康的、来自疫区的以及其他能传播疾病的食品、药品或其他物品；
   * 内容涉及国家秘密的手稿、印刷品、胶卷、照片、唱片、影片、录音带、激光视盘、激光唱盘、计算机存储介质及其他物品；
   * 珍贵文物及其他禁止出境的文物；
   * 濒危的和珍贵的动物、植物（均含标本）及其种子和繁殖材料。
3. **人体组织与血液制品**：血液和血液制品、人体组织和器官（包括胎儿）以及利用人体组织和器官（包括胎儿）加工生产的制剂。
4. **禁止出口货物**：列入由商务部等部门制定并公布的《禁止出口货物目录》中的商品。
5. **受保护野生物种**：列入《国家重点保护野生动物名录》一、二级保护的野生动物及产品，以及列入《濒危野生动物国际贸易公约》附录一、二、三级的动物、动物产品和植物、植物产品。
6. **管制药品与危险化学品**：列入《精神药品管制品种目录》、《麻醉药品管制品种目录》、《中华人民共和国禁止或严格限制的有毒化学品目录》的商品。
7. **海关规定的其他物品**：海关总署确认的其他禁止出口和限制出口的物品。

---

### 三、 业务提示：与“市内免税店”经营品种的区别
需要注意的是，**口岸出境免税店**与**市内免税店**在经营品种管理上有所不同。若你们处室后续涉及市内免税店政策的协调，应注意市内免税店的经营品种有明确的**19大类**限定，具体包括：
> 1.食品、饮料；2.酒；3.纺织品及其制成品；4.皮革服装及配饰；5.箱包及鞋靴；6.表、钟及其配件、附件；7.眼镜（含太阳镜）；8.首饰及珠宝玉石；9.化妆品、洗护用品；10.母婴用品；11.厨卫用具及小家电（不含手机）；12.家用医疗、保健及美容美发器材；13.摄影（像）设备及其配件、附件；14.计算机及其外围设备；15.可穿戴设备等电子消费产品；16.文具用品、玩具、游戏品、节日或其他娱乐用品；17.工艺品；18.乐器；19.运动用品。

在落实**口岸出境免税店",25,1.0,答案明确说明免税商品包括免征关税、进口环节税的进口商品，以及实行退免税进入免税店销售的国产商品，覆盖参考要点。,False
R2-K3-026,simple,我们处室在梳理外商投资建设工程服务企业规定，具体包括哪几类？,关于征求对《外商投资建设工程服务企业管理规定（征求意见稿）意见的函》,《外商投资建设工程服务企业管理规定（征求意见稿）》｜建设工程服务企业包括建设工程监理企业、建设工程招标代理机构、建设工程造价咨询企业三类,"AI综合所有相关权威材料后，参考性解读如下，建议点击角标查看所依据的材料原文。
外商投资建设工程服务企业，根据现行有效的《外商投资建设工程服务企业管理规定》，具体包括以下三类：
建设工程监理
工程招标代理
工程造价咨询1
该规定将外商投资建设工程服务企业界定为在中华人民共和国境内依法设立，并取得相应资质的中外合资经营、中外合作经营及外资建设工程服务企业，其业务范围即涵盖上述三类服务1。",外商投资建设工程服务企业管理规定,1.0,答案明确列出建设工程监理、工程招标代理、工程造价咨询三类，实质覆盖参考要点,False,"根据《外商投资建设工程服务企业管理规定》第三条，外商投资建设工程服务企业具体可以从**企业设立与经营形式**以及所涵盖的**服务业务范围**两个维度来进行分类：

### 1. 按企业设立形式（企业类型）分类
指在我国境内依法设立并取得相应资质的以下三类企业：
*   **中外合资经营建设工程服务企业**
*   **中外合作经营建设工程服务企业**
*   **外资建设工程服务企业**

### 2. 按建设工程服务业务范围分类
该规定中明确的“建设工程服务”具体包括以下三类业务：
*   **建设工程监理**
*   **工程招标代理**
*   **工程造价咨询**",8,1.0,答案明确列出建设工程监理、工程招标代理、工程造价咨询三类，覆盖参考要点核心内容,False
R2-K3-027,simple,我们局里有同志有法律职业资格、想当税务系统公职律师，除了资格还得满足什么条件？,国家税务总局关于在全国税务系统开展公职律师工作的通知,《税务系统公职律师管理办法》(国家税务总局/司法部)｜任职条件：税务机关在职工作人员+律师资格或法律职业资格+税务或法律工作经历累计不少于4年(含试用期)+近二年年度考核称职以上,"AI综合所有相关权威材料后，参考性解读如下，建议点击角标查看所依据的材料原文。
税务系统公职律师的基本任职条件，除了已具备的法律职业资格，还需同时满足以下要求1：
身份要求：必须是税务机关在职工作人员1。
素质要求：具有良好的政治、业务素质和道德品行1。
工作经历：税务或者法律工作经历累计不少于四年（含试用期）1。
年度考核：近二年年度考核结果均为称职以上等次1。
其他条件：国家税务总局、省税务局规定的其他条件1。
特别提示：广东省税务局有权结合实际，对上述工作经历和年度考核条件进行适当调整。其中，工作经历的最低要求可调整为不少于二年1。因此，您所在单位的具体执行标准，建议向广东省税务局或广州市税务局进一步确认。",国家税务总局关于在全国税务系统开展公职律师工作的通知,1.0,答案覆盖了税务机关在职工作人员、税务或法律工作经历累计不少于4年含试用期、近二年年度考核称职以上等核心任职条件。,False,"根据《司法部关于印发〈公职律师管理办法〉的通知》（司发通〔2018〕131号）以及全国税务系统开展公职律师工作的有关规定，您的同志在已经取得**法律职业资格证书（或律师资格证书）**的前提下，想要申请成为税务系统的公职律师，还需要满足并注意以下几个方面的条件和要求：

### 一、 必须满足的基本硬性条件（正面条件）
除了拥有法律职业资格证书外，申请人还须同时具备以下条件：
1. **身份要求：** 必须是税务系统**在编在职**的人员（通常为税务局的公务员或在编人员）。
2. **工作年限与经验：** 
   * **从事法律事务工作二年以上**；
   * *或者* 曾经担任过律师、法官、检察官一年以上。
   * *注：在税务局从事的税收执法、政策法规审核、行政复议与诉讼、合同审查等工作，均可由单位出具证明认定为“从事法律事务工作”。*
3. **政治与品行要求：** 拥护中华人民共和国宪法，品行良好。
4. **单位态度：** **所在税务局（单位）同意**其担任公职律师（需要由本局政治处/人事部门以及法规部门出具同意意见）。

---

### 二、 不能存在的消极条件（负面清单）
申请人如果存在以下任何一种情形，将**不予颁发**公职律师证书：
1. 无民事行为能力或者限制民事行为能力的；
2. 曾被开除公职的；
3. 受过刑事处罚的（过失犯罪除外）；
4. 涉嫌违法违纪正在接受审查、调查，或者涉嫌犯罪正在接受侦查，尚未作出结论的；
5. 因严重违反纪律、规章制度等被撤职、开除、辞退，或者受到党纪处分且尚在处分影响期内的；
6. 受到诫勉、组织处理或者党纪政务处分，影响期（处分期）未满的；
7. 其他不适宜担任公职律师的情形。

---

### 三、 税务系统内的申请流程与渠道
在税务系统内，公职律师采取“分级统筹、同步推进”的管理模式：
1. **内部申报：** 申请人应向所在局的**政策法规部门（或公职律师办公室）**提交申请。未设立公职律师办公室的市、县税务局，由政策法规职能部门代行职责。
2. **单位审核：** 所在局的政策法规部门会同人事（政治处）、纪检监察部门，对申请人的在编在职身份、工作年限、思想品行、有无违纪等情况进行初审并签署意见。
3. **上报审批：** 初审合格后，逐级上报至**省税务局公职律师办公室**。
4. **司法厅发证：** 省税务局汇总符合条件的人员名单后，统一与**省级司法行政机关（司法厅/局）**对接，由司法厅（局）最终审核并颁发《公职律师证书》。

---

### 四、 申请通常需要准备的材料
在正式启动申请时，同志一般需要准备以下材料（具体以当地省司法厅及省税务局当年的通知为准）：
1. 《公职律师申请表》（通常一式三份，需本局盖章）；
2. 申请人的身份证复印件；
3. 法律职业资格证书（或律师资格证书）正、副本复印件；
4. 居民户口簿复印件或户籍证明；
5. 所在税务局出具的**在编在职证明**及**从事法律事务工作年限证明**；
6. 申请人近期蓝底免冠证件照（一般为大一寸）。

---

### 五、 担任公职律师后的执业限制（重要提醒）
请提醒该同志，公职律师在执业中受到严格的行业纪律约束：
* **无偿服务：** 只能在本单位（税务局）职责范围内从事无偿法律服务，**不得从事有偿法律服务**。
* **不得兼职：** **不得在律师事务所等法律服务机构兼职**。
* **执业范围限制：** 不得以律师身份办理本单位（税务局）以外的诉讼或者非诉讼法律事务。
* **年度考核",21,0.0,答案虽提到税务系统在编在职和资格，但将工作经历条件说成法律事务2年/相关经历1年，未覆盖税务或法律工作累计不少于4年，也未明确近二年年度考核称职以上，因此未实质覆盖该要点。,False
R2-K3-029,simple,有单位来咨询申报水体污染治理重大专项，这笔经费的来源都有哪几种渠道，我们核实答复。,关于印发《水体污染控制与治理科技重大专项资金管理实施细则（试行）》的通知,《水体污染控制与治理科技重大专项资金管理实施细则（试行）》(环保部/住建部)｜资金来源坚持多元化：中央财政资金、地方财政资金、单位自筹资金、其他渠道资金,"AI综合所有相关权威材料后，参考性解读如下，建议点击角标查看所依据的材料原文。
水体污染治理重大专项的经费来源渠道
根据相关政策文件，水体污染治理重大专项的经费来源坚持多元化原则，主要包括以下渠道：
中央财政资金：这是水污染防治工作的重要资金来源。
水污染防治资金：中央财政通过此专项资金支持流域水污染治理、水生态保护修复等工作，资金采取切块方式下达，地方可结合实际情况统筹安排6。例如，2021—2022年，中央财政累计下达水污染防治资金454亿元4。
中央预算内投资：通过污染治理和节能减碳、环境保护和生态建设等专项资金，支持符合条件的城镇污水处理设施、水环境综合治理等项目建设38。例如，2022年安排环境保护和生态建设专项资金411亿元3。
城市管网及污水处理补助资金：中央财政曾安排此项资金，用于支持中西部地区城市生活污水处理提质增效工作410。
重大专项财政资金：针对“水体污染控制与治理科技重大专项”，中央财政设有专门的资金渠道14。
地方财政资金：地方政府需安排配套或支持资金，共同投入水体污染治理项目14。
单位自筹资金：项目申报或实施单位需要自行筹措部分资金14。
其他渠道资金：
地方政府专项债券：支持符合条件的城镇污水处理设施项目（包括污水管网项目）发行地方政府专项债券810。
社会资本：通过政府和社会资本合作（PPP）等模式，引导社会资本加大投入1112。
金融机构信贷支持：国家开发银行等金融机构为符合条件的县域、建制镇生活污水处理设施建设项目提供信贷支持，并开辟“绿色通道”，优先安排贷款投放和给予利率优惠79。
污水处理收费：通过完善污水处理收费机制，保障城镇排水与污水处理设施的运行维护费用710。
以上渠道共同构成了水体污染治理重大专项的经费来源体系。在具体申报时，需根据项目性质、所在地域等因素，对照相应资金管理办法和申报指南进行核实。",对政协十三届全国委员会第五次会议第01333号(资源环境类090号)、03963号(资源环境类312号)提案答复的函 | 关于政协第十四届全国委员会第一次会议第2844号（城乡建设类085号）提案答复的函 | 对十四届全国人大一次会议第2550号建议的答复 | 关于政协第十三届全国委员会第五次会议第02429号（城乡建设类068号）提案答复的函 | 对十三届全国人大五次会议第0426号建议的答复 ,1.0,答案明确说明经费来源坚持多元化，并列出中央财政资金、地方财政资金、单位自筹资金及其他渠道资金，覆盖参考要点。,False,"针对单位咨询申报“水体污染控制与治理科技重大专项”（简称“水专项”）的经费来源渠道，您可核实并予以如下答复。

“水专项”作为国家民口科技重大专项之一，其经费筹集和保障采取的是“多元化投入、多渠道筹集体系”。根据《民口科技重大专项资金管理暂行办法》、《水体污染控制与治理科技重大专项资金管理实施细则（试行）》等国家相关规定，水专项项目（课题）的经费来源主要包括以下四个渠道：

### 1. 中央财政资金（中央财政专项资金）
* **渠道性质**：由中央财政（财政部）通过民口科技重大专项资金预算拨付的专项补助资金。
* **使用范围**：主要用于支持重大共性关键技术研发、技术集成、平台建设、政策机制研究、核心技术攻关以及关键研发人员的直接和间接研发费用。
* **拨付方式**：经预算评审并获批复后，由国库集中支付系统直接或通过专业机构逐级拨付至项目（课题）承担单位的银行专户。

### 2. 地方财政资金（地方财政配套资金）
* **渠道性质**：由项目示范工程或示范区所在地省、自治区、直辖市及市、县（区）级地方人民政府财政预算安排的配套补助资金。
* **使用范围**：主要用于保障水专项在地方落地实施的产业示范工程建设、工程设备配套、现场工程条件改造以及地方协调管理等方面的支出。
* **核实要点**：根据相关规定，国家在立项评审时会核实地方配套资金的承诺和落实情况，地方配套到位是中央安排补助资金的重要前提条件之一。

### 3. 承担单位自筹资金（单位自筹资金）
* **渠道性质**：由项目（课题）的承担单位（包括主持单位、协同参与单位）自身筹集并投入的资金。
* **适用主体**：尤其是企业法人单位、转制科研院所等。
* **比例要求**：对于企业牵头申报或主要参与的产业化技术开发课题，国家有明确的“自筹匹配比例要求”（如企业自筹资金与中央财政资金通常有1:1或更高的配套比例），以此强化企业作为技术创新主体的投入责任。
* **主要来源**：包括企业的自有留存资金、股东增资、折旧计提资金等。

### 4. 社会资金、金融贷款及其他渠道资金
* **渠道性质**：指从金融机构获得的政策性或商业性银行贷款，以及通过市场化机制引入的社会资本、国际合作资助资金等。
* **使用范围**：主要针对规模较大的综合治理示范工程。申报单位可结合海绵城市、黑臭水体治理、污水垃圾处理等地方基建规划，通过PPP（政府与社会资本合作）模式、特许经营模式或第三方治理等形式，统筹引入社会资本。

---

### 给咨询单位的管理与合规建议（供答复时参考提示）：

* **专款专用与单独核算**：水专项项目（课题）经费（含中央财政、地方配套和单位自筹）必须实行单独建账、单独核算，确保专款专用，严格按照国家重大专项资金管理实施细则列支。
* **提供资金落实证明**：申报单位在提交预算申报书时，若涉及地方配套资金或单位自筹资金，须同时提交有法律效力的《自筹/配套资金承诺函》。涉及企业自筹的，通常还需提供近期的银行存款证明、资产负债表等，以证明其资金筹措能力。
* **税收处理提醒**：根据《财政部 国家税务总局关于专项用途财政性资金企业所得税处理问题的通知》（财税〔2011〕70号），企业取得的符合条件的专项用途财政性资金可以作为“不征税收入”处理。但需注意，该部分不征税收入用于支出所形成的费用或资产，在计算应纳税所得额时不得扣除或摊销。",25,1.0,答案明确覆盖多元化资金来源，包括中央财政资金、地方财政资金、单位自筹资金和其他渠道资金。,False
R2-K4-005,simple,有企业来咨询揭阳仲裁委收费，一笔30万的合同纠纷申请仲裁、受理费大概怎么算，我按收费分档表帮他看看。,揭阳仲裁委员会仲裁收费办法,《揭阳仲裁委员会仲裁收费办法》｜收费分档表：200001元至500000元的部分按2%+3550元交纳（中后段档）,"AI综合所有相关权威材料后，参考性解读如下，建议点击角标查看所依据的材料原文。
根据《揭阳仲裁委员会仲裁收费办法》的收费分档表，一笔争议金额为30万元的合同纠纷，其仲裁案件受理费的计算方式如下1：
争议金额200001元至500000元的部分，按2%加3550元交纳1。
因此，30万元的受理费为：300,000元 × 2% + 3,550元 = 9,550元。
需要特别提示的是，上述9,550元仅为案件受理费。根据该办法，申请人还需预交案件处理费3：
案件处理费按案件受理费的30%计算，即9,550元 × 30% = 2,865元3。
由于该金额超过了2000元的最低计收标准，因此案件处理费按2,865元计收3。
申请人最终需预交的费用合计为：9,550元（受理费）+ 2,865元（处理费）= 12,415元3。",揭阳仲裁委员会仲裁收费办法,1.0,答案明确覆盖了30万元对应的收费分档：200001元至500000元部分按2%加3550元交纳，并据此计算。,False,"根据《揭阳仲裁委员会仲裁收费办法》及附表的规定，对于争议金额为 **30万元（300,000元）** 的合同纠纷案件，其仲裁费用的具体计算方法和结果如下：

### 一、 案件受理费：9,550 元

根据《揭阳仲裁委员会仲裁案件受理费表》：
30万元属于 **“200001元至500000元的部分”** 这一分档，该档次的收费标准为：**按 2% + 3550元 交纳**。

* **计算公式：** 
  $$\text{案件受理费} = 300,000 \text{元} \times 2\% + 3,550 \text{元} = 6,000 \text{元} + 3,550 \text{元} = 9,550 \text{元}$$

*(注：该速算公式与以下分段累加计算的结果完全一致)*
1. 1000元以下的部分：100元；
2. 1001元至50000元的部分（49000元）：$49,000 \times 5\% = 2,450$ 元；
3. 50001元至100000元的部分（50000元）：$50,000 \times 4\% = 2,000$ 元；
4. 100001元至200000元的部分（100000元）：$100,000 \times 3\% = 3,000$ 元；
5. 200001元至300000元的部分（100000元）：$100,000 \times 2\% = 2,000$ 元；
* **累加总额** = $100 + 2,450 + 2,000 + 3,000 + 2,000 = 9,550$ 元。

---

### 二、 案件处理费：2,865 元

根据《揭阳仲裁委员会仲裁收费办法》第五条规定：
仲裁案件的处理费包括部分特定项目（如复制、送达、交通食宿等），按**案件受理费的 30%** 计算；若不足 2,000 元的，按 2,000 元计收。案件处理费需与案件受理费由申请人一并向本会预交。

* **计算公式：**
  $$\text{案件处理费} = 9,550 \text{元} \times 30\% = 2,865 \text{元}$$
  *(因 2,865 元已超过 2,000 元的起步标准，故按实际计算的 2,865 元收取)*

---

### 三、 申请预交总费用：12,415 元

当事人向揭阳仲裁委员会申请仲裁时，需要一并预交的案件受理费与处理费合计为：
$$\text{合计预交费用} = 9,550 \text{元（受理费）} + 2,865 \text{元（处理费）} = 12,415 \text{元}$$",12,1.0,答案明确指出30万元属于200001元至500000元档，并按2%+3550元计算，覆盖参考要点。,False
R2-K4-007,simple,我们在审核揭阳一个楼盘的容积率，屋顶上的楼梯间、电梯机房这些辅助用房，最多占屋顶面积多少可以不计入容积率？,揭阳市自然资源局关于印发《揭阳市建筑工程容积率计算办法》的通知,《揭阳市建筑工程容积率计算办法》｜第四条：建筑物屋顶楼梯间/电梯机房/风机房等辅助用房建筑面积累计不大于屋顶面积25％，超出部分计入容积率建筑面积,"AI综合所有相关权威材料后，参考性解读如下，建议点击角标查看所依据的材料原文。
在揭阳市，建筑物屋顶的楼梯间、电梯机房等辅助用房，其建筑面积累计不大于屋顶面积的25%时，该部分不计入容积率；若超出25%，则超出部分需按其建筑面积计入容积率1。",揭阳市自然资源局关于印发《揭阳市建筑工程容积率计算办法》的通知,1.0,答案明确说明屋顶楼梯间、电梯机房等辅助用房累计不大于屋顶面积25%不计入容积率，超出部分计入，覆盖参考要点。,False,"根据《揭阳市建筑工程容积率计算办法》第四条第（一）款规定：

在计算建筑工程容积率时，建筑物屋顶的楼梯间、电梯机房、风机房、水箱间、消防水池、人防报警间及设备设施房等辅助用房，其**建筑面积累计不大于屋顶面积的25%**时，可以不计入容积率建筑面积。

如果上述辅助用房的累计建筑面积**超出25%**，则**超出部分**将按其建筑面积计入计算容积率建筑面积。",2,1.0,答案明确说明屋顶楼梯间、电梯机房等辅助用房累计不大于屋顶面积25%可不计容积率，且超出部分计入，完整覆盖参考要点,False
R2-K4-009,simple,揭阳市重大动物疫病疫情处置考评中，无疫情、病畜占比和扑杀率分别按什么规则记分或扣分？,印发揭阳市防控重大动物疫病工作量化考评办法的通知,印发揭阳市防控重大动物疫病工作量化考评办法的通知 | 疫情处置 20 记10分 1、查阅文件、凭证。 2、无疫情发生的县（市、区），记20分。 3、W病畜数控制在全市病畜数的5%以内的，记10分；在6%-10%的，扣2分；依次类推，之后每增加5个百分点扣2分，扣完10分为止。 4、扑杀率达到100%且扑杀率每下降10个百分点为扣1分，扣完10分为止。,"AI综合所有相关权威材料后，参考性解读如下，建议点击角标查看所依据的材料原文。
根据《印发揭阳市防控重大动物疫病工作量化考评办法的通知》（2006年6月6日发布），在揭阳市重大动物疫病疫情处置考评（该项总分为20分）中，关于无疫情、病畜占比和扑杀率的记分与扣分规则如下101：
无疫情：无疫情发生的县（市、区），直接记20分101。
病畜占比：此项单独占10分。W病畜数控制在全市病畜数的5% 以内的，记10分；在6%-10%的，扣2分；之后每增加5个百分点扣2分，扣完10分为止101。
扑杀率：此项单独占10分。扑杀率达到100%且扑杀率每下降10个百分点扣1分，扣完10分为止101。
重要提示：上述规则依据2006年的市级文件，距今时间较久，政策可能存在更新或废止，具体执行请以相关部门最新解释为准。",印发揭阳市防控重大动物疫病工作量化考评办法的通知,0.8333333333,答案覆盖了无疫情记20分、病畜占比5%以内记10分、6%-10%扣2分、每增5个百分点扣2分至扣完、扑杀率100%及每下降10个百分点扣1分至扣完等规则；未覆盖查阅文件、凭证等考评依据要点。,False,"根据《揭阳市防控重大动物疫病工作量化考评办法》附件中的《揭阳市防控重大动物疫病工作量化考评表》，“疫情处置”项目的总分为 **20分**，针对无疫情、病畜占比和扑杀率的具体记分与扣分规则如下：

### 1. 无疫情
* **记分规则**：若考评的县（市、区）在考核年度内**无疫情发生**，直接记满分 **20分**。

---

### 2. 病畜占比（病畜数控制情况，满分 10分）
若发生了疫情，则按以下规则考核该辖区内的病畜数占全市病畜总数的比例：
* **控制在 5% 以内**：记满分 **10分**；
* **占比在 6% ～ 10%**：扣 **2分**（记 8分）；
* **扣分递增规则**：依此类推，占比每增加 **5个百分点**，扣 **2分**，扣完10分为止。

---

### 3. 扑杀率（对发生疫病的病畜及同群畜的扑杀，满分 10分）
* **记分规则**：扑杀率达到 **100%** 的，记满分 **10分**；
* **扣分规则**：扑杀率每下降 **10个百分点**，扣 **1分**，扣完10分为止。",8,1.0,答案覆盖疫情处置总分、无疫情记20分、病畜占比5%内记10分、6%-10%扣2分、每增5个百分点扣2分以及扑杀率100%和每降10个百分点扣1分等规则。,False
R2-K4-010,simple,我们在组织城建档案馆目标管理考评，特大城市的馆高级职称人员至少要配几个？,建设部关于修改《城建档案馆目标管理考评内容和评分标准》的通知,《建设部关于修改〈城建档案馆目标管理考评内容和评分标准〉的通知》｜评分标准3.3：具有高级职称的，特大城市不少于3人、大城市不少于2人、中等城市不少于1人,"AI综合所有相关权威材料后，参考性解读如下，建议点击角标查看所依据的材料原文。
根据《城建档案馆目标管理考评内容和评分标准》，在管理体制考核项目中，对于具有高级职称的人员数量有明确要求：特大城市不少于3人，大城市不少于2人，中等城市不少于1人1。
因此，在组织城建档案馆目标管理考评时，特大城市的高级职称人员至少需要配备3人。",建设部关于修改《城建档案馆目标管理考评内容和评分标准》的通知,1.0,答案明确指出特大城市高级职称人员不少于3人，并同时覆盖大城市、中等城市要求，符合参考要点。,False,"根据建设部印发的《城建档案馆目标管理考评内容和评分标准》（2001年修改版），在“管理体制”中的“档案干部队伍建设”评分项中，对不同规模城市的城建档案馆高级职称人员配置作出了明确规定：

* **特大城市**的城建档案馆：具有高级职称的人员**至少要配 3 人**（即不少于3人）。
* **大城市**：不少于 2 人。
* **中等城市**：不少于 1 人。

---

### 💡 延伸参考（该项考评中关于人员配置的其他硬性指标）：
为了便于您更好地组织此次目标管理考评工作，以下为您整理了该考评标准中关于**“档案干部队伍建设”**的其他具体考核指标和评分依据：

1. **职称与技术人员比例要求**：
   * 具有**中级以上职称**的职工，应占职工总数的 **30%以上**。
   * **工程技术人员**，应占职工总数的 **30%以上**。
2. **馆长及领导班子要求**：
   * 馆长必须具有**中级以上职称**。
   * 馆（处）领导班子配备需符合干部“四化”要求。
3. **文化程度要求**：
   * 档案馆工作人员文化程度需**全部达到高中以上**。
   * 其中，**大专以上**学历的人员至少占 **50%**。
4. **专业培训要求**：
   * **100%** 的专业人员需受过**市级以上**专业培训，并系统学习过城建专业或档案专业理论。
   * 至少有 **10%** 的专业人员受过**部级**城建档案工作培训。",8,1.0,答案明确给出评分标准中高级职称人员配置：特大城市不少于3人，并补充大城市、中等城市要求，覆盖参考要点。,False
R2-K4-011,simple,揭阳市食品安全监管事权表中，市商务局在产品追溯、商务诚信、冷链物流和专项整治方面分别承担什么职责？,揭阳市人民政府办公室关于印发《揭阳市有关部门食品安全监管事权清单》的通知,揭阳市人民政府办公室关于印发《揭阳市有关部门食品安全监管事权清单》的通知 | 16 市商务局 1.负责推动全市重要产品溯源公共服务平台工程建设，会同有关部门牵头建设肉类、蔬菜等食用农产品追溯体系。 2.负责全市商务诚信体系建设，建立食品流通领域企业诚信标准评价体系，指导和组织开展食品流通领域企业信用评级工作。 3.会同相关部门推进农产品冷链物流发展，完善基础设施，提升冷链信息化水平。4.配合相关部门开展食品安全专项整治工作。,"AI综合所有相关权威材料后，参考性解读如下，建议点击角标查看所依据的材料原文。
根据您的问题，现依据《揭阳市有关部门食品安全监管事权清单》101，将市商务局在产品追溯、商务诚信、冷链物流和专项整治四个方面的具体职责梳理如下：
产品追溯
- 负责推动全市重要产品溯源公共服务平台工程建设101。 - 会同有关部门牵头建设 肉类、蔬菜等食用农产品追溯体系101。商务诚信
- 负责全市商务诚信体系建设101。 - 建立 食品流通领域企业诚信标准评价体系101。 - 指导和组织开展 食品流通领域企业信用评级工作101。冷链物流
- 会同相关部门推进农产品冷链物流发展，完善基础设施，提升冷链信息化水平101。专项整治
- 配合相关部门开展 食品安全专项整治工作101。以上职责划分均源自《揭阳市人民政府办公室关于印发〈揭阳市有关部门食品安全监管事权清单〉的通知》（2020年1月16日发布）101。",揭阳市人民政府办公室关于印发《揭阳市有关部门食品安全监管事权清单》的通知,1.0,答案完整覆盖产品追溯、商务诚信、冷链物流和专项整治四项职责，表述与参考要点一致。,False,"根据《揭阳市人民政府办公室关于印发〈揭阳市有关部门食品安全监管事权清单〉的通知》（揭府办函〔2020〕5号），揭阳市商务局在**产品追溯、商务诚信、冷链物流**和**专项整治**方面承担的具体职责如下：

1. **产品追溯职责**
   * 负责推动全市重要产品溯源公共服务平台工程建设，会同有关部门牵头建设肉类、蔬菜等食用农产品追溯体系。
2. **商务诚信职责**
   * 负责全市商务诚信体系建设，建立食品流通领域企业诚信标准评价体系，指导和组织开展食品流通领域企业信用评级工作。
3. **冷链物流职责**
   * 会同相关部门推进农产品冷链物流发展，完善基础设施，提升冷链信息化水平。
4. **专项整治职责**
   * 配合相关部门开展食品安全专项整治工作。",18,1.0,答案逐项覆盖了市商务局在产品追溯、商务诚信、冷链物流和专项整治方面的全部参考职责，表述与参考要点一致。,False
R2-K4-012,simple,我们在做揭阳水库移民扶持基金绩效自评，时效指标这一项满分是多少？,揭阳市2022年度中央水库移民扶持基金绩效自评报告,"《揭阳市2022年度中央水库移民扶持基金绩效自评报告》｜绩效指标表：时效指标满分16分（中后段指标项，靠""指标类别-满分-得分""表头定位）","AI综合所有相关权威材料后，参考性解读如下，建议点击角标查看所依据的材料原文。
根据您提供的《揭阳市2022年度中央水库移民扶持基金绩效自评报告》，在产出指标下的时效指标中，其满分分值为16分1。
该报告显示，时效指标满分16分，实际得分12.28分。其具体评分构成包括：直补资金按时发放率、截至2022年底项目资金完成率以及截至2022年3月底项目资金完成率等1。
检索材料不足以完整回复，以上仅供参考。",揭阳市2022年度中央水库移民扶持基金绩效自评报告,1.0,答案明确指出时效指标满分为16分，覆盖参考要点核心内容。,False,根据《揭阳市2022年度中央水库移民扶持基金绩效自评报告》，在绩效指标完成情况分析中，**时效指标**这一项的满分是 **16分**。,1,1.0,答案明确指出时效指标满分为16分，覆盖参考要点。,False
R2-K4-014,simple,有群众来咨询韶关风度书房解放路分馆的具体地址，我查一下分馆地址表答复他。,韶关市图书馆2025年风度书房设备、网络系统维护保养项目需求书,"《韶关市图书馆2025年风度书房设备、网络系统维护保养项目需求书》｜分馆地址表：解放路分馆位于解放路73号（中后段，靠""序号-分馆-地址""表头定位）","AI综合所有相关权威材料后，参考性解读如下，建议点击角标查看所依据的材料原文。
根据检索材料，韶关风度书房解放路分馆的地址为：解放路73号1。",韶关市图书馆2025年风度书房设备、网络系统维护保养项目需求书,1.0,答案明确给出解放路分馆地址为解放路73号，实质覆盖参考要点；末尾的“1”应为引用标号，不影响判断。,False,根据《韶关市图书馆2025年风度书房设备、网络系统维护保养项目需求书》中的维保书房清单，韶关风度书房解放路分馆的具体地址为：**解放路73号**。,1,1.0,答案明确给出解放路分馆地址为解放路73号，覆盖参考要点核心内容。,False
R2-K5-001,simple,税务版本核验发现进一步明确服务贸易等项目对外支付提交税务证明已退出适用；其注释列出的废止依据是什么？,国家外汇管理局 国家税务总局关于进一步明确服务贸易等项目对外支付提交税务证明有关问题的通知,国家外汇管理局 国家税务总局关于进一步明确服务贸易等项目对外支付提交税务证明有关问题的通知 | 全文废止；参见：《国家税务总局 国家外汇管理局关于服务贸易等项目对外支付税务备案有关问题的公告》（国家税务总局 国家外汇管理局公告2013年第40号）,"AI综合所有相关权威材料后，参考性解读如下，建议点击角标查看所依据的材料原文。
根据检索材料，服务贸易等项目对外支付提交税务证明的废止依据如下：
直接废止文件：《国家外汇管理局 国家税务总局关于进一步明确服务贸易等项目对外支付提交税务证明有关问题的通知》（汇发〔2009〕52号）已被《国家税务总局 国家外汇管理局关于服务贸易等项目对外支付税务备案有关问题的公告》第十二条明确废止，该公告自2021年6月29日起施行2。
相关废止背景：该公告的注释同时指出，其第一条第二款、第二条第二款、第五条、第六条、第七条、第八条、第十条和附件2也于2021年6月29日起废止，进一步明确了服务贸易等项目对外支付税务备案制度的调整1。
检索材料不足以完整回复，以上仅供参考。",国家税务总局 国家外汇管理局关于服务贸易等项目对外支付税务备案有关问题的公告,1.0,答案说明该文件被明确废止，实质覆盖“全文废止”；并列出对应的《国家税务总局 国家外汇管理局关于服务贸易等项目对外支付税务备案有关问题的公告》，虽未写明2013年第40号但核心依据已覆盖。,False,"在您提到的税务版本核验（或法规库库本核验）中，关于《国家外汇管理局 国家税务总局关于进一步明确服务贸易等项目对外支付提交税务证明有关问题的通知》（文号：**汇发〔2009〕52号**），该文件因“已退出适用”而被标注为“全文废止”。

其注释中列出的废止依据为：
**《国家税务总局 国家外汇管理局关于服务贸易等项目对外支付税务备案有关问题的公告》（国家税务总局 国家外汇管理局公告2013年第40号）**

**具体废止条款：**
该2013年第40号公告的第十二条中明确规定，自2013年9月1日起施行新规，同时废止了包括《国家外汇管理局 国家税务总局关于进一步明确服务贸易等项目对外支付提交税务证明有关问题的通知》（汇发〔2009〕52号）在内的多部关于对外支付提交税务证明的相关文件。",4,1.0,答案明确提到全文废止，并准确列出参考公告2013年第40号作为废止依据。,False
R2-K5-002,simple,清理长期来华定居专家免征车辆购置税的历史税收口径时，哪份后续文件终止了该旧规的效力，具体从哪一天执行？,国家税务总局关于长期来华定居专家免征车辆购置税有关问题的公告,国家税务总局关于长期来华定居专家免征车辆购置税有关问题的公告 | 根据《国家税务总局关于公布全文和部分条款失效废止的税务规范性文件目录的公告》（国家税务总局公告2023年第8号），自2023年5月26日起，第一段废止,"AI综合所有相关权威材料后，参考性解读如下，建议点击角标查看所依据的材料原文。
根据检索到的政策文件，终止“长期来华定居专家免征车辆购置税”旧规（即2018年发布的《国家税务总局关于长期来华定居专家免征车辆购置税有关问题的公告》）效力的后续文件是《国家税务总局关于公布全文和部分条款失效废止的税务规范性文件目录的公告》（国家税务总局公告2023年第8号）2。
该废止决定的具体执行日期为2023年5月26日2。",国家税务总局关于长期来华定居专家免征车辆购置税有关问题的公告,1.0,答案明确指出后续文件为国家税务总局公告2023年第8号，并给出执行日期为2023年5月26日，覆盖核心要点。,False,"在清理“长期来华定居专家免征车辆购置税”的历史税收口径时，终止旧规效力的后续文件及具体执行时间如下：

### 1. 后续终止效力的文件
终止该旧规（即《国家税务总局关于长期来华定居专家免征车辆购置税有关问题的公告》）部分条款效力的后续文件为：
* **《国家税务总局关于公布全文和部分条款失效废止的税务规范性文件目录的公告》（国家税务总局公告2023年第8号）**。

### 2. 具体执行时间
该决定自 **2023年5月26日** 起执行。

---

### 背景补充：
根据上述2023年第8号公告，自2023年5月26日起，原《国家税务总局关于长期来华定居专家免征车辆购置税有关问题的公告》中的**第一段被声明废止**。这一清理举措进一步规范并明确了长期来华定居专家免征车辆购置税在后续税收法治建设及新税制下的执行口径。",10,1.0,答案明确指出终止文件为国家税务总局公告2023年第8号，执行日期为2023年5月26日，并提到第一段废止，完整覆盖参考要点。,False
R2-K5-003,simple,我们在核实一个卫生防疫站调拨生物制品和药械的增值税征收率，以前按小规模商业4%，现行按多少？,国家税务总局关于修改若干增值税规范性文件引用法规规章条款依据的通知,"《国家税务总局关于修改若干增值税规范性文件引用法规规章条款依据的通知》｜注释载明：卫生防疫站调拨生物制品及药械的征收率由""小规模商业企业4%""修改为""小规模纳税人3%""","AI综合所有相关权威材料后，参考性解读如下，建议点击角标查看所依据的材料原文。
根据检索材料，关于卫生防疫站调拨生物制品和药械的增值税征收率，现行规定如下：
卫生防疫站调拨生物制品和药械，属于销售货物行为，应当按照现行税收法规的规定征收增值税2。
根据《中华人民共和国增值税暂行条例实施细则》第二十九条及有关规定，对卫生防疫站调拨生物制品和药械，可按照小规模纳税人3%的增值税征收率征收增值税2。
对卫生防疫站调拨或发放的由政府财政负担的免费防疫苗不征收增值税2。",国家税务总局关于卫生防疫站调拨生物制品及药械征收增值税的批复,1.0,答案明确说明现行可按小规模纳税人3%的增值税征收率征收，实质覆盖了由原小规模商业企业4%调整为小规模纳税人3%的核心要点。,False,"根据《国家税务总局关于卫生防疫站调拨生物制品及药械征收增值税的批复》（及《国家税务总局关于修改若干增值税规范性文件引用法规规章条款依据的通知》的修改注释）：

目前，对卫生防疫站调拨生物制品和药械，可按照**小规模纳税人3%的增值税征收率**征收增值税。

此外，对于卫生防疫站调拨或发放的由政府财政负担的免费防疫苗，不征收增值税。",3,1.0,答案明确说明由小规模商业企业4%改为小规模纳税人3%，覆盖参考要点。,False
R2-K5-011,simple,我们在清理老档案，看到《私营企业所得税暂行条例施行细则》，现行私营企业还按这个缴所得税吗？,中华人民共和国私营企业所得税暂行条例施行细则,《中华人民共和国私营企业所得税暂行条例施行细则》｜注释载明：全文已废止（依财法字[1997]44号、财法字[1994]3号）→ 现行不适用，按现行企业所得税法,"AI综合所有相关权威材料后，参考性解读如下，建议点击角标查看所依据的材料原文。
《中华人民共和国私营企业所得税暂行条例施行细则》已失效，现行私营企业不按该文件缴纳所得税。
文件已失效：您提到的《中华人民共和国私营企业所得税暂行条例施行细则》（财税〔1988〕257号）已于1988年失效2。其上位法《中华人民共和国私营企业所得税暂行条例》（国务院令第5号）也已于1994年失效1。
现行法律依据：目前，企业所得税的征收依据是新企业所得税法及其实施条例。该法律体系统一了内外资企业所得税，改变了以往按企业所有制性质（如私营企业）分别立法的做法，所有企业均适用同一套税法4。
申报表更新：最新的企业所得税年度纳税申报表适用于2024年度及以后年度的汇算清缴3。",中华人民共和国私营企业所得税暂行条例施行细则 | 中华人民共和国私营企业所得税暂行条例 | 国家税务总局关于印发《新企业所得税法精神宣传提纲》的通知 | 关于《国家税务总局关于优化企业所得税年度纳税申报表的公告》的解读,1.0,答复明确指出该细则已失效、现行私营企业不再按其缴纳所得税，并说明现行依据是企业所得税法，覆盖了参考要点核心。,False,"现行私营企业**不再**按照《私营企业所得税暂行条例施行细则》缴纳所得税。

具体废止依据如下：
1. **细则已全文废止**：依据《中华人民共和国企业所得税暂行条例实施细则》（财法字〔1994〕3号）以及《财政部关于公布废止和失效的财政规章目录（第六批）的通知》（财法字〔1997〕44号），《中华人民共和国私营企业所得税暂行条例施行细则》已被全文废止。
2. **配套暂行条例也已废止**：与该细则配套的《中华人民共和国私营企业所得税暂行条例》，已依据《中华人民共和国企业所得税暂行条例》（国务院令第137号），自1994年1月1日起全文废止。",2,1.0,答案明确说明该施行细则已全文废止，现行私营企业不再按其缴纳所得税，并给出废止依据，实质覆盖现行不适用的核心要点。,False
R2-K5-013,simple,法规科在核对《国营企业所得税条例》的老实施细则，现在还有效吗？,中华人民共和国国营企业所得税条例（草案）实施细则,《中华人民共和国国营企业所得税条例（草案）实施细则》｜注释载明：全文已废止（财法字[1997]44号）→ 现行不适用,"AI综合所有相关权威材料后，参考性解读如下，建议点击角标查看所依据的材料原文。
《中华人民共和国国营企业所得税条例（草案）实施细则》已失效1。
该细则于1984年10月18日发布，文号为[84]财政65号，其失效年份为1994年1。
随着1994年税制改革，该条例及其实施细则已被新的企业所得税制度所替代。目前有效的企业所得税实施条例为《中华人民共和国企业所得税法实施条例》（国务院令第512号），该条例自2008年1月1日起施行，并历经2019年、2024年两次修订23。",中华人民共和国国营企业所得税条例（草案）实施细则 | 中华人民共和国企业所得税法实施条例,1.0,答案明确说明该实施细则已失效、现行不适用，覆盖核心要点；虽未提及财法字[1997]44号但不影响实质覆盖。,False,"直接给予您和贵司法规科明确的结论：**《国营企业所得税条例》及其老实施细则现在已经完全失效（全文废止），不再具有法律效力**。

贵司法规科在核对时，可以参考以下具体的废止历史和现行适用法规：

### 一、 老条例及老实施细则的废止历史

1. **老实施细则的废止**
   * 您提到的“老实施细则”官方全称为**《中华人民共和国国营企业所得税条例（草案）实施细则》**（财政部于1984年10月18日发布）。
   * 该细则已经通过以下两项规定**全文废止**：
     * **第一次废止（制度替代）**：1994年1月1日，财政部发布并实施了《中华人民共和国企业所得税暂行条例实施细则》（财法字〔1994〕3号），在条文中明确**废止**了1984年的老实施细则。
     * **第二次废止（清理宣布）**：1997年，财政部发布了《财政部关于公布废止和失效的财政规章目录（第六批）的通知》（财法字〔1997〕44号），再次在官方清理目录中明确宣布该细则**全文废止**。

2. **老条例（母法）的废止**
   * 与之配套的母法**《中华人民共和国国营企业所得税条例（草案）》**（国务院1984年9月18日发布）也早已于**1994年1月1日正式废止**。
   * 废止依据是国务院1993年12月13日发布的《中华人民共和国企业所得税暂行条例》，该条例自1994年1月1日起施行，其最后一条（第二十一条）明确规定，1984年发布的国营企业所得税条例（草案）同时废止。

---

### 二、 现行有效的企业所得税法律法规

我国在1994年将国营企业、集体企业和私营企业所得税合并为“企业所得税”；此后，又在2008年实现了内资企业和外商投资企业所得税的合并。

目前，我国**现行有效**的所得税法律依据为：
1. **《中华人民共和国企业所得税法》**（2007年通过，2008年1月1日起施行，并于2017年、2018年进行了修正）。
2. **《中华人民共和国企业所得税法实施条例》**（2007年国务院令第512号公布，2008年1月1日起施行，并于2019年进行了修改） [2c5a6586bd9e7c51237b03ed47803890]。

---

### 三、 给法规科的合规建议

1. **切勿在当前业务中引用老条例及细则**：老细则中规定的“大中型国营企业适用55%的固定税率”、“小型企业适用八级超额累进税率”等纳税标准，与现代税法体系完全脱节。若在当前的合同合规审查、历史遗留问题处理或关联交易核算中引用这些老条款，将面临重大的税务和法律合规风险。
2. **适用现行税法**：目前不论是国有企业、民营企业还是外资企业，均统一适用现行的《中华人民共和国企业所得税法》，法定税率为 **25%**（符合条件的小微企业、高新技术企业等享受相应国家法定优惠税率）。
3. **历史遗留问题追溯**：如果法规科是在处理涉及20世纪80年代至90年代初期的极少数历史遗留产权纠纷、老税款清算等特定追溯性法律实务，应注意适用“**实体从旧、程序从新**”的原则。但在绝大多数情况下，这些三十年前的法规早已不再作为现行行政和民事法律行为的判定依据。",7,1.0,答案明确说明老实施细则已由财法字〔1997〕44号全文废止，且现行不再适用，覆盖参考要点。,False
R2-K5-015,simple,维护税收征收管理法法规版本时，注释记录了哪几次修订或修正，各自日期是什么？,中华人民共和国税收征收管理法,中华人民共和国税收征收管理法 | 1992年9月4日第七届全国人民代表大会常务委员会第二十七次会议通过 根据1995年2月28日第八届全国人民代表大会常务委员会第十二次会议《全国人民代表大会常务委员会关于修改〈中华人民共和国税收征收管理法〉的决定》第一次修正 根据2001年4月28日第九届全国人民代表大会常务委员会第二十一次会议修订 根据2013年6月29日第十二届全国人民代表大会常务委员会第三次会议《全国人民代表大会常务委员会关于修改〈中华人民共和国文物保护法〉等十二部法律的决定》第二次修正 根据2015年4月24日第十二届全国人民代表大会常务委员会第十四次会议《全国人民代表大会常务委员会关于修改等七部法律的决定》第三次修正,"AI综合所有相关权威材料后，参考性解读如下，建议点击角标查看所依据的材料原文。
《中华人民共和国税收征收管理法》注释记录的修订或修正情况如下2：
1992年9月4日：第七届全国人民代表大会常务委员会第二十七次会议通过
1995年2月28日：根据第八届全国人民代表大会常务委员会第十二次会议《全国人民代表大会常务委员会关于修改〈中华人民共和国税收征收管理法〉的决定》第一次修正
2001年4月28日：根据第九届全国人民代表大会常务委员会第二十一次会议修订
2013年6月29日：根据第十二届全国人民代表大会常务委员会第三次会议《全国人民代表大会常务委员会关于修改〈中华人民共和国文物保护法〉等十二部法律的决定》第二次修正
2015年4月24日：根据第十二届全国人民代表大会常务委员会第十四次会议《全国人民代表大会常务委员会关于修改等七部法律的决定》第三次修正",中华人民共和国税收征收管理法,1.0,答案完整列出了参考要点中的通过、第一次修正、修订、第二次修正、第三次修正及对应日期，核心内容均覆盖。,False,"根据国家税务总局相关法规库中《中华人民共和国税收征收管理法》的注释记录，该法自1992年通过以来，共经历了一次**修订**和三次**修正**。

具体的修订与修正记录及各自日期如下：

1. **通过（施行起点）**：
   * **日期**：1992年9月4日
   * **会议**：第七届全国人民代表大会常务委员会第二十七次会议通过。

2. **第一次修正**：
   * **日期**：1995年2月28日
   * **决议**：第八届全国人民代表大会常务委员会第十二次会议通过《全国人民代表大会常务委员会关于修改〈中华人民共和国税收征收管理法〉的决定》。

3. **修订（全面修订）**：
   * **日期**：2001年4月28日
   * **会议**：第九届全国人民代表大会常务委员会第二十一次会议修订。

4. **第二次修正**：
   * **日期**：2013年6月29日
   * **决议**：第十二届全国人民代表大会常务委员会第三次会议通过《全国人民代表大会常务委员会关于修改〈中华人民共和国文物保护法〉等十二部法律的决定》。

5. **第三次修正**：
   * **日期**：2015年4月24日
   * **决议**：第十二届全国人民代表大会常务委员会第十四次会议通过《全国人民代表大会常务委员会关于修改〈中华人民共和国证券法〉等七部法律的决定》。",7,1.0,答案完整覆盖参考要点中的通过日期、第一次修正、2001年修订、第二次修正和第三次修正及对应日期。,False
R2-K5-024,simple,有纳税人来咨询普通发票管理那个老通知，听说改过，问现在按哪版，我们核实一下。,国家税务总局关于进一步加强普通发票管理工作的通知,"《国家税务总局关于进一步加强普通发票管理工作的通知》｜注释载明：2024年第15号公告对第二条第三/四项、第三条等作了修改（如""骗购""改""骗领""、""审批""改""确认""）→ 现行按2024修改版","AI综合所有相关权威材料后，参考性解读如下，建议点击角标查看所依据的材料原文。
根据您提供的信息，您咨询的“普通发票管理那个老通知”应指《国家税务总局关于进一步加强普通发票管理工作的通知》。该通知确实进行过修订，当前应适用2024年12月27日发布的版本1。
版本沿革：该通知存在两个版本，分别为2008年由国家税务总局发布的版本，以及2024年由国家税务总局发布的修订版本1。
当前有效版本：根据修订说明，2024年12月27日发布的《国家税务总局关于进一步加强普通发票管理工作的通知》为最新版本，自该日起生效1。
主要修订内容：2024年的修订版对原通知部分条款的表述进行了更新，例如：将“主管税务机关要及时审批”修改为“主管税务机关要及时确认”2。
将“严格发票发售，防止发生骗购”修改为“严格发票发放，防止发生骗领”2。
将“骗购发票”修改为“骗领发票”2。
对发票初始核定的流程和要求进行了重新表述，强调要分行业、分项目、分规模进行调查测算，并以此为依据进行核对和确认23。
对验旧领新制度进行了细化，明确了税控收款机开票和手工开票等不同情形下的验旧要求4。",国家税务总局关于进一步加强普通发票管理工作的通知,1.0,答案明确指出现行适用2024年12月27日修订版，并列举了“骗购”改“骗领”、“审批”改“确认”等修改内容，覆盖参考要点。,False,"针对纳税人咨询的关于“普通发票管理”相关的旧通知/公告，由于可能涉及多个不同的政策文件，以下为您梳理了相关旧通知的修改情况和目前适用的最新版本状态，供您进行核实核对：

### 1. 《国家税务总局关于增值税普通发票管理有关事项的公告》（国家税务总局公告2017年第44号）
* **修改情况**：根据《国家税务总局关于修改部分税收规范性文件的公告》（国家税务总局公告2018年第31号），将该公告第二条第（一）项和第（三）项中的“国税机关”修改为了“税务机关”。
* **现行效力**：目前应按照 **2018年修改后的版本** 施行。

### 2. 《国家税务总局关于普通发票行政审批取消和调整后有关税收管理问题的通知》
* **修改情况**：根据《国家税务总局关于公布修改和失效废止的部分税务规范性文件目录的公告》（国家税务总局公告2024年第15号），自2024年12月27日起，该通知作了如下修改：
  1. **第一条**修改为：“普通发票领用审核问题 普通发票领用行政审批事项取消后，纳税人领用普通发票的审核将作为税务机关一项日常发票管理工作。纳税人办理了税务登记后，即具有领用普通发票的资格，不需办理行政审批事项。纳税人可根据经营需要向主管税务机关提出领用普通发票申请。主管税务机关接到申请后，应根据纳税人生产经营等情况，确认纳税人使用发票的种类、联次、版面金额，以及领票数量。确认期限为 5 个工作日，确认完毕，通知纳税人办理领用发票事宜。”
  2. **第四条**中的“按一般普通发票领购手续办理”修改为“按一般普通发票领用手续办理”。
* **现行效力**：目前应按照 **2024年12月27日修改后的版本** 施行。

### 3. 《国家税务总局关于明确普通发票分类代码中年份代码含义的通知》
* **修改情况**：根据《国家税务总局关于修改部分税收规范性文件的公告》（国家税务总局公告2018年第31号）进行了修改，将第二条和第三条中的相关主体表述修改为“各省、自治区、直辖市和计划单列市税务局”。
* **现行效力**：目前应按照 **2018年修改后的版本** 施行。

### 4. 《国家税务总局关于普通发票真伪鉴定问题的通知》
* **修改情况**：根据《国家税务总局关于公布修改和失效废止的部分税务规范性文件目录的公告》（国家税务总局公告2024年第15号），自2024年12月27日起，将正文中引用的《中华人民共和国发票管理办法实施细则》第34条，修改为了“第三十八条”。
* **现行效力**：目前应按照 **2024年12月27日修改后的版本** 施行。

---

### ⚠️ 以下为已废止的“普通发票管理”相关旧通知（不再适用）：

* **《国家税务总局关于加强防伪税控一机多票系统开具增值税普通发票管理有关问题的通知》**：
  * 根据国家税务总局公告2024年第15号规定，自 **2024年12月27日起，全文废止**。
* **《国家税务总局关于启用增值税普通发票有关问题的通知》**：
  * 根据国家税务总局公告2023年第8号规定，自 **2023年5月26日起，全文废止**。
* **《国家税务总局关于加强增值税一般纳税人开具普通发票管理，实施“一机多票”制有关问题的通知》**：
  * 根据国家税务总局令第59号规定，自 **2025年3月24日起，全文废止**。

您可根据纳税人咨询的具体业务场景（如：发票领用审核、代码含义、真伪鉴定或是印制冠名发票等），对照上述最新有效的版本或废止状态为其进行解答。",13,1.0,答案明确提到依据2024年第15号公告修改，现行按2024年12月27日修改后的版本施行，覆盖了核心结论；但具体修改条款和“骗购”改“骗领”等细节未完全对应。,False
R2-K6-004,simple,整理广州海珠区2009年财政情况，那年一般预算收入是多少？,海珠区2009年预算执行情况和2010年预算草案的报告,《海珠区2009年预算执行情况和2010年预算草案的报告》(2010-03-16)｜2009年财政一般预算收入完成273658万元，同比增长12.0%,"AI综合所有相关权威材料后，参考性解读如下，建议点击角标查看所依据的材料原文。
2009年一般预算收入完成额：273,658万元，完成年度计划的113.8%，超收33,122万元1。
收入增长情况：剔除2008年一次性收入因素后，同比增收52,983万元，增长24.0%；比2008年全年实绩收入增收29,301万元，增长12.0%1。
收入构成：国税部门入库收入39,694万元，完成年度计划的100.1%1。
地税部门入库收入172,426万元，完成年度计划的106.4%1。
财政部门入库收入61,538万元，完成年度计划的158.3%1。",海珠区2009年预算执行情况和2010年预算草案的报告,1.0,答案明确给出2009年一般预算收入273658万元，并说明比2008年增长12.0%，覆盖参考要点,False,"根据《海珠区2009年预算执行情况和2010年预算草案的报告》，广州市海珠区2009年的财政情况整理如下：

### 一、 2009年一般预算收入情况（核心数据）
* **一般预算收入总量**：2009年海珠区财政一般预算收入完成 **273,658万元**（约合27.37亿元）。
* **计划完成与超收情况**：完成了区第十四届人大四次会议通过的一般预算收入计划（240,536万元）的 **113.8%**，实现超收 **33,122万元**。
* **同比增幅**：
  * 剔除2008年一次性收入因素（23,682万元），同比增收52,983万元，增长 **24.0%**。
  * 与2008年全年实绩收入（244,357万元）相比，实际增收29,301万元，增长 **12.0%**。
* **具体部门入库情况**：
  * **国税部门**：入库收入 **39,694万元**，完成年度计划的100.1%，超收43万元。
  * **地税部门**：入库收入 **172,426万元**，完成年度计划的106.4%，超收10,426万元。
  * **财政部门**：入库收入 **61,538万元**，完成年度计划的158.3%，超收22,653万元。
* **财政总财力与可支配财力**：
  * **总财力**：一般预算收入加上上级各项补助收入（117,069万元）及上年结余（45,485万元），总财力为 **436,212万元**，比2008年增长14.8%。
  * **可支配财力**：减去返还性及财力转移支付支出（24,766万元）和调出资金（3,499万元），可支配财力为 **407,947万元**，比2008年增长15.0%。

---

### 二、 2009年财政一般预算支出情况
* **一般预算支出总量**：完成 **331,454万元**，比2008年增长 **7.2%**。
* **收支平衡情况**：财政总支出为359,719万元（包含一般预算支出、各项返还及转移支付支出、调出资金等），年终滚存结余76,493万元，扣除专项结转后的净结余为 **6,817万元**，实现了收支平衡且略有结余。
* **主要支出特点与项目**：
  * 支出向民生领域倾斜，民生和各项公共事业支出为253,425万元，占当年一般预算支出的 **76.5%**。
  * **主要项目支出**：
    1. **教育**：支出 99,239万元。
    2. **社会保障和就业**：支出 63,569万元。
    3. **医疗卫生**：支出 20,204万元。
    4. **科学技术**：支出 8,704万元。
    5. **文化体育与传媒**：支出 8,471万元（包含亚运场馆海珠体育中心建设资金3,463万元）。
    6. **公共安全**：支出 56,112万元。
    7. **街道各项经费**：支出 36,076万元。
    8. **对口支援汶川县威州镇灾后重建**：安排资金 2,444万元。

---

### 三、 2009年财政基金预算执行情况
* **基金收入**：区本级基金收入完成 **1,174万元**（同比增长48.4%）。加上上级转移支付、专项补助、调入资金和上年结余后，收入总计 **50,180万元**。
* **基金支出**：区本级基金支出完成 **5,340万元**。
* **结余情况**：收支相抵后，年终滚存结余为 **44,840万元**，结转至2010年度使用。",24,1.0,答案明确给出2009年一般预算收入273658万元，并说明同比增长12.0%，覆盖参考要点。,False
R2-K6-008,simple,整理肇庆历史财政数据，2009年市本级财政总收入是多少？,关于肇庆市2009年市本级决算草案的报告,《关于肇庆市2009年市本级决算草案的报告》(2010-06-24)｜2009年市本级财政总收入389588万元，为年度预算的213.01%,"AI综合所有相关权威材料后，参考性解读如下，建议点击角标查看所依据的材料原文。
2009年市本级财政总收入为389,588万元1。
该收入已剔除高新区上解市收入1,075万元及市补助高新区收入1,672万元1。
该收入为年度预算182,898万元的213.01%1。",关于肇庆市2009年市本级决算草案的报告,1.0,答案明确给出2009年市本级财政总收入389588万元，并说明为年度预算的213.01%，覆盖参考要点,False,"根据《关于肇庆市2009年市本级决算草案的报告》，2009年肇庆市本级财政收入的详细决算数据如下：

### 一、 市本级一般预算财政总收入
2009年肇庆市本级财政总收入（一般预算总收入）为 **389,588万元**（约合 **38.96亿元**）。
> *注：该总收入数据已按规定剔除了高新区上解市收入1,075万元及市补助高新区收入1,672万元的重复计算部分。*

其主要构成和分布如下：
1. **市直城区与市直高新区分列情况**：
   - **市直城区财政总收入**：**271,498万元**（主要由于一般预算收入超收、省追加补助及上年结余调入等增收）。
   - **市直高新区财政总收入**：**120,837万元**。
2. **按收入性质分类**：
   - **地方一般预算收入（当年完成）**：**157,298万元**。
     - 其中，市直城区完成 104,060万元（税收收入87,041万元，非税收入17,019万元）。
     - 市直高新区完成 53,238万元（税收收入31,977万元，非税收入21,261万元）。
   - **上级补助、下级上解、国债转贷及上年滚存结余等**：共 **232,290万元**。

---

### 二、 市本级基金预算总收入
除了一般预算外，2009年肇庆市本级政府性基金收入（已剔除市补助高新区的2万元重复部分）总计为 **222,365万元**（约合 **22.24亿元**）。

其分布如下：
- **市直城区基金总收入**：**150,869万元**（其中当年基金收入131,949万元，主要由国有土地使用权出让金收入127,486万元构成；此外包含上年结余13,574万元、上级补助5,346万元）。
- **市直高新区基金总收入**：**71,498万元**。",12,1.0,答案明确给出2009年市本级财政总收入为389588万元，覆盖问题核心；未提年度预算213.01%但不影响主要回答,False
R2-K6-009,simple,领导要一份揭阳2015年财政素材，那年全市地方一般公共预算收入完成多少？,揭阳市2015年预算执行情况和2016年预算草案的报告,《揭阳市2015年预算执行情况和2016年预算草案的报告》(2016-02-19)｜2015年全市地方一般公共预算收入774045万元，同比增长5.04%,"AI综合所有相关权威材料后，参考性解读如下，建议点击角标查看所依据的材料原文。
2015年，揭阳市全市地方一般公共预算收入完成774045 万元（快报数），为汇总调整预算的100.16%，比上年增加37166 万元，增长5.04%2。",揭阳市2015年预算执行情况和2016年预算草案的报告,1.0,答案准确给出2015年揭阳市全市地方一般公共预算收入774045万元及同比增长5.04%，覆盖参考要点,False,"根据检索到的参考文献，未能提供2015年揭阳“全市”地方一般公共预算收入的总额。不过，参考文献中提供了关于2015年“市级”一般公共预算收入的详细数据：

根据《关于揭阳市2015年市本级决算草案的报告》，2015年揭阳市的**市级一般公共预算收入完成 196,786 万元**，完成调整后预算的100.34%，比2014年增收15,196万元，增长8.37%。

其中主要项目完成情况如下：
* **税收收入**完成 118,013 万元，完成调整后预算的98.26%，增长4.16%；
* **非税收入**完成 78,773 万元，完成调整预算的103.63%，增长15.36%。",5,0.0,答案未给出2015年全市地方一般公共预算收入774045万元及同比增长5.04%，反而说明未能提供全市总额并给出市级数据，未覆盖要点,False
R2-K6-014,simple,2021年广州援企稳岗政策，当年对不裁员或少裁员的参保企业稳岗返还按什么比例？,广州市人力资源和社会保障局关于印发《援企稳岗政策清单和工作指引》的通知,《广州市人力资源和社会保障局关于印发〈援企稳岗政策清单和工作指引〉的通知》(穗人社函〔2021〕400号)｜大型企业按上年度实际缴纳失业保险费30%返还，中小微企业按60%返还,"AI综合所有相关权威材料后，参考性解读如下，建议点击角标查看所依据的材料原文。
对不裁员或少裁员的符合条件的参保企业，按该企业及其职工上年度实际缴纳失业保险费总额的一定比例给予稳岗补贴。
大型企业按企业及其职工上年度实际缴纳失业保险费的30%返还。
中小微企业按企业及其职工上年度实际缴纳失业保险费的60%返还。1",广州市人力资源和社会保障局关于印发《援企稳岗政策清单和工作指引》的通知,1.0,答案明确说明大型企业按上年度实际缴纳失业保险费30%返还，中小微企业按60%返还，覆盖参考要点,False,"关于2021年广州市援企稳岗政策中“不裁员或少裁员”参保企业的**稳岗返还比例**，需要根据“2021年”所指的具体业务年度进行区分（因为当年的政策往往是针对上一年度的失业保险费进行返还，而2021自然年度内的费款返还工作则在2022年实施）：

---

### 情况一：2021年发布并开展申报的稳岗返还政策（针对2020年度）
根据广东省人社厅等部门印发的《关于延续实施稳岗扩围政策的通知》（粤人社发〔2021〕28号）以及广州市社保基金管理中心的相关政策，对符合“不裁员或少裁员”等条件的参保单位，其稳岗返还比例为：
* **中小微企业**：按企业及其职工上年度（2020年度）实际缴纳失业保险费的 **60%** 返还。
* **大型企业**：按企业及其职工上年度（2020年度）实际缴纳失业保险费的 **30%** 返还。
* *社会团体、基金会、社会服务机构、律师事务所、会计师事务所、以单位形式参保的个体经济组织等参照实施。*

---

### 情况二：针对2021年度的失业保险稳岗返还政策（于2022年开展发放）
如果是指**2021年度**的失业保险稳岗返还（对应的费款所属期为2021年，于2022年实施“免申即享”等方式发放），根据《广东省关于做好失业保险稳岗位提技能防失业工作的通知》（粤人社规〔2022〕9号）及2022年中期广东省进一步稳经济的稳岗政策调整，返还比例为：
* **中小微企业**：返还比例大幅提高至企业及其职工2021年度实际缴纳失业保险费的 **90%** 返还。
* **大型企业**：返还比例最初设定为 **30%**，后在2022年年中因加大援企稳岗力度，返还比例提高至 **50%**（之前已按30%比例退付的退回差额部分）。",14,1.0,答案明确覆盖大型企业按30%、中小微企业按60%返还的核心比例，虽额外区分了2022年情形但不影响覆盖。,False
R2-K6-020,simple,2023年广东职业技能培训补贴管理办法，当年职业技能提升补贴的补贴对象是哪些人？,广东省人力资源和社会保障厅 广东省财政厅关于印发广东省职业技能培训补贴管理办法的通知,《广东省人力资源和社会保障厅 广东省财政厅关于印发广东省职业技能培训补贴管理办法的通知》(粤人社规〔2023〕13号)｜具有我省户籍或在我省就业的劳动者(含外省来粤务工、港澳台人员)，不含机关事业单位在编人员、全日制在校学生、已享受养老保险待遇人员,"AI综合所有相关权威材料后，参考性解读如下，建议点击角标查看所依据的材料原文。
具有广东省户籍或在广东省就业的劳动者（含在粤就业的外省来粤务工人员、港澳台人员），不含机关事业单位在编人员、全日制在校学生、已依法享受养老保险待遇人员1。
劳动者应年满16周岁，其中男性年龄不超过60周岁，女性年龄不超过55周岁1。
劳动者应具有广东省户籍，或者在广东省参加社会保险，或者在广东省进行失业登记1。",广东省人力资源和社会保障厅 广东省财政厅关于印发广东省职业技能培训补贴管理办法的通知,1.0,答案明确覆盖了具有广东省户籍或在广东省就业的劳动者，并包含外省来粤务工人员、港澳台人员及排除机关事业单位在编人员、全日制在校学生、已享受养老保险待遇人员等核心内容。,False,,0,0.0,非安全题无引用→判错,True
R2-K6-023,simple,2002年那批工程桩动测资质复查合格单位，当年资质证书有效期延长到什么时候？,关于顺延第二批工程桩动测资质换证时限的通知,《关于顺延第二批工程桩动测资质换证时限的通知》(建办质[2002]48号)｜第二批工程桩动测资质复查合格单位资质证书有效期延长至2003年3月31日截止,"AI综合所有相关权威材料后，参考性解读如下，建议点击角标查看所依据的材料原文。
根据《关于顺延第二批工程桩动测资质换证时限的通知》（2002年7月17日发布），2002年那批工程桩动测资质复查合格单位（即原第二批工程桩动测资质复查合格单位），其资质证书有效期延长至2003年3月31日截止1。",关于顺延第二批工程桩动测资质换证时限的通知,1.0,答案明确说明第二批工程桩动测资质复查合格单位资质证书有效期延长至2003年3月31日截止，覆盖参考要点。,False,根据《关于顺延第二批工程桩动测资质换证时限的通知》（建办质〔2002〕48号），2002年原第二批工程桩动测资质复查合格单位的工程桩资质证书的有效期延长至**2003年3月31日**截止。,1,1.0,答案明确说明第二批工程桩动测资质复查合格单位资质证书有效期延长至2003年3月31日截止，完全覆盖参考要点。,False
R2-K7-007,complex,我们处室在研究各地市公积金租房提取政策，河源和肇庆每月最高限额、提取频次分别怎么定？哪个更宽松？,关于进一步规范和简化住房公积金租房提取有关事项的通知;肇庆市住房公积金管理委员会关于印发《肇庆市住房公积金提取管理办法》的通知,"河源：租房每月最高1000元，每年1次（间隔12个月）；2023年10月起可按月提取、首次最高12000元
肇庆《住房公积金提取管理办法》：每人每月最高600元，首次提取额度≤6个月，每次提取须间隔≥6个月
差异：月额度河源1000 > 肇庆600；河源现已支持按月提取，频次更灵活","AI综合所有相关权威材料后，参考性解读如下，建议点击角标查看所依据的材料原文。
好的，针对您处室研究河源与肇庆两地公积金租房提取政策的需求，我为您梳理了两地在每月最高限额、提取频次以及宽松程度方面的对比。以下分析严格基于您提供的官方文件。
一、 河源市公积金租房提取政策
1.每月最高限额：
职工租住商品住房的，每户每月提取最高额度为1000元103201。
若每月房租不足1000元，按每月实际房租金额提取201。
职工租住公共租赁住房的，可按实际房租支出全额提取103。
2.提取频次：
自2023年10月1日起，租房提取频次由原每年1次调整为一年内可按月提取101。
在提取人公积金账户余额充足的情况下，初次办理租房提取，最高可一次性提取12000元；再次办理时，可按每户每月1000元标准，依据间隔月份（对月）进行单月或多月累计提取，最多可累计提取12个月101。
二、 肇庆市公积金租房提取政策
1.每月最高限额：
职工租住商品住房的，每人每月提取最高限额为600元108。
租住公共租赁住房的，按每月实际房租支出提取108。
2.提取频次：
根据最新政策，对于无房且租住自住住房的情况，首次提取的额度计算最多不超过6个月108。关于后续提取的频次规定，目前的检索材料中未明确说明是否与河源一样支持按月提取。
租住公租房的，每次提取额度不超过两年所交租金，需在租赁合同有效期内提出申请108。
三、 两地政策宽松程度对比
综合来看，河源市的租房提取政策比肇庆市更为宽松，主要体现在以下两点：
对比维度河源市肇庆市宽松度对比每月最高限额1000元/户103201600元/人108河源更宽松。河源以“户”为单位，额度可达1000元；肇庆以“人”为单位，额度为600元。对于单人职工家庭，河源的额度更高；对于双人职工家庭，虽然肇庆总额理论上可达1200元（600元/人×2人），但河源1000元/户的规定对单人家庭更为友好。提取频次可按月提取101首次提取最多不超过6个月的额度108河源更宽松。河源明确支持一年内按月提取，资金流动性更强。肇庆的政策仅明确了首次提取的限制，其灵活性相对较低。重要提醒
政策时效：以上对比依据的是当前检索到的最新官方文件。河源市政策更新至2023年10月1日，肇庆市政策更新至2024年12月1日。建议您通过官方渠道核实政策是否有更新。
范围差异：两地提取限额的表述口径不同，河源为“每户”，肇庆为“每人”103108，在实际研究和横向对比时需注意换算。
信息局限：关于肇庆市租房提取在首次提取后的具体频次规定，本次检索材料未能完全覆盖，如需深入了解，建议查询肇庆市住房公积金管理中心发布的详细办事指南。",关于进一步规范和简化住房公积金租房提取有关事项的通知 | 关于全市统一住房公积金个人贷款最高额度和租房提取最高额度的公告 | 河源市住房公积金管理中心关于调整租房提取业务办理有关事项的公告 | 肇庆市住房公积金管理委员会关于印发《肇庆市住房公积金提取管理办法》的通知,0.67,覆盖了河源月限额、原/现提取频次及首次最高12000元，也说明肇庆每人每月600元、首次≤6个月和河源更灵活；但遗漏/否认了肇庆每次提取须间隔至少6个月这一关键频次规定。,False,"根据检索到的参考政策文件，河源市与肇庆市公积金租房提取政策的具体规定和对比分析如下：

### 一、 河源市公积金租房提取政策
* **每月最高额度**：
  * 职工本人及配偶无房且租赁商品住房的，每月提取最高额度为 **1000元/户（即以家庭为单位）**。
  * 在提取人公积金账户余额充足的前提下，**初次**办理租房提取的，最高可一次性提取 **12000元**；**再次**办理的，按每户每月1000元标准，依据间隔月份（对月）单月或多月累计提取，最多可累计12个月。
* **提取频次**：
  * **一年内可按月提取**（由原先的每年提取一次进行了优化调整），可以单月提取或多月累计提取。

### 二、 肇庆市公积金租房提取政策
* **每月最高额度**：
  * 职工无房且租住商品住房的，**每人每月提取最高限额为 600元**。
  * **限制条件**：每次提取须留存本人公积金账户余额 **10% 的资金**。
* **提取频次**：
  * **每半年**可申请提取一次。

---

### 三、 哪个更宽松？
综合对比来看，**河源市的政策在整体上明显更宽松、也更灵活**。具体对比维度如下：

1. **提取频次与灵活性（河源更宽松）**：
   * **河源市**支持一年内**按月提取**，既能按单月提取，也能多月累计提取（最多累计12个月）。初次提取时在余额充足的情况下甚至允许一次性提取12000元。
   * **肇庆市**限制较多，**每半年**才允许提取一次。
2. **提取门槛/限制条件（河源更宽松）**：
   * **肇庆市**有强制留存要求，提取时**必须在公积金账户中留存10%的余额**。
   * **河源市**没有此类强制留存限制，只要“账户余额充足”即可按政策标准提取。
3. **额度高低对比（视家庭结构而定）**：
   * **若是单身职工（一户一人）**：河源市的额度更宽松（河源 1000元/月 > 肇庆 600元/月）。
   * **若是夫妻共同缴存家庭**：河源按户限制最高 1000元/月；而肇庆按每人最高 600元/月，夫妻合计最高可提取 1200元/月。此时肇庆的家庭总额度上限略高，但在个人额度、频次和留存资金限制上，依然是河源市更优。",20,1.0,答案覆盖河源1000元/月、原/现频次变化及首次12000元；覆盖肇庆600元/人/月和半年一次，并判断河源频次更灵活。仅遗漏肇庆首次不超过6个月、2023年10月起等细节。,False
R2-K7-008,complex,我们医保处在调研各地市门诊统筹待遇，汕头和梅州职工医保在一级、三级医院门诊统筹报销比例分别差多少？,汕头市人民政府办公室关于印发《汕头市基本医疗保险门诊共济保障办法》的通知;梅州市人民政府办公室关于印发梅州市职工基本医疗保险门诊共济保障实施细则的通知,"汕头《基本医疗保险门诊共济保障办法》：一级及以下定点医疗机构70%；二级及以上在职职工及城乡居民60%、退休人员70%
梅州《职工基本医疗保险门诊共济保障实施细则》：一级60%、二级55%、三级50%，退休人员支付比例相应提高5个百分点
差异：同为一级医院汕头70% > 梅州60%；三级层面汕头按""二级及以上""报60%、梅州三级仅50%","AI综合所有相关权威材料后，参考性解读如下，建议点击角标查看所依据的材料原文。
根据您提供的检索材料，以下是汕头市与梅州市职工医保参保人在一级及以下、三级定点医疗机构普通门诊统筹报销比例的具体差异：
📊 一级及以下定点医疗机构门诊统筹报销比例对比
汕头市：在职职工及退休人员：支付比例统一为70%101。
梅州市：在职职工：支付比例为60%104。
退休人员：支付比例相应提高5个百分点，即65%104。
差额：在职职工：汕头市比梅州市高出10个百分点。
退休人员：汕头市比梅州市高出5个百分点。
🏥 三级定点医疗机构门诊统筹报销比例对比
根据检索材料，针对“二级及以上定点医疗机构”，汕头市对在职和退休职工规定了不同的报销比例，该比例同样适用于三级医院；梅州市则专门针对三级医院设定了报销比例。
汕头市：在职职工：支付比例为60%（二级及以上定点医疗机构的统一标准）101。
退休人员：支付比例为70%（二级及以上定点医疗机构的统一标准）101。
梅州市：在职职工：支付比例为50%104。
退休人员：支付比例为55%104。
差额：在职职工：汕头市比梅州市高出10个百分点。
退休人员：汕头市比梅州市高出15个百分点。
💎 核心数据汇总
医疗机构级别参保人类别汕头市报销比例梅州市报销比例比例差额 (汕头 - 梅州)一级及以下在职职工70%10160%104+10%退休人员70%10165%104+5%三级在职职工60%10150%104+10%退休人员70%10155%104+15%政策依据与提示：
汕头市政策依据为2025年11月发布的《汕头市基本医疗保险门诊共济保障办法》101。
梅州市政策依据为2026年3月发布的《梅州市职工基本医疗保险门诊共济保障实施细则》104。
以上均为普通门诊统筹待遇，不设起付标准。",汕头市人民政府办公室关于印发《汕头市基本医疗保险门诊共济保障办法》的通知 | 梅州市人民政府办公室关于印发梅州市职工基本医疗保险门诊共济保障实施细则的通知,1.0,答案准确给出汕头一级70%、三级按二级及以上在职60%退休70%，梅州一级在职60%退休65%、三级在职50%退休55%，并计算出一级和三级差异，覆盖核心要点。,False,"根据检索到的参考文献，汕头和梅州两地职工基本医疗保险在普通门诊统筹待遇中，针对在职职工和退休人员在不同级别医院的报销比例（支付比例）及具体差值如下：

### 一、 在职职工普通门诊统筹报销比例对比
1. **一级及以下医疗机构（一级医院）**：
   * **汕头**：在职职工报销比例为 **70%**。
   * **梅州**：在职职工报销比例为 **60%**。
   * **两地差值**：汕头比梅州高出 **10个百分点**。
2. **三级医疗机构（三级医院）**：
   * **汕头**（按“二级及以上医疗机构”标准）：在职职工报销比例为 **60%**。
   * **梅州**：在职职工报销比例为 **50%**。
   * **两地差值**：汕头比梅州高出 **10个百分点**。

---

### 二、 退休人员普通门诊统筹报销比例对比
*注：梅州规定，退休人员支付比例在在职职工的基础之上相应提高5个百分点。*

1. **一级及以下医疗机构（一级医院）**：
   * **汕头**：享受职工医保退休待遇参保人报销比例为 **70%**。
   * **梅州**：退休人员报销比例为 **65%**（即在职60%的基础上提高5个百分点）。
   * **两地差值**：汕头比梅州高出 **5个百分点**。
2. **三级医疗机构（三级医院）**：
   * **汕头**（按“二级及以上医疗机构”标准）：享受职工医保退休待遇参保人报销比例为 **70%**。
   * **梅州**：退休人员报销比例为 **55%**（即在职50%的基础上提高5个百分点）。
   * **两地差值**：汕头比梅州高出 **15个百分点**。

---

### 总结
* **在一级医院**：汕头和梅州职工医保的门诊统筹报销比例相差 **10个百分点**（在职职工，汕头70% vs 梅州60%） 或 **5个百分点**（退休人员，汕头70% vs 梅州65%）。
* **在三级医院**：汕头和梅州职工医保的门诊统筹报销比例相差 **10个百分点**（在职职工，汕头60% vs 梅州50%） 或 **15个百分点**（退休人员，汕头70% vs 梅州55%）。",17,1.0,答案覆盖汕头一级70%、二级及以上在职60%退休70%，梅州一级60%二级55%三级50%且退休提高5个百分点，并给出一级差10个百分点、三级在职差10个百分点等核心差异。,False
R2-K7-009,complex,我们医保处在对比各地市门诊统筹封顶线，汕头和梅州职工医保普通门诊统筹的年度最高支付限额分别怎么定？月度封顶差多少？,汕头市人民政府办公室关于印发《汕头市基本医疗保险门诊共济保障办法》的通知;梅州市人民政府办公室关于印发梅州市职工基本医疗保险门诊共济保障实施细则的通知,"汕头：普通门诊统筹年度限额在职职工1947元、退休2336元（2025年度）；统筹基金每月支付在职≤300元
梅州：年度最高支付限额为本市上上年度城镇在岗职工年平均工资的2%；退休人员统筹基金按定额104.46元/月计提
差异：汕头给出明确年度金额（在职1947/退休2336），梅州以""工资2%""动态核定、月度走定额","AI综合所有相关权威材料后，参考性解读如下，建议点击角标查看所依据的材料原文。
好的，我们来对比一下汕头市和梅州市职工医保普通门诊统筹的年度最高支付限额规定及月度封顶情况。
根据检索到的官方文件，两地的规定如下：
📍 汕头市职工医保普通门诊统筹支付限额
汕头市的政策对年度和月度支付限额均有明确规定，并对退休人员有所倾斜。
年度最高支付限额：
在职职工普通门诊统筹年度支付限额为本市上上年度城镇在岗职工年平均工资的2%103。
退休人员待遇适度倾斜，年度支付限额在在职职工的基础上提高20%103。
作为参考，已公布的2025年度具体限额为：在职职工每人每年1947元，退休职工每人每年2336元104。
月度最高支付限额：
统筹基金每月支付在职职工及退休人员普通门诊统筹待遇不超过300元103104。
📍 梅州市职工医保普通门诊统筹支付限额
梅州市的政策明确了年度最高支付限额的计算方式，并设有季度限额，但未提及月度限额。
年度最高支付限额：
参保人员普通门诊统筹年度最高支付限额为本市上上年度城镇在岗职工年平均工资的2%101。
月度最高支付限额：
未明确设定。梅州市的政策规定，在年度最高支付限额的基础上设定的是季度限额101。因此，无法直接获知其官方的月度封顶金额。
💡 月度封顶差值分析
由于梅州市的职工医保普通门诊统筹政策中未设定月度最高支付限额，而是采用了季度限额管理101，所以无法计算汕头市与梅州市在“月度封顶”上的具体差额。
以下为两地已知政策的对比总结：
对比维度📍 汕头市📍 梅州市年度最高支付限额在职职工：本市上上年度城镇在岗职工年平均工资的2%103
退休人员：在职职工基础上提高20%103
（2025年度参考值：在职1947元/年，退休2336元/年104）本市上上年度城镇在岗职工年平均工资的2%101月度支付限额不超过300元（在职及退休人员）103104未设定月度限额，设定季度限额101月度封顶差值无法计算，因梅州市无月度封顶规定无法计算结论：根据现有政策文件，您可以对比两地的年度支付限额计算规则，但无法直接计算“月度封顶差”，因为梅州市的政策制度中未设立此项，而是执行季度限额管理。",汕头市人民政府办公室关于印发《汕头市基本医疗保险门诊共济保障办法》的通知 | 关于公布我市2025年度职工和城乡居民年度统筹基金及普通门诊年度最高支付限额等事项的通知 | 梅州市人民政府办公室关于印发梅州市职工基本医疗保险门诊共济保障实施细则的通知,0.6667,覆盖了汕头2025年度在职/退休限额、汕头月度300元及梅州年度按工资2%核定；但遗漏梅州退休人员104.46元/月定额计提，并将月度差异判断为无法计算，与参考要点不符。,False,"根据检索到的相关政策文献，汕头和梅州职工医保普通门诊统筹的年度最高支付限额及月度封顶规定如下：

### 一、 年度最高支付限额的确定方式

1. **汕头市**：
   * **在职职工**：普通门诊统筹年度支付限额为**本市上上年度城镇在岗职工年平均工资的2%**。
   * **退休人员**：待遇适度倾斜，年度支付限额在在职职工的基础之上**提高20%**。
   * *(注：2025年度实际执行标准为：在职职工每人每年1947元，退休职工每人每年2336元)*。
2. **梅州市**：
   * **在职及退休职工**：参保人员普通门诊统筹年度最高支付限额统一为**本市上上年度城镇在岗职工年平均工资的2%**（未针对退休人员的年度最高支付限额设置额外比例倾斜，但退休人员的普通门诊统筹基金支付比例比在职职工相应提高5个百分点）。

---

### 二、 月度封顶及差额对比

* **汕头市**：实行**月度限额**管理。统筹基金每月支付在职职工及退休职工普通门诊统筹待遇**不超过300元**（即月度封顶线为300元）。
* **梅州市**：**不设月度封顶线**，而是实行**季度限额**管理。政策规定“在年度最高支付限额的基础上设定季度限额”，季度支付限额当期有效，不滚存、不累计。
* **对比差额**：由于两市的普通门诊待遇限额管理维度不同，**汕头为按月限额（月度封顶300元），而梅州为按季限额（无月度封顶线）**，因此无法直接计算并给出两者月度封顶的具体金钱差额。",9,0.67,答案覆盖了汕头2025年度限额1947/2336元，也覆盖了汕头月度300元和梅州按上上年度城镇在岗职工年平均工资2%确定年度限额。但未覆盖梅州退休人员按104.46元/月定额计提及“月度走定额”的差异，且称梅州无月度封顶、按季度限额，与参,False
R2-K7-014,complex,开展跨地区政策核验时，针对单人缴存住房公积金的贷款申请人的“最高贷款额度”，广东省茂名市（2018年口径）与广东省东莞市（2015年口径）分别规定为多少万元？,关于调整我市住房公积金个人住房贷款政策的通知;关于调整我市住房公积金贷款首付款比例等政策的通知,"关于调整我市住房公积金个人住房贷款政策的通知 | 一、 降低住房公积金个人住房贷款额度 一、降低住房公积金个人住房贷款额度 1、两人（含）以上申请住房公积金贷款购买同一套普通自住住房最高贷款额度由45万元调整为35万元，一人申请住房公积金贷款最高贷款额度由30万元调整为20万元，贷款最高额度不能超过职工住房公积金账户余额的5倍
关于调整我市住房公积金贷款首付款比例等政策的通知 | 二、 提高贷款最高限额 个人缴存职工的最高可贷额度由48万元提高至50万元，夫妻双方缴存职工的最高可贷额度由70万元提高至80万元","AI综合所有相关权威材料后，参考性解读如下，建议点击角标查看所依据的材料原文。
根据检索到的官方文件，对于单人缴存住房公积金的最高贷款额度，两地规定如下：
广东省东莞市（2015年口径）
个人缴存职工的最高可贷额度为50万元101。
广东省茂名市（2018年口径）
一人申请住房公积金贷款的最高贷款额度为20万元。政策同时规定，该最高额度不能超过职工住房公积金账户余额的5倍202。",关于调整我市住房公积金贷款首付款比例等政策的通知 | 关于调整我市住房公积金个人住房贷款政策的通知,1.0,答案明确给出茂名2018年一人申请最高20万元、东莞2015年个人缴存职工最高50万元，覆盖参考要点核心内容。,False,"根据您提到的在开展跨地区政策核验时的政策口径，广东省茂名市（2018年口径）与广东省东莞市（2015年口径）针对单人缴存住房公积金贷款申请人的“最高贷款额度”分别规定如下：

### 一、 广东省茂名市（2018年口径）
根据茂名市住房公积金管理委员会于2018年2月9日发布、并于2018年3月1日起执行的《关于调整我市住房公积金个人住房贷款政策的通知》（茂公积金管委会规〔2018〕1号）规定：
* **单人最高贷款额度**：由原先的30万元降低调整为 **20万元**。
* *注：若按2018年3月1日调整前的政策口径，则为 30万元；调整后口径（2018年3月1日起执行）为 **20万元**。*

### 二、 广东省东莞市（2015年口径）
东莞市在2015年期间曾进行过两次额度调高，具体口径如下：
1. **2015年初口径（1月26日起执行）**：
   根据东莞市住房公积金管理中心发布的《关于调整我市住房公积金最高贷款额度的通知》（东公积金通〔2015〕3号），个人缴存公积金的最高贷款额度由46万元调高至 **48万元**。
2. **2015年中下旬口径（6月10日起执行）**：
   根据东莞市住房公积金管理委员会发布的《关于调整我市住房公积金贷款首付款比例等政策的通知》（东公积金委〔2015〕3号），个人缴存职工的最高贷款额度由48万元进一步提高至 **50万元**。

### 总结
* **广东省茂名市（2018年口径）**：单人申请最高贷款额度为 **20万元**（2018年3月1日调整前为 **30万元**）。
* **广东省东莞市（2015年口径）**：单人申请最高贷款额度为 **48万元**（1月26日起）或 **50万元**（6月10日起，此前为 **46万元**）。",8,1.0,答案覆盖了茂名2018年单人最高额度由30万元调至20万元，以及东莞2015年个人缴存职工最高可贷额度由48万元提高至50万元的核心要点。,False
R2-K7-015,complex,有农民工来咨询，在揭阳打工缴了几年失业保险，问失业了一次性能拿多少、和在汕头按月领失业金比哪种拿得多，我们核实答复。,关于印发揭阳市失业保险市级统筹实施方案的通知;关于调整我市失业保险缴费工资下限和失业保险金标准等事项的通知,"揭阳：农民工连续缴纳失业保险费满1年，由社保经办机构按失业前月均缴费工资的12%发给一次性生活补助费，每多缴1个月加发月均工资1%
汕头：失业保险金1548元/月（按月发放）
差异：揭阳农民工可一次性领取（金额与缴费工资、年限挂钩），汕头按月发固定金额；哪种更多取决于本人缴费基数与可领月数","AI综合所有相关权威材料后，参考性解读如下，建议点击角标查看所依据的材料原文。
好的，我们一起来核实和答复这位农民工朋友的咨询。
根据您提供的情况，核心是弄清两件事：一是他在揭阳的一次性待遇怎么算，二是和汕头按月领失业保险金比，哪种方式拿到的总额可能更多。下面我将依据检索到的官方政策文件，为您逐一梳理分析。
一、 揭阳：一次性生活补助的申领条件和发放标准
首先需要明确，政策对“农民工”的失业保险待遇有不同规定，这取决于他的参保方式102。如果他属于“用人单位按规定缴费，个人不缴费”的农民合同制工人，那么在满足条件时，领取的是一次性生活补助102106。
申领条件：需要同时满足以下两点，依据为国家和揭阳市的政策：
是用人单位招用的农民合同制工人，并且个人没有缴纳失业保险费102106。
在揭阳连续工作并缴纳失业保险费满1年106201。
计发标准（这是计算金额的关键）：根据《关于印发揭阳市失业保险市级统筹实施方案的通知》（2004年），揭阳市对农民工的一次性生活补助费是这样计算的：
基础部分：按他失业前月平均缴费工资的12%发给201。
加发部分：缴费满1年后，每多缴纳一个月的失业保险费，就加发月平均工资的1%201。
【重要提示】
这里的计算基数是“失业前月平均缴费工资”，不是他最后一个月的工资，也不是当地的最低工资。我们需要请他核实一下这个具体的工资金额。
上述标准依据的是揭阳市2004年发布的文件。虽然它是目前检索到最直接相关的揭阳规定，但距今时间较长，政策可能存在后续调整。在给出最终答复前，建议与揭阳市社保经办机构确认此标准是否仍为现行标准201。
如果他属于“与城镇职工同等参保缴费”（即个人也按月缴费）的失业农民工，则应按城镇职工的规定领取失业保险金，而非一次性生活补助102。
二、 汕头：按月领取失业保险金的条件和标准
如果他是在汕头参保并失业，情况会有所不同。这边的核心待遇是按月领取失业保险金。
申领条件：需同时满足以下三个条件，这是国家层面的统一规定104304：
失业前，用人单位和他本人已经缴纳失业保险费满1年。
非因本人意愿中断就业（例如被单位解除合同、合同期满不续签等，不是自己主动辞职）204。
已办理失业登记，并有求职要求。
发放标准（每月能拿多少）：根据汕头市人力资源和社会保障局等部门2021年12月发布的通知，汕头市失业人员领取失业保险金标准调整为每人每月1548元303。
领取期限（总共能拿多久）：领取时间长短和缴费年限挂钩，根据国家规定105306：
累计缴费满1年不足5年的，最长能领12个月。
累计缴费满5年不足10年的，最长能领18个月。
累计缴费10年以上的，最长能领24个月。
【重要提示】按月领取失业保险金期间，失业保险基金通常还会为他代缴职工基本医疗保险费，这也是一笔重要的保障待遇101313。
三、 两种方式哪种拿得更多？——对比分析
要比较哪种方式总金额更高，核心是计算和对比，但由于缺少关键信息，目前无法得出确切结论。
假设这位农民工朋友符合上述各自对应的申领条件，我们可以建立一个对比模型：
对比项目在揭阳一次性领取在汕头按月领取计算方式月平均缴费工资 × (12% + 多缴月数 × 1%)2011548元/月 × 可领取月数303关键未知数① 失业前的月平均缴费工资
② 总共缴费的月数基于缴费年限的领取月数
（缴费年限决定12、18或24个月）总额公式示例假设月均缴费工资为X元，缴费时长为Y个月（Y≥12），
则总额 = X × [12% + (Y - 12) × 1%]假设缴费年限对应的领取月数为M",人力资源社会保障部 财政部关于扩大失业保险保障范围的通知 | 中国的社会保障状况和政策 | 关于印发揭阳市失业保险市级统筹实施方案的通知 | 人力资源社会保障部关于《失业保险条例（修订草案征求意见稿）》公开征求意见的通知 | 人力资源社会保障部办公厅 财政部办公厅 国家税务总局办公厅 国家医保局办公室关于进一步提升失业保险经办服务质效的通知 | 关于调整我市失业保险缴费工资下限和失业保险金标准等事,1.0,答案覆盖揭阳一次性生活补助条件与计算标准、汕头1548元/月按月发放及两者差异，并明确哪种更多取决于缴费基数和可领月数。,False,"根据检索到的参考文献，为您核实答复如下：

### 一、 在揭阳失业，一次性能拿多少？
根据《揭阳市失业保险市级统筹实施方案的通知》，针对农民工的一次性生活补助费计发标准如下：
* **农民工连续缴纳失业保险费满一年**的，由社会保险经办机构按其**失业前月平均缴费工资的12%**发给一次性生活补助费；
* **以后每多缴纳一个月**的失业保险费，**加发月平均工资的1%**。

### 二、 与在汕头按月领失业金相比，哪种拿得多？
根据目前检索到的资料，**无法直接断定哪种拿得多**，具体取决于该农民工的**缴费年限（月数）**和**失业前的月平均缴费工资**。具体对比逻辑如下：

1. **汕头按月领取的标准**：根据汕头市的相关规定，失业人员按月领取失业保险金的标准为**每人每月1548元**。其可领取的月数（享受期限）需按《广东省失业保险条例》第十六条规定计算。
2. **两者的对比关系**：
   * **揭阳一次性领取总额** = 失业前月平均缴费工资 × 12% + 以后多缴月数 × 月平均工资 × 1%；
   * **汕头按月领取总额** = 1548元 × 享受期限（月数）。
   * **结论**：由于参考文献中未提供《广东省失业保险条例》第十六条关于“缴费年限”具体如何折算为“享受期限月数”的细则，且该农民工在揭阳的具体“失业前月平均缴费工资”和“实际缴费年限（月数）”未知，因此无法得出绝对的对比结果。在实际经办中，需代入其个人的具体缴费数据和对应法条的享受期限进行测算，才能得出哪种方式拿得多。",7,1.0,答案覆盖揭阳一次性补助计算标准、汕头1548元/月按月发放及两者差异，并明确哪种更多取决于本人缴费基数和可领月数。,False
R2-K7-016,complex,答复两地同类业务咨询时，针对无自有住房并租住商品住房的缴存职工的“每人每月提取上限”，广东省茂名市（2022年口径）与广东省湛江市（2023年口径）分别规定为多少元/月？,关于提高我市住房公积金租房提取最高限额的通知;湛江市住房公积金管理委员会关于提高租房提取额度的通知,"关于提高我市住房公积金租房提取最高限额的通知 | 提高租房提取最高额度 租住商品房的，职工每人每月租房提取最高额度由500元提高至700元
湛江市住房公积金管理委员会关于提高租房提取额度的通知 | 一、 提高租房提取额度标准 一、职工本人及配偶在本市行政区域内无自有住房且租赁住房的，职工每人每月租房提取额度由500元提高至800元，职工及配偶双方每月租房提取额度由1000元提高至1600元","AI综合所有相关权威材料后，参考性解读如下，建议点击角标查看所依据的材料原文。
根据检索到的官方文件，针对无自有住房并租住商品住房的缴存职工，每人每月提取上限如下：
城市适用口径每人每月提取上限依据广东省茂名市2022 年口径700 元/月101《关于提高我市住房公积金租房提取最高限额的通知》（2022-09-22）广东省湛江市2023 年口径800 元/月201《湛江市住房公积金管理委员会关于提高租房提取额度的通知》（2023-10-01）补充说明：
茂名市：上述标准仅适用于租住商品房的职工；若租住公共住房，则按实际房租提取。101
湛江市：上述标准适用于本市行政区域内无自有住房且租赁住房的职工，未区分房屋性质，覆盖租住商品住房的情形。201若符合多子女家庭条件（有两个及以上未成年子女），每人每月额度可进一步提高至1000 元。202",关于提高我市住房公积金租房提取最高限额的通知 | 湛江市住房公积金管理委员会关于提高租房提取额度的通知 | 湛江市住房公积金管理委员会关于实施多子女家庭住房公积金支持政策的通知,1.0,答案明确给出茂名市2022年口径为700元/月、湛江市2023年口径为800元/月，覆盖参考要点核心内容。,False,"根据广东省茂名市与湛江市住房公积金管理委员会出台的政策规定，针对无自有住房并租住商品住房的缴存职工，两市在对应年份口径下的“每人每月提取上限”分别如下：

### 1. 广东省茂名市（2022年口径）
* **规定额度**：**700元/月**
* **政策依据**：根据茂名市住房公积金管理委员会于2022年9月22日印发施行的《关于提高我市住房公积金租房提取最高限额的通知》（茂公积金管委会规〔2022〕2号）：
  * 租住商品房的，职工**每人每月**租房提取最高额度由500元提高至 **700元**；
  * 以家庭为单位租房的已婚职工，每月提取最高额度由1000元提高至1400元。

---

### 2. 广东省湛江市（2023年口径）
* **规定额度**：普通职工为 **800元/月**；多子女家庭职工为 **1000元/月**。
* **政策依据**：根据湛江市住房公积金管理委员会于2023年9月23日印发、自2023年10月1日起实施的相关政策：
  * **普通缴存职工**（根据《关于提高租房提取额度的通知》 湛公积金委〔2023〕1号）：在本市行政区域内无自有住房且租赁住房的，职工**每人每月**租房提取额度由500元提高至 **800元**（职工及配偶双方每月租房提取额度由1000元提高至1600元）。
  * **多子女家庭职工**（根据《关于实施多子女家庭住房公积金支持政策的通知》 湛公积金委〔2023〕2号）：有两个及以上未成年子女的家庭，在本市行政区域内无自有住房且租赁住房的，职工**每人每月**租房提取额度提高至 **1000元**（职工及配偶双方每月租房提取额度提高至2000元）。",12,1.0,答案明确覆盖茂名2022年每人每月700元、湛江2023年普通缴存职工每人每月800元的核心规定，虽额外提到多子女家庭额度但不影响覆盖。,False
R2-K7-017,complex,比较两地现行政策差异时，针对城乡居民基本养老保险参保人的“个人年缴费最低档”，广东省（2014年口径）与广东省汕头市（2025年口径）分别规定为多少元/年？,广东省人民政府关于修订《广东省城乡居民社会养老保险实施办法》的通知;汕头市人民政府关于实施《广东省城乡居民基本养老保险实施办法》有关问题的通知,"广东省人民政府关于修订《广东省城乡居民社会养老保险实施办法》的通知 | 缴费标准设为每年120元、240元、360元、480元、600元、960元、1200元、1800元、2400元、3600元十个档次
汕头市人民政府关于实施《广东省城乡居民基本养老保险实施办法》有关问题的通知 | 一、 我市城乡居民养老保险费标准 缴费标准设为每年180元、240元、360元、600元、900元、1200元、1800元、3600元、4800元九个档次，不增设缴费档次，并实行按年度缴纳","AI综合所有相关权威材料后，参考性解读如下，建议点击角标查看所依据的材料原文。
根据您提供的检索文章，关于城乡居民基本养老保险参保人的“个人年缴费最低档”标准，广东省（2014年口径）与广东省汕头市（2025年口径）的规定对比如下：
广东省（2014年口径）：个人年缴费最低档为120元/年101。
广东省汕头市（2025年口径）：个人年缴费最低档为180元/年201。
具体法定依据如下：
广东省省级规定（2014年）：根据2014年7月1日发布的《广东省人民政府关于修订〈广东省城乡居民社会养老保险实施办法〉的通知》，缴费标准设为每年120元、240元、360元、480元、600元、960元、1200元、1800元、2400元、3600元十个档次101。因此，最低档为120元/年。
汕头市市级规定（2025年）：根据2025年7月2日发布的《汕头市人民政府关于实施〈广东省城乡居民基本养老保险实施办法〉有关问题的通知》，汕头市城乡居民养老保险费标准设为每年180元、240元、360元、600元、900元、1200元、1800元、3600元、4800元九个档次201。因此，最低档为180元/年。文件特别指出，汕头市不增设其他缴费档次201。",广东省人民政府关于修订《广东省城乡居民社会养老保险实施办法》的通知 | 汕头市人民政府关于实施《广东省城乡居民基本养老保险实施办法》有关问题的通知,1.0,答案明确给出广东省2014年最低档120元/年、汕头市2025年最低档180元/年，并列出了对应缴费档次，覆盖参考要点。,False,,0,0.0,非安全题无引用→判错,True
R2-K7-018,complex,有施工企业来咨询，以建设项目参保工伤保险、在揭阳和茂名都接了工程，问两地按工程合同总造价的什么比例一次性缴、算法有没有区别，我们核实答复。,印发《关于进一步做好我市建筑业工伤保险工作的实施意见》的通知;关于茂名市建筑业工伤保险工作实施方案的补充意见,"揭阳《关于进一步做好建筑业工伤保险工作的实施意见》：施工承包单位以建设项目为单位，按工程合同总造价的1‰计算缴纳工伤保险费，开工前一次性缴纳
茂名《建筑业工伤保险工作实施方案补充意见》：在建项目以申报缴费日起按剩余工期为基数一次性缴纳，工伤保险费=合同造价总额×1‰×剩余工期进度比例
差异：两地费率均为1‰，揭阳按合同总造价计、茂名按剩余工期比例折算","AI综合所有相关权威材料后，参考性解读如下，建议点击角标查看所依据的材料原文。
根据现有的检索资料，关于揭阳和茂名两地建设项目工伤保险按工程合同总造价一次性缴纳的比例及算法，核实情况如下：
关于茂名市有明确的按工程合同总造价计算的一次性缴纳比例及算法。
适用情形：该算法针对的是茂名市行政区域内的在建项目，即在办理参保缴费手续前已取得施工许可证（或按规定无需办理）且正在施工的建筑项目301。
算法与比例：工伤保险费计算金额 =合同造价总额 × 1‰ × 剩余工期进度比例301。其中，剩余工期进度比例的计算公式为：（工程竣工时间 - 申报缴费时间）÷（工程竣工时间 - 施工许可证发放时间）× 100%301。
缴费方式：按此标准一次性缴纳本项目工伤保险费301。
关于揭阳市本次检索到的资料中，未包含揭阳市针对建设项目按工程合同总造价一次性缴纳工伤保险费的具体比例或算法。
检索结果中，国家层面的文件提出，以建设项目为单位参保的，可以按照项目工程总造价的一定比例计算缴纳工伤保险费101104，但具体比例由各地区人力资源社会保障部门商住房城乡建设主管部门合理确定102105。这意味着揭阳市的具体执行标准需参照其本市政策。
目前提供的揭阳市相关文件，主要涉及以用人单位形式参保的费率浮动公示202203及历史时期按工资总额的征收比例206，并未覆盖按工程合同总造价缴纳的情形。此外，一份年代较为久远的广东省规定提到了施工企业在工程造价中列支工伤保险基金，共征集幅度在职工工资总额的0.5%至1.5%之间207，但这并非针对建设项目参保且以合同总造价为基数计算的比例，适用范围与当前问题不直接相符。
因此，无法依据现有资料对揭阳市的具体缴纳比例和算法进行确认。对于该企业咨询的揭阳部分，建议直接联系当地社保经办机构核实。揭阳市社保局的工伤保险缴费咨询电话为0663-8214187204。
结论综上，两地情况并不明确一致。茂名市对在建项目有明确的计算公式（涉及1‰比例和工期进度）301。而揭阳市在本次提供的检索文章中未见针对建设项目按工程合同总造价一次性缴费的具体比例和算法，建议咨询当地主管部门获取准确信息204。",关于茂名市建筑业工伤保险工作实施方案的补充意见 | 人力资源社会保障部 住房城乡建设部 安全监管总局 全国总工会 关于进一步做好建筑业工伤保险工作的意见 | 四部门联合发文要求进一步做好建筑业工伤保险工作 | 关于我市2022年工伤保险和失业保险费率浮动情况的公示 | 关于对我市工伤、失业保险缴费费率拟调整单位名单的公示 | 关于实施广东省社会保险费征缴办法有关问题的通知 | 广东省人民政府颁布《,0.4,答案覆盖了茂名按1‰并按剩余工期比例折算的公式，但未覆盖揭阳也按工程合同总造价1‰、开工前一次性缴纳，且错误认为揭阳无法确认，因此两地差异结论也未准确覆盖。,False,"根据检索到的参考文献，为您核实并答复如下：

### 一、 缴费比例及缴费方式

1. **揭阳市**：
   * **缴费比例**：按照建设项目工程合同总造价的 **1‰（即 0.1%）** 计算缴纳工伤保险费。
   * **缴费方式**：由施工承包单位在项目**开工之前一次性缴纳**。
2. **茂名市**：
   * **缴费比例**：基本计费比例同样为 **1‰（即 0.1%）**。
   * **缴费方式**：同样为一次性缴纳。

---

### 二、 两地算法的区别

两地在工伤保险费的计费算法上存在以下相同与不同之处：

#### 1. 相同点
对于正常的、未开工的新建项目，两地在计费的基本比例上没有区别，都是按**工程合同总造价的 1‰（0.1%）** 一次性计算缴纳工伤保险费。

#### 2. 不同点（针对“在建项目”的算法区别）
* **茂名市有专门的“在建项目”折算算法**：
  如果施工企业在办理参保缴费手续前，已经取得了施工许可证（或按规定不需要办理施工许可证）且工程已经开工处于正在施工状态（即“在建项目”），茂名市规定**以申报缴费日起按“剩余工期”为基数**一次性缴纳工伤保险费。其具体计算公式为：
  $$\text{工伤保险费计算金额} = \text{合同造价总额} \times 1\text{‰} \times \text{剩余工期进度比例}$$
  其中：
  $$\text{剩余工期进度比例} = \frac{\text{工程竣工时间} - \text{申报缴费时间}}{\text{工程竣工时间} - \text{施工许可证发放时间}} \times 100\%$$
* **揭阳市无此类折算规则**：
  揭阳市在规定中未针对在建项目提出按剩余工期折算的特殊算法，统一要求在开工前按合同总造价的 1‰ 一次性计算缴纳。",19,1.0,答案覆盖揭阳按合同总造价1‰开工前一次性缴纳、茂名在建项目按剩余工期比例折算公式，以及两地费率均为1‰但算法存在差异。,False
R2-K7-020,complex,比较两地现行政策差异时，针对住房公积金缴存职工的“月缴存基数下限”，广东省东莞市（2015年口径）与广东省湛江市（2025年口径）分别规定为多少元/月？,关于调整我市住房公积金缴存下限的通知;关于调整湛江市住房公积金缴存基数下限的通知,"关于调整我市住房公积金缴存下限的通知 | 调整住房公积金缴存基数下限 根据《关于调整我市企业职工最低工资标准的通知》（东府函〔2015〕16号）精神，2015年5月1日起我市企业职工最低工资标准调整为1510元/月，届时我市职工住房公积金缴存基数下限也从1310元/月同步调整为1510元/月
关于调整湛江市住房公积金缴存基数下限的通知 | 一、 提高住房公积金月缴存基数下限 一、从2025年3月1日起，我市职工住房公积金月缴存基数下限由不得低于1720元，调整为不得低于1850元","AI综合所有相关权威材料后，参考性解读如下，建议点击角标查看所依据的材料原文。
根据检索到的官方文件，广东省东莞市（2015年口径）与广东省湛江市（2025年口径）住房公积金的月缴存基数下限规定如下：
广东省东莞市（2015年口径）自2015年5月1日起，东莞市职工住房公积金缴存基数下限调整为1510元/月101102。该下限标准执行至2015年12月31日102。
广东省湛江市（2025年口径）自2025年3月1日起，湛江市职工住房公积金月缴存基数下限调整为不得低于1850元/月203。在2025缴存年度（2025年7月后），下限执行标准为本市的月最低工资标准1850元202。
请注意：上述两地数据所属的政策执行年份不同（分别为2015年与2025年），数值差异反映了不同时期各地最低工资标准的调整情况。",关于调整我市住房公积金缴存下限的通知 | 关于明确住房公积金缴存基数调整有关事项的通知 | 关于调整湛江市住房公积金缴存基数下限的通知 | 关于开展2025年度住房公积金缴存基数调整工作的通知,1.0,答案准确覆盖东莞2015年月缴存基数下限1510元/月，以及湛江2025年调整为不得低于1850元/月，并包含生效时间等核心信息。,False,"针对广东省东莞市（2015年口径）与广东省湛江市（2025年口径）的住房公积金职工“月缴存基数下限”规定，具体数额如下：

### 1. 广东省东莞市（2015年口径）
根据东莞市住房公积金管理中心于2015年发布的相关通知（东公积金通〔2015〕7号、14号等）：
* **2015年5月1日之前**：东莞市职工住房公积金缴存基数下限为 **1310元/月**。
* **2015年5月1日之后（含2015年度及2016年度）**：配合东莞市企业职工最低工资标准调整，职工住房公积金缴存基数下限同步调整为 **1510元/月**。

---

### 2. 广东省湛江市（2025年口径）
根据湛江市住房公积金管理中心于2025年发布的相关通知（包括2025年2月的调整通知及2025年度基数调整通知）：
* **2025年3月1日之前**：湛江市职工住房公积金月缴存基数下限为不得低于 **1720元/月**。
* **2025年3月1日之后（含整个2025年度）**：配合湛江市最低工资标准调整，月缴存基数下限调整为不得低于 **1850元/月**。该缴存基数下限标准适用于2025年3月1日起的汇缴，并在2025缴存年度（2025年7月1日至2026年6月30日）内继续执行。

---

### 总结对比
* **东莞市（2015年口径）**的职工月缴存基数下限为 **1510元/月**（2015年5月1日前为1310元/月）。
* **湛江市（2025年口径）**的职工月缴存基数下限为 **1850元/月**（2025年3月1日前为1720元/月）。",17,1.0,答案准确覆盖东莞2015年5月1日起由1310元调整为1510元/月，以及湛江2025年3月1日起由1720元调整为1850元/月的核心要点。,False
R2-K7-024,complex,有企业来咨询，在揭阳和汕头都有保障房相关业务，问揭阳市区公租房租金一平米多少钱、汕头配售型保障房面积标准多少，我们核实答复。,关于揭阳市区公共租赁住房租金标准的公告;汕头市住房和城乡建设局关于印发《汕头市配售型保障性住房管理办法（试行）》的通知,"揭阳《关于市区公共租赁住房租金标准的公告》：市区公共租赁住房租金标准为5元/月·㎡（按建筑面积计租）
汕头《配售型保障性住房管理办法(试行)》：新建项目单套建筑面积原则上不超过120平方米
差异：揭阳给公租房月租金单价(5元/㎡)，汕头给配售型面积上限(120㎡)，两者口径不同（租金 vs 面积）","AI综合所有相关权威材料后，参考性解读如下，建议点击角标查看所依据的材料原文。
好的，我们已收到贵企业的咨询。根据您提供的官方文件，现就揭阳市区公租房租金标准和汕头市配售型保障性住房面积标准答复如下：
一、 揭阳市区公租房租金标准
根据揭阳市住房和城乡建设局于2017年9月29日发布的《关于揭阳市区公共租赁住房租金标准的公告》，揭阳市区公共租赁住房的租金标准为5元/月·㎡201。该价格按建筑面积计租201。
⚠️ 重要提示：该租金标准发布于2017年，距今已近9年。建议在办理具体业务时，向揭阳市住房和城乡建设局等部门核实此标准是否已进行过更新调整，以确保业务办理的准确性。
二、 汕头市配售型保障性住房面积标准
根据汕头市住房和城乡建设局于2025年8月22日发布的《汕头市配售型保障性住房管理办法（试行）》，关于配售型保障性住房的面积标准规定如下：
面积上限：新建的配售型保障性住房项目，单套住房的建筑面积原则上不超过120平方米101。
该标准是目前汕头市对新建配售型保障房面积的明确规定101。文件中未提及对不同家庭人口结构是否有不同的面积细分标准。另外，汕头市本级住房保障租赁补贴办法中提到了租赁补贴的人均住房保障面积标准为15平方米，但此标准适用于租赁补贴，与配售型保障房的面积标准属于不同范畴102。
希望以上答复能帮助贵企业准确掌握相关政策。如需了解更多细节，建议查阅相关政策的原文。",关于揭阳市区公共租赁住房租金标准的公告 | 汕头市住房和城乡建设局关于印发《汕头市配售型保障性住房管理办法（试行）》的通知 | 汕头市住房和城乡建设局关于印发《汕头市住房和城乡建设局市本级住房保障租赁补贴发放办法》的通知,1.0,答案覆盖揭阳市区公租房租金5元/月·㎡且按建筑面积计租，覆盖汕头配售型保障房新建项目单套建筑面积原则上不超过120平方米，并区分了租金标准与面积标准的不同口径。,False,"根据您提供的咨询，结合检索到的参考文献，现为您核实答复如下：

1. **揭阳市区公租房租金标准**：
   * 揭阳市区公共租赁住房的租金标准为 **5元/月·㎡**（按建筑面积计租）。

2. **汕头配售型保障房面积标准**：
   * 新建的配售型保障性住房项目，单套住房建筑面积原则上**不超过120平方米**。",2,1.0,答案准确覆盖揭阳市区公租房租金5元/月·㎡及汕头配售型保障房单套建筑面积原则上不超过120平方米，虽未明说口径差异但分项表述已体现租金与面积不同。,False
R2-K7-028,complex,比较两地现行政策差异时，针对单人缴存住房公积金的贷款申请人的“最高贷款额度”，广东省东莞市（2015年口径）与广东省湛江市（2025年口径）分别规定为多少万元？,关于调整我市住房公积金最高贷款额度的通知;湛江市住房公积金管理委员会关于提高住房公积金个人住房最高贷款额度的通知,"关于调整我市住房公积金最高贷款额度的通知 | 调高住房公积金最高贷款额度 具体调整情况如下： 职工个人缴存公积金的，最高贷款额度由46万元调高至48万元，夫妻双方缴存公积金的，最高贷款额度由66万元调高至70万元
湛江市住房公积金管理委员会关于提高住房公积金个人住房最高贷款额度的通知 | 一、 单方及双方最高贷款额度 一、单方缴存住房公积金，每户最高贷款额度为70万元","AI综合所有相关权威材料后，参考性解读如下，建议点击角标查看所依据的材料原文。
好的，根据您的要求，对比广东省东莞市（2015年口径）与湛江市（2025年口径）单人缴存住房公积金的最高贷款额度，具体规定如下：
广东省东莞市（2015年口径）
根据2015年发布的政策，东莞市个人缴存职工的最高贷款额度最终调整至50万元101。
政策演变说明：东莞市在2015年对贷款额度进行了两次调整。首次调整是从2015年1月26日起，个人最高额度从46万元调高至48万元102。第二次调整是在2015年6月10日，再将个人最高额度从48万元提高至50万元101。因此，在2015年口径下的最终规定是50万元。
广东省湛江市（2025年口径）
根据2025年7月5日发布的最新政策，湛江市单方缴存住房公积金的申请人，每户最高贷款额度为70万元201。
对比总结
对比项广东省东莞市 (2015年口径)广东省湛江市 (2025年口径)单人最高贷款额度50万元10170万元201政策依据《关于调整我市住房公积金贷款首付款比例等政策的通知》（2015年6月10日）《湛江市住房公积金管理委员会关于提高住房公积金个人住房最高贷款额度的通知》（2025年7月5日）简要说明：上述东莞市的规定是基于其2015年政策口径的最终版本，湛江市的规定是基于其2025年最新的政策口径。两地额度均为政策规定的上限，实际可贷额度还可能与缴存余额、缴存年限等因素挂钩，具体计算方式需遵循当地当时的详细规定201。",关于调整我市住房公积金贷款首付款比例等政策的通知 | 关于调整我市住房公积金最高贷款额度的通知 | 湛江市住房公积金管理委员会关于提高住房公积金个人住房最高贷款额度的通知,0.5,湛江2025单方最高70万元正确，但东莞2015参考要点为个人由46万元调至48万元，答案写成50万元，关键数值错误。,False,"广东省东莞市（2015年口径）与广东省湛江市（2025年口径）针对单人缴存住房公积金的贷款申请人的“最高贷款额度”分别规定如下：

### 1. 广东省东莞市（2015年口径）
东莞市在2015年期间曾**两次**调整了住房公积金最高贷款额度：
* **2015年1月26日前的规定：** 职工个人缴存公积金的，最高贷款额度为 **46万元**。
* **2015年1月26日起（第一次调整）：** 职工个人缴存公积金的最高贷款额度由46万元调高至 **48万元**。
* **2015年6月10日起（第二次调整）：** 个人缴存职工的最高贷款额度由48万元进一步调高至 **50万元**。

*因此，东莞市2015年口径下，单人最高贷款额度依具体执行时间为 **48万元** 或 **50万元**（2015年下半年现行标准）。*

---

### 2. 广东省湛江市（2025年口径）
根据湛江市2025年发布的最新政策：
* **2025年7月5日起实施**的《湛江市住房公积金管理委员会关于提高住房公积金个人住房最高贷款额度的通知》（湛公积金委〔2025〕1号）规定：
  * 单方（单人）缴存住房公积金，每户最高贷款额度为 **70万元**。

*因此，湛江市2025年口径下，单人最高贷款额度规定为 **70万元**。*",7,1.0,答案覆盖了核心信息：湛江单方最高贷款额度为70万元，东莞2015年口径也给出了单人最高贷款额度的调整结果，包含参考要点中的48万元。虽然东莞部分补充了后续调整到50万元的时间口径，但不影响对主要要点的覆盖。,False
R2-K7-031,complex,比较两地现行政策差异时，针对城乡居民基本医疗保险参保人的“普通门诊年度累计支付限额”，广东省梅州市（2015年口径）与广东省汕头市（2020年口径）分别规定为多少元/人年？,关于调整梅州市城乡居民基本医疗保险有关政策的通知;汕头市医疗保障局关于做好2020年度基本医疗保障工作有关问题的通知,"关于调整梅州市城乡居民基本医疗保险有关政策的通知 | 调整住院报销和门诊统筹标准 城乡居民基本医疗保险普通门诊统筹每人每日每次最高支付限额调整为30元，年度累计最高支付限额调整为150元
汕头市医疗保障局关于做好2020年度基本医疗保障工作有关问题的通知 | 二、 完善普通门诊统筹制度 城乡居民医保参保人（含困难群体）普通门诊统筹全年支付限额调整提高至每人每年180元，年度中途参保的不享受普通门诊统筹待遇","AI综合所有相关权威材料后，参考性解读如下，建议点击角标查看所依据的材料原文。
好的，根据您提供的检索内容，以下是广东省梅州市（2015年口径）与广东省汕头市（2020年口径）城乡居民基本医疗保险参保人普通门诊年度累计支付限额的对比。
汕头市（2020年口径）城乡居民医保参保人（含困难群体）普通门诊统筹全年支付限额为每人每年180元101。该政策依据《汕头市医疗保障局关于做好2020年度基本医疗保障工作有关问题的通知》，发布日期为2020年01月01日101。
梅州市（2015年口径）城乡居民基本医疗保险普通门诊统筹年度累计最高支付限额为每人每年150元201。该政策依据《关于调整梅州市城乡居民基本医疗保险有关政策的通知》，发布日期为2015年07月01日201。
对比小结： 在各自的政策口径下，汕头市（2020年）的支付限额（180元/人年）高于梅州市（2015年）的支付限额（150元/人年）。",汕头市医疗保障局关于做好2020年度基本医疗保障工作有关问题的通知 | 关于调整梅州市城乡居民基本医疗保险有关政策的通知,1.0,答案明确给出梅州市2015年口径为150元/人年、汕头市2020年口径为180元/人年，覆盖参考要点核心内容。,False,"根据相关政策文件规定，两地针对城乡居民基本医疗保险参保人的“普通门诊年度累计最高支付限额（全年支付限额）”规定如下：

1. **广东省梅州市（2015年口径）**：
   根据梅州市人力资源和社会保障局于2015年6月印发的《关于调整梅州市城乡居民基本医疗保险有关政策的通知》（自2015年7月1日起执行），城乡居民基本医疗保险普通门诊统筹的**年度累计最高支付限额调整为 150 元/人年**（同时每人每日每次最高支付限额调整为30元）。

2. **广东省汕头市（2020年口径）**：
   根据汕头市医疗保障局于2019年9月印发的《关于做好2020年度基本医疗保障工作有关问题的通知》（汕医保〔2019〕52号，自2020年1月1日起实施），城乡居民医保参保人（含困难群体）的普通门诊统筹**全年支付限额调整提高至每人每年 180 元**。

**总结对比：**
* 梅州市（2015年口径）规定为：**150元/人年**；
* 汕头市（2020年口径）规定为：**180元/人年**。",4,1.0,答案准确给出梅州150元/人年、汕头180元/人年，并明确对应口径，覆盖参考要点。,False
